nohup: ignoring input
Device: cuda
Loading note model from /workspace/scripts/../models/pretrained/CRNN_note_F1=0.9677_pedal_F1=0.9186.pth
Building datasets...
Train segments: 57200, Val segments: 7342
Starting training (max_steps=70000, starting_step=0)
[step 10/70000] loss=0.8174 lr=1.0e-05 (0.90s/step, ~17h29m left)
[step 20/70000] loss=0.7570 lr=1.0e-05 (0.83s/step, ~16h07m left)
[step 30/70000] loss=0.7397 lr=1.0e-05 (0.81s/step, ~15h49m left)
[step 40/70000] loss=0.6951 lr=1.0e-05 (0.82s/step, ~15h54m left)
[step 50/70000] loss=0.7007 lr=1.0e-05 (0.82s/step, ~15h50m left)
[step 60/70000] loss=0.6658 lr=1.0e-05 (0.82s/step, ~15h50m left)
[step 70/70000] loss=0.6904 lr=1.0e-05 (0.81s/step, ~15h48m left)
[step 80/70000] loss=0.6593 lr=1.0e-05 (0.82s/step, ~15h51m left)
[step 90/70000] loss=0.6290 lr=1.0e-05 (0.82s/step, ~15h52m left)
[step 100/70000] loss=0.6321 lr=1.0e-05 (0.82s/step, ~15h51m left)
[step 110/70000] loss=0.6412 lr=1.0e-05 (0.82s/step, ~15h49m left)
[step 120/70000] loss=0.6721 lr=1.0e-05 (0.81s/step, ~15h46m left)
[step 130/70000] loss=0.6444 lr=1.0e-05 (0.81s/step, ~15h45m left)
[step 140/70000] loss=0.6346 lr=1.0e-05 (0.82s/step, ~15h51m left)
[step 150/70000] loss=0.6320 lr=1.0e-05 (0.81s/step, ~15h47m left)
[step 160/70000] loss=0.6133 lr=1.0e-05 (0.81s/step, ~15h48m left)
[step 170/70000] loss=0.6256 lr=1.0e-05 (0.82s/step, ~15h51m left)
[step 180/70000] loss=0.6639 lr=1.0e-05 (0.81s/step, ~15h48m left)
[step 190/70000] loss=0.6158 lr=1.0e-05 (0.81s/step, ~15h46m left)
[step 200/70000] loss=0.6596 lr=1.0e-05 (0.81s/step, ~15h46m left)
[step 210/70000] loss=0.6349 lr=1.0e-05 (0.82s/step, ~15h50m left)
[step 220/70000] loss=0.6182 lr=1.0e-05 (0.81s/step, ~15h47m left)
[step 230/70000] loss=0.6402 lr=1.0e-05 (0.81s/step, ~15h46m left)
[step 240/70000] loss=0.5979 lr=1.0e-05 (0.82s/step, ~15h49m left)
[step 250/70000] loss=0.6477 lr=1.0e-05 (0.82s/step, ~15h48m left)
[step 260/70000] loss=0.6083 lr=1.0e-05 (0.81s/step, ~15h45m left)
[step 270/70000] loss=0.6245 lr=1.0e-05 (0.81s/step, ~15h45m left)
[step 280/70000] loss=0.6162 lr=1.0e-05 (0.81s/step, ~15h46m left)
[step 290/70000] loss=0.6079 lr=1.0e-05 (0.82s/step, ~15h47m left)
[step 300/70000] loss=0.6153 lr=1.0e-05 (0.82s/step, ~15h46m left)
[step 310/70000] loss=0.6199 lr=1.0e-05 (0.81s/step, ~15h44m left)
[step 320/70000] loss=0.6078 lr=1.0e-05 (0.81s/step, ~15h45m left)
[step 330/70000] loss=0.6131 lr=1.0e-05 (0.82s/step, ~15h48m left)
[step 340/70000] loss=0.6193 lr=1.0e-05 (0.81s/step, ~15h45m left)
[step 350/70000] loss=0.6131 lr=1.0e-05 (0.82s/step, ~15h46m left)
[step 360/70000] loss=0.6255 lr=1.0e-05 (0.81s/step, ~15h42m left)
[step 370/70000] loss=0.6411 lr=1.0e-05 (0.82s/step, ~15h46m left)
[step 380/70000] loss=0.6025 lr=1.0e-05 (0.81s/step, ~15h42m left)
[step 390/70000] loss=0.6146 lr=1.0e-05 (0.81s/step, ~15h40m left)
[step 400/70000] loss=0.6316 lr=1.0e-05 (0.81s/step, ~15h44m left)
[step 410/70000] loss=0.6086 lr=1.0e-05 (0.81s/step, ~15h43m left)
[step 420/70000] loss=0.6209 lr=1.0e-05 (0.81s/step, ~15h41m left)
[step 430/70000] loss=0.6189 lr=1.0e-05 (0.81s/step, ~15h40m left)
[step 440/70000] loss=0.6014 lr=1.0e-05 (0.82s/step, ~15h48m left)
[step 450/70000] loss=0.5979 lr=1.0e-05 (0.82s/step, ~15h50m left)
[step 460/70000] loss=0.6055 lr=1.0e-05 (0.82s/step, ~15h45m left)
[step 470/70000] loss=0.6170 lr=1.0e-05 (0.81s/step, ~15h41m left)
[step 480/70000] loss=0.6105 lr=1.0e-05 (0.82s/step, ~15h47m left)
[step 490/70000] loss=0.6028 lr=1.0e-05 (0.81s/step, ~15h42m left)
[step 500/70000] loss=0.6140 lr=1.0e-05 (0.81s/step, ~15h40m left)
[step 510/70000] loss=0.6156 lr=1.0e-05 (0.81s/step, ~15h40m left)
[step 520/70000] loss=0.6048 lr=1.0e-05 (0.82s/step, ~15h44m left)
[step 530/70000] loss=0.6133 lr=1.0e-05 (0.81s/step, ~15h43m left)
[step 540/70000] loss=0.6068 lr=1.0e-05 (0.81s/step, ~15h43m left)
[step 550/70000] loss=0.5941 lr=1.0e-05 (0.82s/step, ~15h45m left)
[step 560/70000] loss=0.6123 lr=1.0e-05 (0.82s/step, ~15h48m left)
[step 570/70000] loss=0.5933 lr=1.0e-05 (0.82s/step, ~15h49m left)
[step 580/70000] loss=0.6023 lr=1.0e-05 (0.82s/step, ~15h47m left)
[step 590/70000] loss=0.6257 lr=1.0e-05 (0.82s/step, ~15h49m left)
[step 600/70000] loss=0.5918 lr=1.0e-05 (0.82s/step, ~15h47m left)
[step 610/70000] loss=0.5990 lr=1.0e-05 (0.82s/step, ~15h47m left)
[step 620/70000] loss=0.6036 lr=1.0e-05 (0.82s/step, ~15h49m left)
[step 630/70000] loss=0.6106 lr=1.0e-05 (0.83s/step, ~15h54m left)
[step 640/70000] loss=0.6194 lr=1.0e-05 (0.82s/step, ~15h51m left)
[step 650/70000] loss=0.6126 lr=1.0e-05 (0.82s/step, ~15h51m left)
[step 660/70000] loss=0.6009 lr=1.0e-05 (0.82s/step, ~15h47m left)
[step 670/70000] loss=0.6197 lr=1.0e-05 (0.82s/step, ~15h49m left)
[step 680/70000] loss=0.5971 lr=1.0e-05 (0.82s/step, ~15h45m left)
[step 690/70000] loss=0.6037 lr=1.0e-05 (0.82s/step, ~15h46m left)
[step 700/70000] loss=0.5899 lr=1.0e-05 (0.82s/step, ~15h44m left)
[step 710/70000] loss=0.5970 lr=1.0e-05 (0.82s/step, ~15h44m left)
[step 720/70000] loss=0.6007 lr=1.0e-05 (0.81s/step, ~15h40m left)
[step 730/70000] loss=0.6028 lr=1.0e-05 (0.82s/step, ~15h40m left)
[step 740/70000] loss=0.6039 lr=1.0e-05 (0.82s/step, ~15h41m left)
[step 750/70000] loss=0.6247 lr=1.0e-05 (0.82s/step, ~15h41m left)
[step 760/70000] loss=0.5972 lr=1.0e-05 (0.82s/step, ~15h43m left)
[step 770/70000] loss=0.6267 lr=1.0e-05 (0.82s/step, ~15h47m left)
[step 780/70000] loss=0.6036 lr=1.0e-05 (0.82s/step, ~15h46m left)
[step 790/70000] loss=0.6012 lr=1.0e-05 (0.82s/step, ~15h48m left)
[step 800/70000] loss=0.5955 lr=1.0e-05 (0.82s/step, ~15h45m left)
[step 810/70000] loss=0.5914 lr=1.0e-05 (0.82s/step, ~15h45m left)
[step 820/70000] loss=0.6057 lr=1.0e-05 (0.82s/step, ~15h41m left)
[step 830/70000] loss=0.6119 lr=1.0e-05 (0.81s/step, ~15h38m left)
[step 840/70000] loss=0.5873 lr=1.0e-05 (0.82s/step, ~15h39m left)
[step 850/70000] loss=0.6115 lr=1.0e-05 (0.81s/step, ~15h38m left)
[step 860/70000] loss=0.6274 lr=1.0e-05 (0.82s/step, ~15h44m left)
[step 870/70000] loss=0.6041 lr=1.0e-05 (0.81s/step, ~15h38m left)
[step 880/70000] loss=0.5945 lr=1.0e-05 (0.82s/step, ~15h44m left)
[step 890/70000] loss=0.6128 lr=1.0e-05 (0.82s/step, ~15h39m left)
[step 900/70000] loss=0.5907 lr=1.0e-05 (0.82s/step, ~15h41m left)
[step 910/70000] loss=0.6120 lr=1.0e-05 (0.82s/step, ~15h40m left)
[step 920/70000] loss=0.6034 lr=1.0e-05 (0.82s/step, ~15h42m left)
[step 930/70000] loss=0.6155 lr=1.0e-05 (0.82s/step, ~15h40m left)
[step 940/70000] loss=0.6047 lr=1.0e-05 (0.82s/step, ~15h44m left)
[step 950/70000] loss=0.5947 lr=1.0e-05 (0.82s/step, ~15h39m left)
[step 960/70000] loss=0.6003 lr=1.0e-05 (0.82s/step, ~15h39m left)
[step 970/70000] loss=0.5886 lr=1.0e-05 (0.81s/step, ~15h35m left)
[step 980/70000] loss=0.5943 lr=1.0e-05 (0.82s/step, ~15h45m left)
[step 990/70000] loss=0.5926 lr=1.0e-05 (0.81s/step, ~15h36m left)
[step 1000/70000] loss=0.5932 lr=1.0e-05 (0.81s/step, ~15h36m left)
[step 1010/70000] loss=0.6033 lr=1.0e-05 (0.82s/step, ~15h43m left)
[step 1020/70000] loss=0.5858 lr=1.0e-05 (0.83s/step, ~15h49m left)
[step 1030/70000] loss=0.5989 lr=1.0e-05 (0.83s/step, ~15h54m left)
[step 1040/70000] loss=0.5877 lr=1.0e-05 (0.83s/step, ~15h54m left)
[step 1050/70000] loss=0.5898 lr=1.0e-05 (0.83s/step, ~15h57m left)
[step 1060/70000] loss=0.6001 lr=1.0e-05 (0.83s/step, ~15h54m left)
[step 1070/70000] loss=0.5908 lr=1.0e-05 (0.82s/step, ~15h46m left)
[step 1080/70000] loss=0.5956 lr=1.0e-05 (0.83s/step, ~15h49m left)
[step 1090/70000] loss=0.5930 lr=1.0e-05 (0.81s/step, ~15h32m left)
[step 1100/70000] loss=0.5949 lr=1.0e-05 (0.81s/step, ~15h32m left)
[step 1110/70000] loss=0.5793 lr=1.0e-05 (0.81s/step, ~15h34m left)
[step 1120/70000] loss=0.5950 lr=1.0e-05 (0.81s/step, ~15h34m left)
[step 1130/70000] loss=0.5809 lr=1.0e-05 (0.82s/step, ~15h38m left)
[step 1140/70000] loss=0.6266 lr=1.0e-05 (0.81s/step, ~15h33m left)
[step 1150/70000] loss=0.5935 lr=1.0e-05 (0.82s/step, ~15h38m left)
[step 1160/70000] loss=0.5848 lr=1.0e-05 (0.82s/step, ~15h37m left)
[step 1170/70000] loss=0.6164 lr=1.0e-05 (0.82s/step, ~15h41m left)
[step 1180/70000] loss=0.6046 lr=1.0e-05 (0.82s/step, ~15h39m left)
[step 1190/70000] loss=0.6010 lr=1.0e-05 (0.82s/step, ~15h36m left)
[step 1200/70000] loss=0.5901 lr=1.0e-05 (0.81s/step, ~15h32m left)
[step 1210/70000] loss=0.5738 lr=1.0e-05 (0.81s/step, ~15h32m left)
[step 1220/70000] loss=0.5951 lr=1.0e-05 (0.82s/step, ~15h34m left)
[step 1230/70000] loss=0.5948 lr=1.0e-05 (0.81s/step, ~15h33m left)
[step 1240/70000] loss=0.5854 lr=1.0e-05 (0.82s/step, ~15h34m left)
[step 1250/70000] loss=0.5947 lr=1.0e-05 (0.81s/step, ~15h30m left)
[step 1260/70000] loss=0.6037 lr=1.0e-05 (0.82s/step, ~15h34m left)
[step 1270/70000] loss=0.6243 lr=1.0e-05 (0.81s/step, ~15h32m left)
[step 1280/70000] loss=0.6011 lr=1.0e-05 (0.82s/step, ~15h40m left)
[step 1290/70000] loss=0.5831 lr=1.0e-05 (0.82s/step, ~15h35m left)
[step 1300/70000] loss=0.6108 lr=1.0e-05 (0.82s/step, ~15h34m left)
[step 1310/70000] loss=0.6104 lr=1.0e-05 (0.82s/step, ~15h33m left)
[step 1320/70000] loss=0.6198 lr=1.0e-05 (0.82s/step, ~15h37m left)
[step 1330/70000] loss=0.6078 lr=1.0e-05 (0.81s/step, ~15h30m left)
[step 1340/70000] loss=0.5898 lr=1.0e-05 (0.81s/step, ~15h31m left)
[step 1350/70000] loss=0.6142 lr=1.0e-05 (0.81s/step, ~15h32m left)
[step 1360/70000] loss=0.6058 lr=1.0e-05 (0.82s/step, ~15h34m left)
[step 1370/70000] loss=0.6125 lr=1.0e-05 (0.81s/step, ~15h31m left)
[step 1380/70000] loss=0.5944 lr=1.0e-05 (0.81s/step, ~15h29m left)
[step 1390/70000] loss=0.5804 lr=1.0e-05 (0.82s/step, ~15h33m left)
[step 1400/70000] loss=0.5945 lr=1.0e-05 (0.82s/step, ~15h35m left)
[step 1410/70000] loss=0.6196 lr=1.0e-05 (0.81s/step, ~15h29m left)
[step 1420/70000] loss=0.5996 lr=1.0e-05 (0.81s/step, ~15h31m left)
[step 1430/70000] loss=0.5864 lr=1.0e-05 (0.82s/step, ~15h32m left)
[step 1440/70000] loss=0.5819 lr=1.0e-05 (0.81s/step, ~15h28m left)
[step 1450/70000] loss=0.5963 lr=1.0e-05 (0.81s/step, ~15h28m left)
[step 1460/70000] loss=0.5947 lr=1.0e-05 (0.81s/step, ~15h26m left)
[step 1470/70000] loss=0.6093 lr=1.0e-05 (0.82s/step, ~15h33m left)
[step 1480/70000] loss=0.6249 lr=1.0e-05 (0.82s/step, ~15h31m left)
[step 1490/70000] loss=0.5872 lr=1.0e-05 (0.81s/step, ~15h29m left)
[step 1500/70000] loss=0.5844 lr=1.0e-05 (0.81s/step, ~15h28m left)
[step 1510/70000] loss=0.5858 lr=1.0e-05 (0.81s/step, ~15h29m left)
[step 1520/70000] loss=0.5944 lr=1.0e-05 (0.81s/step, ~15h27m left)
[step 1530/70000] loss=0.6133 lr=1.0e-05 (0.82s/step, ~15h32m left)
[step 1540/70000] loss=0.6134 lr=1.0e-05 (0.81s/step, ~15h29m left)
[step 1550/70000] loss=0.5903 lr=1.0e-05 (0.82s/step, ~15h39m left)
[step 1560/70000] loss=0.6194 lr=1.0e-05 (0.81s/step, ~15h28m left)
[step 1570/70000] loss=0.5997 lr=1.0e-05 (0.81s/step, ~15h28m left)
[step 1580/70000] loss=0.5891 lr=1.0e-05 (0.81s/step, ~15h27m left)
[step 1590/70000] loss=0.6096 lr=1.0e-05 (0.81s/step, ~15h28m left)
[step 1600/70000] loss=0.5757 lr=1.0e-05 (0.81s/step, ~15h26m left)
[step 1610/70000] loss=0.6011 lr=1.0e-05 (0.82s/step, ~15h29m left)
[step 1620/70000] loss=0.5967 lr=1.0e-05 (0.82s/step, ~15h30m left)
[step 1630/70000] loss=0.5941 lr=1.0e-05 (0.82s/step, ~15h31m left)
[step 1640/70000] loss=0.6020 lr=1.0e-05 (0.82s/step, ~15h29m left)
[step 1650/70000] loss=0.5810 lr=1.0e-05 (0.81s/step, ~15h25m left)
[step 1660/70000] loss=0.5888 lr=1.0e-05 (0.81s/step, ~15h23m left)
[step 1670/70000] loss=0.6007 lr=1.0e-05 (0.81s/step, ~15h26m left)
[step 1680/70000] loss=0.5999 lr=1.0e-05 (0.82s/step, ~15h28m left)
[step 1690/70000] loss=0.5853 lr=1.0e-05 (0.82s/step, ~15h33m left)
[step 1700/70000] loss=0.5871 lr=1.0e-05 (0.82s/step, ~15h30m left)
[step 1710/70000] loss=0.5993 lr=1.0e-05 (0.82s/step, ~15h30m left)
[step 1720/70000] loss=0.5869 lr=1.0e-05 (0.81s/step, ~15h26m left)
[step 1730/70000] loss=0.5923 lr=1.0e-05 (0.82s/step, ~15h27m left)
[step 1740/70000] loss=0.5789 lr=1.0e-05 (0.82s/step, ~15h35m left)
[step 1750/70000] loss=0.5840 lr=1.0e-05 (0.82s/step, ~15h28m left)
[step 1760/70000] loss=0.6126 lr=1.0e-05 (0.81s/step, ~15h23m left)
[step 1770/70000] loss=0.5919 lr=1.0e-05 (0.81s/step, ~15h19m left)
[step 1780/70000] loss=0.5966 lr=1.0e-05 (0.81s/step, ~15h21m left)
[step 1790/70000] loss=0.5829 lr=1.0e-05 (0.81s/step, ~15h21m left)
[step 1800/70000] loss=0.5952 lr=1.0e-05 (0.81s/step, ~15h26m left)
[step 1810/70000] loss=0.5872 lr=1.0e-05 (0.81s/step, ~15h25m left)
[step 1820/70000] loss=0.5882 lr=1.0e-05 (0.81s/step, ~15h24m left)
[step 1830/70000] loss=0.5988 lr=1.0e-05 (0.81s/step, ~15h23m left)
[step 1840/70000] loss=0.6211 lr=1.0e-05 (0.81s/step, ~15h25m left)
[step 1850/70000] loss=0.5896 lr=1.0e-05 (0.82s/step, ~15h27m left)
[step 1860/70000] loss=0.5891 lr=1.0e-05 (0.82s/step, ~15h27m left)
[step 1870/70000] loss=0.5872 lr=1.0e-05 (0.81s/step, ~15h21m left)
[step 1880/70000] loss=0.5856 lr=1.0e-05 (0.81s/step, ~15h17m left)
[step 1890/70000] loss=0.6106 lr=1.0e-05 (0.81s/step, ~15h18m left)
[step 1900/70000] loss=0.5927 lr=1.0e-05 (0.81s/step, ~15h20m left)
[step 1910/70000] loss=0.5826 lr=1.0e-05 (0.81s/step, ~15h18m left)
[step 1920/70000] loss=0.5781 lr=1.0e-05 (0.81s/step, ~15h23m left)
[step 1930/70000] loss=0.6074 lr=1.0e-05 (0.82s/step, ~15h26m left)
[step 1940/70000] loss=0.5725 lr=1.0e-05 (0.82s/step, ~15h25m left)
[step 1950/70000] loss=0.5892 lr=1.0e-05 (0.81s/step, ~15h17m left)
[step 1960/70000] loss=0.5849 lr=1.0e-05 (0.81s/step, ~15h17m left)
[step 1970/70000] loss=0.5960 lr=1.0e-05 (0.81s/step, ~15h20m left)
[step 1980/70000] loss=0.5928 lr=1.0e-05 (0.81s/step, ~15h22m left)
[step 1990/70000] loss=0.6044 lr=1.0e-05 (0.81s/step, ~15h21m left)
[step 2000/70000] loss=0.5943 lr=1.0e-05 (0.81s/step, ~15h23m left)
[step 2010/70000] loss=0.5975 lr=1.0e-05 (0.82s/step, ~15h27m left)
[step 2020/70000] loss=0.5789 lr=1.0e-05 (0.82s/step, ~15h23m left)
[step 2030/70000] loss=0.5876 lr=1.0e-05 (0.82s/step, ~15h24m left)
[step 2040/70000] loss=0.6009 lr=1.0e-05 (0.81s/step, ~15h21m left)
[step 2050/70000] loss=0.5934 lr=1.0e-05 (0.81s/step, ~15h22m left)
[step 2060/70000] loss=0.6025 lr=1.0e-05 (0.81s/step, ~15h20m left)
[step 2070/70000] loss=0.6013 lr=1.0e-05 (0.82s/step, ~15h30m left)
[step 2080/70000] loss=0.6107 lr=1.0e-05 (0.82s/step, ~15h27m left)
[step 2090/70000] loss=0.5804 lr=1.0e-05 (0.82s/step, ~15h25m left)
[step 2100/70000] loss=0.6058 lr=1.0e-05 (0.82s/step, ~15h24m left)
[step 2110/70000] loss=0.5825 lr=1.0e-05 (0.82s/step, ~15h23m left)
[step 2120/70000] loss=0.5710 lr=1.0e-05 (0.82s/step, ~15h26m left)
[step 2130/70000] loss=0.5976 lr=1.0e-05 (0.82s/step, ~15h22m left)
[step 2140/70000] loss=0.6024 lr=1.0e-05 (0.82s/step, ~15h23m left)
[step 2150/70000] loss=0.5897 lr=1.0e-05 (0.81s/step, ~15h19m left)
[step 2160/70000] loss=0.6034 lr=1.0e-05 (0.81s/step, ~15h20m left)
[step 2170/70000] loss=0.6030 lr=1.0e-05 (0.82s/step, ~15h24m left)
[step 2180/70000] loss=0.5938 lr=1.0e-05 (0.82s/step, ~15h24m left)
[step 2190/70000] loss=0.5845 lr=1.0e-05 (0.81s/step, ~15h17m left)
[step 2200/70000] loss=0.5999 lr=1.0e-05 (0.81s/step, ~15h18m left)
[step 2210/70000] loss=0.6077 lr=1.0e-05 (0.82s/step, ~15h21m left)
[step 2220/70000] loss=0.5971 lr=1.0e-05 (0.81s/step, ~15h18m left)
[step 2230/70000] loss=0.5970 lr=1.0e-05 (0.81s/step, ~15h18m left)
[step 2240/70000] loss=0.5991 lr=1.0e-05 (0.82s/step, ~15h22m left)
[step 2250/70000] loss=0.5990 lr=1.0e-05 (0.82s/step, ~15h26m left)
[step 2260/70000] loss=0.5753 lr=1.0e-05 (0.82s/step, ~15h27m left)
[step 2270/70000] loss=0.5982 lr=1.0e-05 (0.82s/step, ~15h25m left)
[step 2280/70000] loss=0.5878 lr=1.0e-05 (0.82s/step, ~15h27m left)
[step 2290/70000] loss=0.5975 lr=1.0e-05 (0.82s/step, ~15h25m left)
[step 2300/70000] loss=0.5926 lr=1.0e-05 (0.82s/step, ~15h21m left)
[step 2310/70000] loss=0.5927 lr=1.0e-05 (0.82s/step, ~15h25m left)
[step 2320/70000] loss=0.5805 lr=1.0e-05 (0.82s/step, ~15h28m left)
[step 2330/70000] loss=0.5829 lr=1.0e-05 (0.81s/step, ~15h17m left)
[step 2340/70000] loss=0.5751 lr=1.0e-05 (0.81s/step, ~15h17m left)
[step 2350/70000] loss=0.5896 lr=1.0e-05 (0.81s/step, ~15h18m left)
[step 2360/70000] loss=0.5682 lr=1.0e-05 (0.81s/step, ~15h17m left)
[step 2370/70000] loss=0.5787 lr=1.0e-05 (0.81s/step, ~15h12m left)
[step 2380/70000] loss=0.5836 lr=1.0e-05 (0.81s/step, ~15h17m left)
[step 2390/70000] loss=0.6312 lr=1.0e-05 (0.81s/step, ~15h17m left)
[step 2400/70000] loss=0.6075 lr=1.0e-05 (0.81s/step, ~15h17m left)
[step 2410/70000] loss=0.6134 lr=1.0e-05 (0.81s/step, ~15h16m left)
[step 2420/70000] loss=0.5832 lr=1.0e-05 (0.81s/step, ~15h15m left)
[step 2430/70000] loss=0.5880 lr=1.0e-05 (0.82s/step, ~15h19m left)
[step 2440/70000] loss=0.6032 lr=1.0e-05 (0.82s/step, ~15h22m left)
[step 2450/70000] loss=0.5750 lr=1.0e-05 (0.82s/step, ~15h17m left)
[step 2460/70000] loss=0.5995 lr=1.0e-05 (0.81s/step, ~15h16m left)
[step 2470/70000] loss=0.5925 lr=1.0e-05 (0.82s/step, ~15h20m left)
[step 2480/70000] loss=0.6048 lr=1.0e-05 (0.82s/step, ~15h21m left)
[step 2490/70000] loss=0.5884 lr=1.0e-05 (0.82s/step, ~15h22m left)
[step 2500/70000] loss=0.5956 lr=1.0e-05 (0.82s/step, ~15h22m left)
[eval @ step 2500] val_loss=0.5609 train_loss=0.5961
[saved] runs/finetune_001/step_0002500.pth
[step 2510/70000] loss=0.5793 lr=1.0e-05 (0.82s/step, ~15h20m left)
[step 2520/70000] loss=0.5894 lr=1.0e-05 (0.81s/step, ~15h15m left)
[step 2530/70000] loss=0.5812 lr=1.0e-05 (0.81s/step, ~15h15m left)
[step 2540/70000] loss=0.5849 lr=1.0e-05 (0.82s/step, ~15h18m left)
[step 2550/70000] loss=0.5856 lr=1.0e-05 (0.81s/step, ~15h15m left)
[step 2560/70000] loss=0.5814 lr=1.0e-05 (0.82s/step, ~15h16m left)
[step 2570/70000] loss=0.5989 lr=1.0e-05 (0.82s/step, ~15h18m left)
[step 2580/70000] loss=0.5781 lr=1.0e-05 (0.82s/step, ~15h21m left)
[step 2590/70000] loss=0.5697 lr=1.0e-05 (0.82s/step, ~15h18m left)
[step 2600/70000] loss=0.5865 lr=1.0e-05 (0.82s/step, ~15h20m left)
[step 2610/70000] loss=0.5835 lr=1.0e-05 (0.82s/step, ~15h16m left)
[step 2620/70000] loss=0.6003 lr=1.0e-05 (0.82s/step, ~15h19m left)
[step 2630/70000] loss=0.5804 lr=1.0e-05 (0.81s/step, ~15h14m left)
[step 2640/70000] loss=0.6289 lr=1.0e-05 (0.81s/step, ~15h14m left)
[step 2650/70000] loss=0.5835 lr=1.0e-05 (0.81s/step, ~15h14m left)
[step 2660/70000] loss=0.5761 lr=1.0e-05 (0.81s/step, ~15h14m left)
[step 2670/70000] loss=0.5756 lr=1.0e-05 (0.82s/step, ~15h18m left)
[step 2680/70000] loss=0.6225 lr=1.0e-05 (0.82s/step, ~15h15m left)
[step 2690/70000] loss=0.5930 lr=1.0e-05 (0.82s/step, ~15h20m left)
[step 2700/70000] loss=0.5791 lr=1.0e-05 (0.82s/step, ~15h16m left)
[step 2710/70000] loss=0.5861 lr=1.0e-05 (0.81s/step, ~15h12m left)
[step 2720/70000] loss=0.6016 lr=1.0e-05 (0.81s/step, ~15h10m left)
[step 2730/70000] loss=0.5922 lr=1.0e-05 (0.81s/step, ~15h12m left)
[step 2740/70000] loss=0.5889 lr=1.0e-05 (0.81s/step, ~15h12m left)
[step 2750/70000] loss=0.5938 lr=1.0e-05 (0.81s/step, ~15h11m left)
[step 2760/70000] loss=0.5909 lr=1.0e-05 (0.81s/step, ~15h12m left)
[step 2770/70000] loss=0.5863 lr=1.0e-05 (0.81s/step, ~15h11m left)
[step 2780/70000] loss=0.6064 lr=1.0e-05 (0.81s/step, ~15h08m left)
[step 2790/70000] loss=0.5873 lr=1.0e-05 (0.81s/step, ~15h07m left)
[step 2800/70000] loss=0.6025 lr=1.0e-05 (0.81s/step, ~15h06m left)
[step 2810/70000] loss=0.5820 lr=1.0e-05 (0.81s/step, ~15h12m left)
[step 2820/70000] loss=0.5882 lr=1.0e-05 (0.81s/step, ~15h05m left)
[step 2830/70000] loss=0.5866 lr=1.0e-05 (0.81s/step, ~15h03m left)
[step 2840/70000] loss=0.5887 lr=1.0e-05 (0.81s/step, ~15h05m left)
[step 2850/70000] loss=0.5879 lr=1.0e-05 (0.81s/step, ~15h06m left)
[step 2860/70000] loss=0.5912 lr=1.0e-05 (0.81s/step, ~15h04m left)
[step 2870/70000] loss=0.5852 lr=1.0e-05 (0.81s/step, ~15h04m left)
[step 2880/70000] loss=0.5828 lr=1.0e-05 (0.81s/step, ~15h10m left)
[step 2890/70000] loss=0.5784 lr=1.0e-05 (0.82s/step, ~15h14m left)
[step 2900/70000] loss=0.5861 lr=1.0e-05 (0.82s/step, ~15h13m left)
[step 2910/70000] loss=0.6029 lr=1.0e-05 (0.82s/step, ~15h14m left)
[step 2920/70000] loss=0.5923 lr=1.0e-05 (0.82s/step, ~15h15m left)
[step 2930/70000] loss=0.5937 lr=1.0e-05 (0.81s/step, ~15h09m left)
[step 2940/70000] loss=0.5779 lr=1.0e-05 (0.82s/step, ~15h12m left)
[step 2950/70000] loss=0.5887 lr=1.0e-05 (0.82s/step, ~15h11m left)
[step 2960/70000] loss=0.5782 lr=1.0e-05 (0.82s/step, ~15h13m left)
[step 2970/70000] loss=0.5913 lr=1.0e-05 (0.82s/step, ~15h14m left)
[step 2980/70000] loss=0.5892 lr=1.0e-05 (0.81s/step, ~15h09m left)
[step 2990/70000] loss=0.5990 lr=1.0e-05 (0.81s/step, ~15h08m left)
[step 3000/70000] loss=0.5834 lr=1.0e-05 (0.82s/step, ~15h13m left)
[step 3010/70000] loss=0.5993 lr=1.0e-05 (0.81s/step, ~15h07m left)
[step 3020/70000] loss=0.5986 lr=1.0e-05 (0.82s/step, ~15h09m left)
[step 3030/70000] loss=0.5802 lr=1.0e-05 (0.82s/step, ~15h11m left)
[step 3040/70000] loss=0.6042 lr=1.0e-05 (0.82s/step, ~15h09m left)
[step 3050/70000] loss=0.5962 lr=1.0e-05 (0.81s/step, ~15h05m left)
[step 3060/70000] loss=0.5803 lr=1.0e-05 (0.81s/step, ~15h04m left)
[step 3070/70000] loss=0.5903 lr=1.0e-05 (0.81s/step, ~15h03m left)
[step 3080/70000] loss=0.5793 lr=1.0e-05 (0.82s/step, ~15h09m left)
[step 3090/70000] loss=0.6198 lr=1.0e-05 (0.81s/step, ~15h08m left)
[step 3100/70000] loss=0.5843 lr=1.0e-05 (0.81s/step, ~15h04m left)
[step 3110/70000] loss=0.5734 lr=1.0e-05 (0.82s/step, ~15h14m left)
[step 3120/70000] loss=0.5806 lr=1.0e-05 (0.82s/step, ~15h10m left)
[step 3130/70000] loss=0.6008 lr=1.0e-05 (0.81s/step, ~15h07m left)
[step 3140/70000] loss=0.6060 lr=1.0e-05 (0.81s/step, ~15h06m left)
[step 3150/70000] loss=0.5848 lr=1.0e-05 (0.82s/step, ~15h13m left)
[step 3160/70000] loss=0.5823 lr=1.0e-05 (0.82s/step, ~15h08m left)
[step 3170/70000] loss=0.5956 lr=1.0e-05 (0.81s/step, ~15h03m left)
[step 3180/70000] loss=0.5880 lr=1.0e-05 (0.81s/step, ~15h03m left)
[step 3190/70000] loss=0.5949 lr=1.0e-05 (0.81s/step, ~15h05m left)
[step 3200/70000] loss=0.5841 lr=1.0e-05 (0.81s/step, ~15h02m left)
[step 3210/70000] loss=0.5793 lr=1.0e-05 (0.81s/step, ~15h00m left)
[step 3220/70000] loss=0.5995 lr=1.0e-05 (0.81s/step, ~14h59m left)
[step 3230/70000] loss=0.5911 lr=1.0e-05 (0.82s/step, ~15h06m left)
[step 3240/70000] loss=0.6199 lr=1.0e-05 (0.81s/step, ~14h59m left)
[step 3250/70000] loss=0.5934 lr=1.0e-05 (0.81s/step, ~14h59m left)
[step 3260/70000] loss=0.5883 lr=1.0e-05 (0.81s/step, ~15h00m left)
[step 3270/70000] loss=0.5848 lr=1.0e-05 (0.82s/step, ~15h09m left)
[step 3280/70000] loss=0.5946 lr=1.0e-05 (0.82s/step, ~15h06m left)
[step 3290/70000] loss=0.5717 lr=1.0e-05 (0.82s/step, ~15h07m left)
[step 3300/70000] loss=0.5977 lr=1.0e-05 (0.81s/step, ~15h04m left)
[step 3310/70000] loss=0.5872 lr=1.0e-05 (0.82s/step, ~15h07m left)
[step 3320/70000] loss=0.5861 lr=1.0e-05 (0.81s/step, ~15h04m left)
[step 3330/70000] loss=0.5956 lr=1.0e-05 (0.81s/step, ~15h05m left)
[step 3340/70000] loss=0.5769 lr=1.0e-05 (0.82s/step, ~15h06m left)
[step 3350/70000] loss=0.5836 lr=1.0e-05 (0.82s/step, ~15h08m left)
[step 3360/70000] loss=0.5932 lr=1.0e-05 (0.82s/step, ~15h05m left)
[step 3370/70000] loss=0.5821 lr=1.0e-05 (0.82s/step, ~15h07m left)
[step 3380/70000] loss=0.5857 lr=1.0e-05 (0.82s/step, ~15h08m left)
[step 3390/70000] loss=0.5917 lr=1.0e-05 (0.81s/step, ~15h02m left)
[step 3400/70000] loss=0.5952 lr=1.0e-05 (0.81s/step, ~15h03m left)
[step 3410/70000] loss=0.5891 lr=1.0e-05 (0.82s/step, ~15h07m left)
[step 3420/70000] loss=0.6219 lr=1.0e-05 (0.81s/step, ~15h04m left)
[step 3430/70000] loss=0.5994 lr=1.0e-05 (0.81s/step, ~15h02m left)
[step 3440/70000] loss=0.5930 lr=1.0e-05 (0.81s/step, ~15h01m left)
[step 3450/70000] loss=0.5732 lr=1.0e-05 (0.81s/step, ~15h01m left)
[step 3460/70000] loss=0.5990 lr=1.0e-05 (0.82s/step, ~15h05m left)
[step 3470/70000] loss=0.5916 lr=1.0e-05 (0.81s/step, ~15h03m left)
[step 3480/70000] loss=0.5865 lr=1.0e-05 (0.81s/step, ~15h01m left)
[step 3490/70000] loss=0.5765 lr=1.0e-05 (0.81s/step, ~15h01m left)
[step 3500/70000] loss=0.5889 lr=1.0e-05 (0.82s/step, ~15h04m left)
[step 3510/70000] loss=0.5897 lr=1.0e-05 (0.82s/step, ~15h03m left)
[step 3520/70000] loss=0.5742 lr=1.0e-05 (0.82s/step, ~15h06m left)
[step 3530/70000] loss=0.5820 lr=1.0e-05 (0.82s/step, ~15h05m left)
[step 3540/70000] loss=0.5879 lr=1.0e-05 (0.82s/step, ~15h08m left)
[step 3550/70000] loss=0.6046 lr=1.0e-05 (0.82s/step, ~15h07m left)
[step 3560/70000] loss=0.6080 lr=1.0e-05 (0.82s/step, ~15h05m left)
[step 3570/70000] loss=0.5954 lr=1.0e-05 (0.82s/step, ~15h08m left)
[step 3580/70000] loss=0.5861 lr=1.0e-05 (0.82s/step, ~15h05m left)
[step 3590/70000] loss=0.5750 lr=1.0e-05 (0.82s/step, ~15h02m left)
[step 3600/70000] loss=0.5992 lr=1.0e-05 (0.82s/step, ~15h04m left)
[step 3610/70000] loss=0.5853 lr=1.0e-05 (0.82s/step, ~15h03m left)
[step 3620/70000] loss=0.5950 lr=1.0e-05 (0.82s/step, ~15h03m left)
[step 3630/70000] loss=0.5958 lr=1.0e-05 (0.81s/step, ~14h57m left)
[step 3640/70000] loss=0.5742 lr=1.0e-05 (0.81s/step, ~14h55m left)
[step 3650/70000] loss=0.5744 lr=1.0e-05 (0.82s/step, ~15h05m left)
[step 3660/70000] loss=0.5891 lr=1.0e-05 (0.82s/step, ~15h03m left)
[step 3670/70000] loss=0.5920 lr=1.0e-05 (0.82s/step, ~15h01m left)
[step 3680/70000] loss=0.5729 lr=1.0e-05 (0.81s/step, ~14h59m left)
[step 3690/70000] loss=0.6005 lr=1.0e-05 (0.82s/step, ~15h11m left)
[step 3700/70000] loss=0.5997 lr=1.0e-05 (0.82s/step, ~15h02m left)
[step 3710/70000] loss=0.5782 lr=1.0e-05 (0.81s/step, ~14h59m left)
[step 3720/70000] loss=0.5963 lr=1.0e-05 (0.82s/step, ~15h01m left)
[step 3730/70000] loss=0.6199 lr=1.0e-05 (0.82s/step, ~15h05m left)
[step 3740/70000] loss=0.5969 lr=1.0e-05 (0.82s/step, ~15h01m left)
[step 3750/70000] loss=0.5771 lr=1.0e-05 (0.82s/step, ~15h04m left)
[step 3760/70000] loss=0.5946 lr=1.0e-05 (0.82s/step, ~15h06m left)
[step 3770/70000] loss=0.6019 lr=1.0e-05 (0.82s/step, ~15h03m left)
[step 3780/70000] loss=0.5903 lr=1.0e-05 (0.82s/step, ~15h03m left)
[step 3790/70000] loss=0.5846 lr=1.0e-05 (0.81s/step, ~14h58m left)
[step 3800/70000] loss=0.5695 lr=1.0e-05 (0.82s/step, ~15h01m left)
[step 3810/70000] loss=0.5956 lr=1.0e-05 (0.81s/step, ~14h56m left)
[step 3820/70000] loss=0.5682 lr=1.0e-05 (0.81s/step, ~14h55m left)
[step 3830/70000] loss=0.5839 lr=1.0e-05 (0.82s/step, ~14h59m left)
[step 3840/70000] loss=0.5988 lr=1.0e-05 (0.82s/step, ~15h06m left)
[step 3850/70000] loss=0.5848 lr=1.0e-05 (0.82s/step, ~15h02m left)
[step 3860/70000] loss=0.5804 lr=1.0e-05 (0.81s/step, ~14h58m left)
[step 3870/70000] loss=0.5817 lr=1.0e-05 (0.81s/step, ~14h57m left)
[step 3880/70000] loss=0.5765 lr=1.0e-05 (0.82s/step, ~14h58m left)
[step 3890/70000] loss=0.5813 lr=1.0e-05 (0.82s/step, ~14h58m left)
[step 3900/70000] loss=0.5785 lr=1.0e-05 (0.82s/step, ~15h01m left)
[step 3910/70000] loss=0.5873 lr=1.0e-05 (0.82s/step, ~15h02m left)
[step 3920/70000] loss=0.5793 lr=1.0e-05 (0.82s/step, ~15h02m left)
[step 3930/70000] loss=0.6127 lr=1.0e-05 (0.82s/step, ~14h58m left)
[step 3940/70000] loss=0.5785 lr=1.0e-05 (0.82s/step, ~14h58m left)
[step 3950/70000] loss=0.5791 lr=1.0e-05 (0.82s/step, ~14h58m left)
[step 3960/70000] loss=0.5899 lr=1.0e-05 (0.82s/step, ~15h00m left)
[step 3970/70000] loss=0.5699 lr=1.0e-05 (0.81s/step, ~14h56m left)
[step 3980/70000] loss=0.5918 lr=1.0e-05 (0.81s/step, ~14h55m left)
[step 3990/70000] loss=0.5750 lr=1.0e-05 (0.82s/step, ~14h58m left)
[step 4000/70000] loss=0.5947 lr=1.0e-05 (0.81s/step, ~14h55m left)
[step 4010/70000] loss=0.5985 lr=1.0e-05 (0.82s/step, ~14h56m left)
[step 4020/70000] loss=0.5884 lr=1.0e-05 (0.82s/step, ~14h56m left)
[step 4030/70000] loss=0.5785 lr=1.0e-05 (0.82s/step, ~14h58m left)
[step 4040/70000] loss=0.5887 lr=1.0e-05 (0.81s/step, ~14h53m left)
[step 4050/70000] loss=0.5788 lr=1.0e-05 (0.81s/step, ~14h55m left)
[step 4060/70000] loss=0.5999 lr=1.0e-05 (0.82s/step, ~14h56m left)
[step 4070/70000] loss=0.6066 lr=1.0e-05 (0.82s/step, ~15h03m left)
[step 4080/70000] loss=0.5722 lr=1.0e-05 (0.82s/step, ~14h59m left)
[step 4090/70000] loss=0.5837 lr=1.0e-05 (0.81s/step, ~14h53m left)
[step 4100/70000] loss=0.6090 lr=1.0e-05 (0.81s/step, ~14h53m left)
[step 4110/70000] loss=0.5926 lr=1.0e-05 (0.82s/step, ~14h57m left)
[step 4120/70000] loss=0.5925 lr=1.0e-05 (0.81s/step, ~14h54m left)
[step 4130/70000] loss=0.5922 lr=1.0e-05 (0.82s/step, ~15h00m left)
[step 4140/70000] loss=0.5880 lr=1.0e-05 (0.82s/step, ~14h57m left)
[step 4150/70000] loss=0.6061 lr=1.0e-05 (0.82s/step, ~14h59m left)
[step 4160/70000] loss=0.6037 lr=1.0e-05 (0.82s/step, ~14h58m left)
[step 4170/70000] loss=0.5901 lr=1.0e-05 (0.82s/step, ~14h56m left)
[step 4180/70000] loss=0.5946 lr=1.0e-05 (0.82s/step, ~14h55m left)
[step 4190/70000] loss=0.5963 lr=1.0e-05 (0.81s/step, ~14h52m left)
[step 4200/70000] loss=0.5860 lr=1.0e-05 (0.81s/step, ~14h49m left)
[step 4210/70000] loss=0.5865 lr=1.0e-05 (0.81s/step, ~14h48m left)
[step 4220/70000] loss=0.6021 lr=1.0e-05 (0.82s/step, ~14h54m left)
[step 4230/70000] loss=0.5922 lr=1.0e-05 (0.81s/step, ~14h49m left)
[step 4240/70000] loss=0.5722 lr=1.0e-05 (0.81s/step, ~14h49m left)
[step 4250/70000] loss=0.5810 lr=1.0e-05 (0.81s/step, ~14h48m left)
[step 4260/70000] loss=0.5885 lr=1.0e-05 (0.81s/step, ~14h50m left)
[step 4270/70000] loss=0.5742 lr=1.0e-05 (0.81s/step, ~14h52m left)
[step 4280/70000] loss=0.5829 lr=1.0e-05 (0.82s/step, ~14h53m left)
[step 4290/70000] loss=0.5897 lr=1.0e-05 (0.82s/step, ~14h58m left)
[step 4300/70000] loss=0.6009 lr=1.0e-05 (0.81s/step, ~14h50m left)
[step 4310/70000] loss=0.5944 lr=1.0e-05 (0.81s/step, ~14h48m left)
[step 4320/70000] loss=0.6027 lr=1.0e-05 (0.81s/step, ~14h46m left)
[step 4330/70000] loss=0.5815 lr=1.0e-05 (0.81s/step, ~14h49m left)
[step 4340/70000] loss=0.5832 lr=1.0e-05 (0.81s/step, ~14h51m left)
[step 4350/70000] loss=0.5890 lr=1.0e-05 (0.81s/step, ~14h50m left)
[step 4360/70000] loss=0.6036 lr=1.0e-05 (0.82s/step, ~14h52m left)
[step 4370/70000] loss=0.5930 lr=1.0e-05 (0.81s/step, ~14h51m left)
[step 4380/70000] loss=0.6019 lr=1.0e-05 (0.82s/step, ~14h56m left)
[step 4390/70000] loss=0.5855 lr=1.0e-05 (0.82s/step, ~14h52m left)
[step 4400/70000] loss=0.5836 lr=1.0e-05 (0.81s/step, ~14h48m left)
[step 4410/70000] loss=0.5824 lr=1.0e-05 (0.82s/step, ~14h55m left)
[step 4420/70000] loss=0.5892 lr=1.0e-05 (0.82s/step, ~14h54m left)
[step 4430/70000] loss=0.5703 lr=1.0e-05 (0.82s/step, ~14h53m left)
[step 4440/70000] loss=0.5888 lr=1.0e-05 (0.81s/step, ~14h48m left)
[step 4450/70000] loss=0.5786 lr=1.0e-05 (0.82s/step, ~14h51m left)
[step 4460/70000] loss=0.5887 lr=1.0e-05 (0.81s/step, ~14h47m left)
[step 4470/70000] loss=0.5736 lr=1.0e-05 (0.81s/step, ~14h47m left)
[step 4480/70000] loss=0.5963 lr=1.0e-05 (0.81s/step, ~14h48m left)
[step 4490/70000] loss=0.5835 lr=1.0e-05 (0.82s/step, ~14h51m left)
[step 4500/70000] loss=0.6062 lr=1.0e-05 (0.82s/step, ~14h55m left)
[step 4510/70000] loss=0.5968 lr=1.0e-05 (0.82s/step, ~14h52m left)
[step 4520/70000] loss=0.5836 lr=1.0e-05 (0.81s/step, ~14h49m left)
[step 4530/70000] loss=0.5870 lr=1.0e-05 (0.82s/step, ~14h50m left)
[step 4540/70000] loss=0.6245 lr=1.0e-05 (0.81s/step, ~14h47m left)
[step 4550/70000] loss=0.5746 lr=1.0e-05 (0.81s/step, ~14h44m left)
[step 4560/70000] loss=0.5829 lr=1.0e-05 (0.81s/step, ~14h43m left)
[step 4570/70000] loss=0.5790 lr=1.0e-05 (0.81s/step, ~14h46m left)
[step 4580/70000] loss=0.6037 lr=1.0e-05 (0.81s/step, ~14h41m left)
[step 4590/70000] loss=0.5873 lr=1.0e-05 (0.81s/step, ~14h39m left)
[step 4600/70000] loss=0.5818 lr=1.0e-05 (0.81s/step, ~14h43m left)
[step 4610/70000] loss=0.5902 lr=1.0e-05 (0.81s/step, ~14h46m left)
[step 4620/70000] loss=0.5956 lr=1.0e-05 (0.81s/step, ~14h38m left)
[step 4630/70000] loss=0.5839 lr=1.0e-05 (0.81s/step, ~14h38m left)
[step 4640/70000] loss=0.5664 lr=1.0e-05 (0.81s/step, ~14h37m left)
[step 4650/70000] loss=0.6001 lr=1.0e-05 (0.81s/step, ~14h39m left)
[step 4660/70000] loss=0.5817 lr=1.0e-05 (0.81s/step, ~14h40m left)
[step 4670/70000] loss=0.5963 lr=1.0e-05 (0.81s/step, ~14h39m left)
[step 4680/70000] loss=0.5920 lr=1.0e-05 (0.81s/step, ~14h43m left)
[step 4690/70000] loss=0.5907 lr=1.0e-05 (0.81s/step, ~14h41m left)
[step 4700/70000] loss=0.5787 lr=1.0e-05 (0.81s/step, ~14h40m left)
[step 4710/70000] loss=0.6112 lr=1.0e-05 (0.81s/step, ~14h42m left)
[step 4720/70000] loss=0.5860 lr=1.0e-05 (0.81s/step, ~14h44m left)
[step 4730/70000] loss=0.5737 lr=1.0e-05 (0.81s/step, ~14h40m left)
[step 4740/70000] loss=0.5991 lr=1.0e-05 (0.81s/step, ~14h42m left)
[step 4750/70000] loss=0.5936 lr=1.0e-05 (0.81s/step, ~14h40m left)
[step 4760/70000] loss=0.6010 lr=1.0e-05 (0.81s/step, ~14h40m left)
[step 4770/70000] loss=0.5862 lr=1.0e-05 (0.81s/step, ~14h40m left)
[step 4780/70000] loss=0.5769 lr=1.0e-05 (0.81s/step, ~14h41m left)
[step 4790/70000] loss=0.5956 lr=1.0e-05 (0.81s/step, ~14h44m left)
[step 4800/70000] loss=0.5909 lr=1.0e-05 (0.82s/step, ~14h48m left)
[step 4810/70000] loss=0.5919 lr=1.0e-05 (0.81s/step, ~14h45m left)
[step 4820/70000] loss=0.5901 lr=1.0e-05 (0.82s/step, ~14h47m left)
[step 4830/70000] loss=0.5792 lr=1.0e-05 (0.81s/step, ~14h44m left)
[step 4840/70000] loss=0.5935 lr=1.0e-05 (0.81s/step, ~14h44m left)
[step 4850/70000] loss=0.5987 lr=1.0e-05 (0.81s/step, ~14h42m left)
[step 4860/70000] loss=0.5938 lr=1.0e-05 (0.82s/step, ~14h45m left)
[step 4870/70000] loss=0.5917 lr=1.0e-05 (0.82s/step, ~14h44m left)
[step 4880/70000] loss=0.5792 lr=1.0e-05 (0.82s/step, ~14h46m left)
[step 4890/70000] loss=0.5991 lr=1.0e-05 (0.81s/step, ~14h42m left)
[step 4900/70000] loss=0.5906 lr=1.0e-05 (0.81s/step, ~14h39m left)
[step 4910/70000] loss=0.5775 lr=1.0e-05 (0.81s/step, ~14h44m left)
[step 4920/70000] loss=0.6108 lr=1.0e-05 (0.81s/step, ~14h39m left)
[step 4930/70000] loss=0.5946 lr=1.0e-05 (0.81s/step, ~14h36m left)
[step 4940/70000] loss=0.5783 lr=1.0e-05 (0.81s/step, ~14h37m left)
[step 4950/70000] loss=0.5877 lr=1.0e-05 (0.81s/step, ~14h41m left)
[step 4960/70000] loss=0.5764 lr=1.0e-05 (0.81s/step, ~14h37m left)
[step 4970/70000] loss=0.5894 lr=1.0e-05 (0.81s/step, ~14h39m left)
[step 4980/70000] loss=0.5879 lr=1.0e-05 (0.81s/step, ~14h39m left)
[step 4990/70000] loss=0.5833 lr=1.0e-05 (0.82s/step, ~14h43m left)
[step 5000/70000] loss=0.5967 lr=1.0e-05 (0.81s/step, ~14h39m left)
[eval @ step 5000] val_loss=0.5576 train_loss=0.5867
[saved] runs/finetune_001/step_0005000.pth
[step 5010/70000] loss=0.5891 lr=1.0e-05 (0.82s/step, ~14h43m left)
[step 5020/70000] loss=0.5842 lr=1.0e-05 (0.82s/step, ~14h48m left)
[step 5030/70000] loss=0.5924 lr=1.0e-05 (0.82s/step, ~14h44m left)
[step 5040/70000] loss=0.6005 lr=1.0e-05 (0.82s/step, ~14h46m left)
[step 5050/70000] loss=0.6168 lr=1.0e-05 (0.81s/step, ~14h41m left)
[step 5060/70000] loss=0.5847 lr=1.0e-05 (0.82s/step, ~14h46m left)
[step 5070/70000] loss=0.5885 lr=1.0e-05 (0.81s/step, ~14h40m left)
[step 5080/70000] loss=0.5994 lr=1.0e-05 (0.81s/step, ~14h40m left)
[step 5090/70000] loss=0.5798 lr=1.0e-05 (0.82s/step, ~14h43m left)
[step 5100/70000] loss=0.5807 lr=1.0e-05 (0.82s/step, ~14h42m left)
[step 5110/70000] loss=0.5827 lr=1.0e-05 (0.81s/step, ~14h39m left)
[step 5120/70000] loss=0.5751 lr=1.0e-05 (0.81s/step, ~14h37m left)
[step 5130/70000] loss=0.6097 lr=1.0e-05 (0.82s/step, ~14h41m left)
[step 5140/70000] loss=0.5856 lr=1.0e-05 (0.81s/step, ~14h37m left)
[step 5150/70000] loss=0.6034 lr=1.0e-05 (0.81s/step, ~14h36m left)
[step 5160/70000] loss=0.5900 lr=1.0e-05 (0.81s/step, ~14h33m left)
[step 5170/70000] loss=0.5805 lr=1.0e-05 (0.81s/step, ~14h40m left)
[step 5180/70000] loss=0.5921 lr=1.0e-05 (0.81s/step, ~14h37m left)
[step 5190/70000] loss=0.5820 lr=1.0e-05 (0.81s/step, ~14h35m left)
[step 5200/70000] loss=0.5881 lr=1.0e-05 (0.81s/step, ~14h34m left)
[step 5210/70000] loss=0.5915 lr=1.0e-05 (0.82s/step, ~14h42m left)
[step 5220/70000] loss=0.6013 lr=1.0e-05 (0.81s/step, ~14h39m left)
[step 5230/70000] loss=0.6003 lr=1.0e-05 (0.81s/step, ~14h36m left)
[step 5240/70000] loss=0.5867 lr=1.0e-05 (0.82s/step, ~14h43m left)
[step 5250/70000] loss=0.5771 lr=1.0e-05 (0.82s/step, ~14h44m left)
[step 5260/70000] loss=0.5785 lr=1.0e-05 (0.81s/step, ~14h37m left)
[step 5270/70000] loss=0.5763 lr=1.0e-05 (0.82s/step, ~14h41m left)
[step 5280/70000] loss=0.5754 lr=1.0e-05 (0.81s/step, ~14h36m left)
[step 5290/70000] loss=0.6079 lr=1.0e-05 (0.82s/step, ~14h41m left)
[step 5300/70000] loss=0.5932 lr=1.0e-05 (0.81s/step, ~14h38m left)
[step 5310/70000] loss=0.5840 lr=1.0e-05 (0.81s/step, ~14h37m left)
[step 5320/70000] loss=0.5946 lr=1.0e-05 (0.82s/step, ~14h38m left)
[step 5330/70000] loss=0.5768 lr=1.0e-05 (0.81s/step, ~14h37m left)
[step 5340/70000] loss=0.5871 lr=1.0e-05 (0.82s/step, ~14h44m left)
[step 5350/70000] loss=0.5893 lr=1.0e-05 (0.82s/step, ~14h38m left)
[step 5360/70000] loss=0.5925 lr=1.0e-05 (0.82s/step, ~14h38m left)
[step 5370/70000] loss=0.5961 lr=1.0e-05 (0.82s/step, ~14h41m left)
[step 5380/70000] loss=0.5728 lr=1.0e-05 (0.82s/step, ~14h43m left)
[step 5390/70000] loss=0.5992 lr=1.0e-05 (0.81s/step, ~14h31m left)
[step 5400/70000] loss=0.5824 lr=1.0e-05 (0.81s/step, ~14h33m left)
[step 5410/70000] loss=0.5741 lr=1.0e-05 (0.82s/step, ~14h39m left)
[step 5420/70000] loss=0.5786 lr=1.0e-05 (0.82s/step, ~14h39m left)
[step 5430/70000] loss=0.5740 lr=1.0e-05 (0.82s/step, ~14h37m left)
[step 5440/70000] loss=0.5870 lr=1.0e-05 (0.81s/step, ~14h34m left)
[step 5450/70000] loss=0.5914 lr=1.0e-05 (0.82s/step, ~14h37m left)
[step 5460/70000] loss=0.5853 lr=1.0e-05 (0.81s/step, ~14h35m left)
[step 5470/70000] loss=0.5739 lr=1.0e-05 (0.82s/step, ~14h36m left)
[step 5480/70000] loss=0.5697 lr=1.0e-05 (0.82s/step, ~14h37m left)
[step 5490/70000] loss=0.5730 lr=1.0e-05 (0.82s/step, ~14h40m left)
[step 5500/70000] loss=0.5947 lr=1.0e-05 (0.81s/step, ~14h35m left)
[step 5510/70000] loss=0.5765 lr=1.0e-05 (0.82s/step, ~14h37m left)
[step 5520/70000] loss=0.5878 lr=1.0e-05 (0.82s/step, ~14h38m left)
[step 5530/70000] loss=0.5719 lr=1.0e-05 (0.82s/step, ~14h38m left)
[step 5540/70000] loss=0.5846 lr=1.0e-05 (0.82s/step, ~14h39m left)
[step 5550/70000] loss=0.5700 lr=1.0e-05 (0.81s/step, ~14h34m left)
[step 5560/70000] loss=0.6015 lr=1.0e-05 (0.82s/step, ~14h35m left)
[step 5570/70000] loss=0.6030 lr=1.0e-05 (0.82s/step, ~14h40m left)
[step 5580/70000] loss=0.5996 lr=1.0e-05 (0.82s/step, ~14h35m left)
[step 5590/70000] loss=0.5915 lr=1.0e-05 (0.81s/step, ~14h34m left)
[step 5600/70000] loss=0.5928 lr=1.0e-05 (0.82s/step, ~14h35m left)
[step 5610/70000] loss=0.5915 lr=1.0e-05 (0.81s/step, ~14h32m left)
[step 5620/70000] loss=0.5828 lr=1.0e-05 (0.81s/step, ~14h30m left)
[step 5630/70000] loss=0.5840 lr=1.0e-05 (0.81s/step, ~14h33m left)
[step 5640/70000] loss=0.6000 lr=1.0e-05 (0.81s/step, ~14h32m left)
[step 5650/70000] loss=0.5869 lr=1.0e-05 (0.82s/step, ~14h38m left)
[step 5660/70000] loss=0.5859 lr=1.0e-05 (0.81s/step, ~14h32m left)
[step 5670/70000] loss=0.5974 lr=1.0e-05 (0.81s/step, ~14h31m left)
[step 5680/70000] loss=0.5844 lr=1.0e-05 (0.81s/step, ~14h30m left)
[step 5690/70000] loss=0.5802 lr=1.0e-05 (0.81s/step, ~14h33m left)
[step 5700/70000] loss=0.5786 lr=1.0e-05 (0.82s/step, ~14h35m left)
[step 5710/70000] loss=0.5771 lr=1.0e-05 (0.82s/step, ~14h34m left)
[step 5720/70000] loss=0.6024 lr=1.0e-05 (0.82s/step, ~14h37m left)
[step 5730/70000] loss=0.5775 lr=1.0e-05 (0.81s/step, ~14h31m left)
[step 5740/70000] loss=0.5941 lr=1.0e-05 (0.81s/step, ~14h28m left)
[step 5750/70000] loss=0.5936 lr=1.0e-05 (0.81s/step, ~14h27m left)
[step 5760/70000] loss=0.5913 lr=1.0e-05 (0.82s/step, ~14h38m left)
[step 5770/70000] loss=0.5945 lr=1.0e-05 (0.82s/step, ~14h34m left)
[step 5780/70000] loss=0.5893 lr=1.0e-05 (0.82s/step, ~14h37m left)
[step 5790/70000] loss=0.5727 lr=1.0e-05 (0.82s/step, ~14h38m left)
[step 5800/70000] loss=0.5873 lr=1.0e-05 (0.82s/step, ~14h42m left)
[step 5810/70000] loss=0.6061 lr=1.0e-05 (0.82s/step, ~14h37m left)
[step 5820/70000] loss=0.5906 lr=1.0e-05 (0.82s/step, ~14h39m left)
[step 5830/70000] loss=0.5908 lr=1.0e-05 (0.82s/step, ~14h38m left)
[step 5840/70000] loss=0.5767 lr=1.0e-05 (0.83s/step, ~14h42m left)
[step 5850/70000] loss=0.5722 lr=1.0e-05 (0.82s/step, ~14h33m left)
[step 5860/70000] loss=0.5938 lr=1.0e-05 (0.82s/step, ~14h33m left)
[step 5870/70000] loss=0.5936 lr=1.0e-05 (0.82s/step, ~14h36m left)
[step 5880/70000] loss=0.5775 lr=1.0e-05 (0.82s/step, ~14h31m left)
[step 5890/70000] loss=0.5678 lr=1.0e-05 (0.81s/step, ~14h28m left)
[step 5900/70000] loss=0.5826 lr=1.0e-05 (0.81s/step, ~14h29m left)
[step 5910/70000] loss=0.5806 lr=1.0e-05 (0.82s/step, ~14h36m left)
[step 5920/70000] loss=0.5956 lr=1.0e-05 (0.82s/step, ~14h30m left)
[step 5930/70000] loss=0.5775 lr=1.0e-05 (0.82s/step, ~14h30m left)
[step 5940/70000] loss=0.5862 lr=1.0e-05 (0.81s/step, ~14h27m left)
[step 5950/70000] loss=0.5744 lr=1.0e-05 (0.82s/step, ~14h35m left)
[step 5960/70000] loss=0.5912 lr=1.0e-05 (0.81s/step, ~14h29m left)
[step 5970/70000] loss=0.6355 lr=1.0e-05 (0.81s/step, ~14h26m left)
[step 5980/70000] loss=0.5797 lr=1.0e-05 (0.81s/step, ~14h26m left)
[step 5990/70000] loss=0.5843 lr=1.0e-05 (0.82s/step, ~14h34m left)
[step 6000/70000] loss=0.5824 lr=1.0e-05 (0.82s/step, ~14h32m left)
[step 6010/70000] loss=0.5849 lr=1.0e-05 (0.81s/step, ~14h27m left)
[step 6020/70000] loss=0.5908 lr=1.0e-05 (0.82s/step, ~14h32m left)
[step 6030/70000] loss=0.5827 lr=1.0e-05 (0.82s/step, ~14h37m left)
[step 6040/70000] loss=0.5949 lr=1.0e-05 (0.81s/step, ~14h28m left)
[step 6050/70000] loss=0.5983 lr=1.0e-05 (0.81s/step, ~14h26m left)
[step 6060/70000] loss=0.5993 lr=1.0e-05 (0.82s/step, ~14h29m left)
[step 6070/70000] loss=0.5825 lr=1.0e-05 (0.82s/step, ~14h33m left)
[step 6080/70000] loss=0.6147 lr=1.0e-05 (0.81s/step, ~14h27m left)
[step 6090/70000] loss=0.5854 lr=1.0e-05 (0.82s/step, ~14h28m left)
[step 6100/70000] loss=0.5749 lr=1.0e-05 (0.81s/step, ~14h23m left)
[step 6110/70000] loss=0.5794 lr=1.0e-05 (0.82s/step, ~14h28m left)
[step 6120/70000] loss=0.5961 lr=1.0e-05 (0.82s/step, ~14h30m left)
[step 6130/70000] loss=0.5965 lr=1.0e-05 (0.82s/step, ~14h29m left)
[step 6140/70000] loss=0.5918 lr=1.0e-05 (0.81s/step, ~14h25m left)
[step 6150/70000] loss=0.5645 lr=1.0e-05 (0.82s/step, ~14h27m left)
[step 6160/70000] loss=0.5886 lr=1.0e-05 (0.82s/step, ~14h28m left)
[step 6170/70000] loss=0.5901 lr=1.0e-05 (0.82s/step, ~14h30m left)
[step 6180/70000] loss=0.5844 lr=1.0e-05 (0.81s/step, ~14h25m left)
[step 6190/70000] loss=0.5854 lr=1.0e-05 (0.82s/step, ~14h29m left)
[step 6200/70000] loss=0.5890 lr=1.0e-05 (0.81s/step, ~14h25m left)
[step 6210/70000] loss=0.5792 lr=1.0e-05 (0.81s/step, ~14h23m left)
[step 6220/70000] loss=0.5891 lr=1.0e-05 (0.82s/step, ~14h29m left)
[step 6230/70000] loss=0.5694 lr=1.0e-05 (0.81s/step, ~14h24m left)
[step 6240/70000] loss=0.5872 lr=1.0e-05 (0.81s/step, ~14h24m left)
[step 6250/70000] loss=0.5804 lr=1.0e-05 (0.81s/step, ~14h24m left)
[step 6260/70000] loss=0.5859 lr=1.0e-05 (0.82s/step, ~14h28m left)
[step 6270/70000] loss=0.5749 lr=1.0e-05 (0.82s/step, ~14h30m left)
[step 6280/70000] loss=0.6040 lr=1.0e-05 (0.82s/step, ~14h26m left)
[step 6290/70000] loss=0.5685 lr=1.0e-05 (0.81s/step, ~14h23m left)
[step 6300/70000] loss=0.5994 lr=1.0e-05 (0.82s/step, ~14h31m left)
[step 6310/70000] loss=0.5766 lr=1.0e-05 (0.82s/step, ~14h26m left)
[step 6320/70000] loss=0.5757 lr=1.0e-05 (0.82s/step, ~14h25m left)
[step 6330/70000] loss=0.5944 lr=1.0e-05 (0.82s/step, ~14h27m left)
[step 6340/70000] loss=0.5786 lr=1.0e-05 (0.82s/step, ~14h25m left)
[step 6350/70000] loss=0.5953 lr=1.0e-05 (0.81s/step, ~14h17m left)
[step 6360/70000] loss=0.5635 lr=1.0e-05 (0.81s/step, ~14h19m left)
[step 6370/70000] loss=0.5933 lr=1.0e-05 (0.81s/step, ~14h18m left)
[step 6380/70000] loss=0.5951 lr=1.0e-05 (0.81s/step, ~14h22m left)
[step 6390/70000] loss=0.5765 lr=1.0e-05 (0.81s/step, ~14h18m left)
[step 6400/70000] loss=0.5925 lr=1.0e-05 (0.81s/step, ~14h19m left)
[step 6410/70000] loss=0.5755 lr=1.0e-05 (0.81s/step, ~14h20m left)
[step 6420/70000] loss=0.5850 lr=1.0e-05 (0.81s/step, ~14h20m left)
[step 6430/70000] loss=0.5689 lr=1.0e-05 (0.81s/step, ~14h19m left)
[step 6440/70000] loss=0.5873 lr=1.0e-05 (0.81s/step, ~14h22m left)
[step 6450/70000] loss=0.6042 lr=1.0e-05 (0.82s/step, ~14h29m left)
[step 6460/70000] loss=0.6165 lr=1.0e-05 (0.81s/step, ~14h22m left)
[step 6470/70000] loss=0.5893 lr=1.0e-05 (0.81s/step, ~14h22m left)
[step 6480/70000] loss=0.5904 lr=1.0e-05 (0.81s/step, ~14h19m left)
[step 6490/70000] loss=0.6061 lr=1.0e-05 (0.82s/step, ~14h25m left)
[step 6500/70000] loss=0.5758 lr=1.0e-05 (0.82s/step, ~14h24m left)
[step 6510/70000] loss=0.5767 lr=1.0e-05 (0.82s/step, ~14h23m left)
[step 6520/70000] loss=0.5824 lr=1.0e-05 (0.81s/step, ~14h21m left)
[step 6530/70000] loss=0.5799 lr=1.0e-05 (0.82s/step, ~14h25m left)
[step 6540/70000] loss=0.5853 lr=1.0e-05 (0.82s/step, ~14h22m left)
[step 6550/70000] loss=0.5861 lr=1.0e-05 (0.81s/step, ~14h21m left)
[step 6560/70000] loss=0.5809 lr=1.0e-05 (0.82s/step, ~14h24m left)
[step 6570/70000] loss=0.5857 lr=1.0e-05 (0.82s/step, ~14h26m left)
[step 6580/70000] loss=0.5901 lr=1.0e-05 (0.82s/step, ~14h23m left)
[step 6590/70000] loss=0.6060 lr=1.0e-05 (0.81s/step, ~14h17m left)
[step 6600/70000] loss=0.5887 lr=1.0e-05 (0.81s/step, ~14h16m left)
[step 6610/70000] loss=0.5854 lr=1.0e-05 (0.82s/step, ~14h28m left)
[step 6620/70000] loss=0.5774 lr=1.0e-05 (0.82s/step, ~14h22m left)
[step 6630/70000] loss=0.5793 lr=1.0e-05 (0.82s/step, ~14h23m left)
[step 6640/70000] loss=0.5868 lr=1.0e-05 (0.82s/step, ~14h24m left)
[step 6650/70000] loss=0.6008 lr=1.0e-05 (0.81s/step, ~14h19m left)
[step 6660/70000] loss=0.5855 lr=1.0e-05 (0.81s/step, ~14h19m left)
[step 6670/70000] loss=0.6007 lr=1.0e-05 (0.81s/step, ~14h18m left)
[step 6680/70000] loss=0.5699 lr=1.0e-05 (0.82s/step, ~14h25m left)
[step 6690/70000] loss=0.6190 lr=1.0e-05 (0.82s/step, ~14h22m left)
[step 6700/70000] loss=0.5952 lr=1.0e-05 (0.82s/step, ~14h21m left)
[step 6710/70000] loss=0.5778 lr=1.0e-05 (0.82s/step, ~14h23m left)
[step 6720/70000] loss=0.5879 lr=1.0e-05 (0.82s/step, ~14h26m left)
[step 6730/70000] loss=0.5859 lr=1.0e-05 (0.81s/step, ~14h17m left)
[step 6740/70000] loss=0.6050 lr=1.0e-05 (0.82s/step, ~14h23m left)
[step 6750/70000] loss=0.5724 lr=1.0e-05 (0.81s/step, ~14h15m left)
[step 6760/70000] loss=0.5796 lr=1.0e-05 (0.82s/step, ~14h22m left)
[step 6770/70000] loss=0.5938 lr=1.0e-05 (0.82s/step, ~14h22m left)
[step 6780/70000] loss=0.5939 lr=1.0e-05 (0.82s/step, ~14h19m left)
[step 6790/70000] loss=0.5999 lr=1.0e-05 (0.81s/step, ~14h11m left)
[step 6800/70000] loss=0.5778 lr=1.0e-05 (0.82s/step, ~14h21m left)
[step 6810/70000] loss=0.5764 lr=1.0e-05 (0.82s/step, ~14h20m left)
[step 6820/70000] loss=0.5893 lr=1.0e-05 (0.81s/step, ~14h14m left)
[step 6830/70000] loss=0.5874 lr=1.0e-05 (0.81s/step, ~14h16m left)
[step 6840/70000] loss=0.5894 lr=1.0e-05 (0.82s/step, ~14h20m left)
[step 6850/70000] loss=0.5911 lr=1.0e-05 (0.81s/step, ~14h15m left)
[step 6860/70000] loss=0.5834 lr=1.0e-05 (0.82s/step, ~14h21m left)
[step 6870/70000] loss=0.5703 lr=1.0e-05 (0.82s/step, ~14h20m left)
[step 6880/70000] loss=0.5784 lr=1.0e-05 (0.81s/step, ~14h16m left)
[step 6890/70000] loss=0.5862 lr=1.0e-05 (0.82s/step, ~14h19m left)
[step 6900/70000] loss=0.5814 lr=1.0e-05 (0.81s/step, ~14h15m left)
[step 6910/70000] loss=0.5761 lr=1.0e-05 (0.82s/step, ~14h19m left)
[step 6920/70000] loss=0.6086 lr=1.0e-05 (0.81s/step, ~14h16m left)
[step 6930/70000] loss=0.5913 lr=1.0e-05 (0.81s/step, ~14h16m left)
[step 6940/70000] loss=0.5935 lr=1.0e-05 (0.81s/step, ~14h12m left)
[step 6950/70000] loss=0.5889 lr=1.0e-05 (0.82s/step, ~14h17m left)
[step 6960/70000] loss=0.5928 lr=1.0e-05 (0.81s/step, ~14h11m left)
[step 6970/70000] loss=0.5859 lr=1.0e-05 (0.81s/step, ~14h10m left)
[step 6980/70000] loss=0.5824 lr=1.0e-05 (0.81s/step, ~14h11m left)
[step 6990/70000] loss=0.5673 lr=1.0e-05 (0.81s/step, ~14h13m left)
[step 7000/70000] loss=0.5932 lr=1.0e-05 (0.81s/step, ~14h10m left)
[step 7010/70000] loss=0.5974 lr=1.0e-05 (0.81s/step, ~14h12m left)
[step 7020/70000] loss=0.5957 lr=1.0e-05 (0.81s/step, ~14h12m left)
[step 7030/70000] loss=0.5863 lr=1.0e-05 (0.82s/step, ~14h15m left)
[step 7040/70000] loss=0.6086 lr=1.0e-05 (0.81s/step, ~14h10m left)
[step 7050/70000] loss=0.5803 lr=1.0e-05 (0.81s/step, ~14h14m left)
[step 7060/70000] loss=0.5801 lr=1.0e-05 (0.82s/step, ~14h18m left)
[step 7070/70000] loss=0.5790 lr=1.0e-05 (0.82s/step, ~14h24m left)
[step 7080/70000] loss=0.6056 lr=1.0e-05 (0.81s/step, ~14h09m left)
[step 7090/70000] loss=0.5899 lr=1.0e-05 (0.81s/step, ~14h09m left)
[step 7100/70000] loss=0.5679 lr=1.0e-05 (0.81s/step, ~14h10m left)
[step 7110/70000] loss=0.5822 lr=1.0e-05 (0.82s/step, ~14h14m left)
[step 7120/70000] loss=0.5944 lr=1.0e-05 (0.81s/step, ~14h13m left)
[step 7130/70000] loss=0.5908 lr=1.0e-05 (0.82s/step, ~14h17m left)
[step 7140/70000] loss=0.5673 lr=1.0e-05 (0.82s/step, ~14h16m left)
[step 7150/70000] loss=0.5831 lr=1.0e-05 (0.81s/step, ~14h13m left)
[step 7160/70000] loss=0.5888 lr=1.0e-05 (0.82s/step, ~14h16m left)
[step 7170/70000] loss=0.5709 lr=1.0e-05 (0.82s/step, ~14h16m left)
[step 7180/70000] loss=0.5759 lr=1.0e-05 (0.82s/step, ~14h16m left)
[step 7190/70000] loss=0.5892 lr=1.0e-05 (0.81s/step, ~14h09m left)
[step 7200/70000] loss=0.5908 lr=1.0e-05 (0.81s/step, ~14h10m left)
[step 7210/70000] loss=0.5730 lr=1.0e-05 (0.81s/step, ~14h09m left)
[step 7220/70000] loss=0.5708 lr=1.0e-05 (0.82s/step, ~14h14m left)
[step 7230/70000] loss=0.5952 lr=1.0e-05 (0.82s/step, ~14h12m left)
[step 7240/70000] loss=0.5878 lr=1.0e-05 (0.81s/step, ~14h07m left)
[step 7250/70000] loss=0.5895 lr=1.0e-05 (0.81s/step, ~14h09m left)
[step 7260/70000] loss=0.5796 lr=1.0e-05 (0.82s/step, ~14h14m left)
[step 7270/70000] loss=0.5845 lr=1.0e-05 (0.81s/step, ~14h09m left)
[step 7280/70000] loss=0.5817 lr=1.0e-05 (0.81s/step, ~14h07m left)
[step 7290/70000] loss=0.6010 lr=1.0e-05 (0.82s/step, ~14h13m left)
[step 7300/70000] loss=0.5803 lr=1.0e-05 (0.82s/step, ~14h18m left)
[step 7310/70000] loss=0.5857 lr=1.0e-05 (0.81s/step, ~14h08m left)
[step 7320/70000] loss=0.5837 lr=1.0e-05 (0.81s/step, ~14h08m left)
[step 7330/70000] loss=0.5945 lr=1.0e-05 (0.81s/step, ~14h09m left)
[step 7340/70000] loss=0.5844 lr=1.0e-05 (0.82s/step, ~14h12m left)
[step 7350/70000] loss=0.5842 lr=1.0e-05 (0.81s/step, ~14h08m left)
[step 7360/70000] loss=0.5880 lr=1.0e-05 (0.81s/step, ~14h08m left)
[step 7370/70000] loss=0.5684 lr=1.0e-05 (0.81s/step, ~14h09m left)
[step 7380/70000] loss=0.5904 lr=1.0e-05 (0.82s/step, ~14h11m left)
[step 7390/70000] loss=0.5829 lr=1.0e-05 (0.82s/step, ~14h14m left)
[step 7400/70000] loss=0.5769 lr=1.0e-05 (0.82s/step, ~14h13m left)
[step 7410/70000] loss=0.5820 lr=1.0e-05 (0.82s/step, ~14h16m left)
[step 7420/70000] loss=0.5800 lr=1.0e-05 (0.82s/step, ~14h18m left)
[step 7430/70000] loss=0.5899 lr=1.0e-05 (0.82s/step, ~14h13m left)
[step 7440/70000] loss=0.6193 lr=1.0e-05 (0.81s/step, ~14h05m left)
[step 7450/70000] loss=0.5931 lr=1.0e-05 (0.81s/step, ~14h08m left)
[step 7460/70000] loss=0.5877 lr=1.0e-05 (0.81s/step, ~14h09m left)
[step 7470/70000] loss=0.5961 lr=1.0e-05 (0.81s/step, ~14h06m left)
[step 7480/70000] loss=0.5957 lr=1.0e-05 (0.82s/step, ~14h10m left)
[step 7490/70000] loss=0.5699 lr=1.0e-05 (0.82s/step, ~14h19m left)
[step 7500/70000] loss=0.5944 lr=1.0e-05 (0.82s/step, ~14h13m left)
[eval @ step 7500] val_loss=0.5562 train_loss=0.5888
[saved] runs/finetune_001/step_0007500.pth
[step 7510/70000] loss=0.5703 lr=1.0e-05 (0.82s/step, ~14h08m left)
[step 7520/70000] loss=0.5782 lr=1.0e-05 (0.82s/step, ~14h11m left)
[step 7530/70000] loss=0.5754 lr=1.0e-05 (0.82s/step, ~14h09m left)
[step 7540/70000] loss=0.5768 lr=1.0e-05 (0.82s/step, ~14h10m left)
[step 7550/70000] loss=0.5749 lr=1.0e-05 (0.81s/step, ~14h08m left)
[step 7560/70000] loss=0.5841 lr=1.0e-05 (0.82s/step, ~14h14m left)
[step 7570/70000] loss=0.5935 lr=1.0e-05 (0.82s/step, ~14h08m left)
[step 7580/70000] loss=0.5758 lr=1.0e-05 (0.81s/step, ~14h06m left)
[step 7590/70000] loss=0.5987 lr=1.0e-05 (0.82s/step, ~14h09m left)
[step 7600/70000] loss=0.5828 lr=1.0e-05 (0.82s/step, ~14h14m left)
[step 7610/70000] loss=0.5732 lr=1.0e-05 (0.82s/step, ~14h11m left)
[step 7620/70000] loss=0.5895 lr=1.0e-05 (0.82s/step, ~14h08m left)
[step 7630/70000] loss=0.5974 lr=1.0e-05 (0.82s/step, ~14h07m left)
[step 7640/70000] loss=0.5900 lr=1.0e-05 (0.82s/step, ~14h10m left)
[step 7650/70000] loss=0.5808 lr=1.0e-05 (0.81s/step, ~14h06m left)
[step 7660/70000] loss=0.5778 lr=1.0e-05 (0.82s/step, ~14h07m left)
[step 7670/70000] loss=0.5885 lr=1.0e-05 (0.82s/step, ~14h11m left)
[step 7680/70000] loss=0.5663 lr=1.0e-05 (0.81s/step, ~14h05m left)
[step 7690/70000] loss=0.5777 lr=1.0e-05 (0.81s/step, ~14h06m left)
[step 7700/70000] loss=0.5769 lr=1.0e-05 (0.82s/step, ~14h07m left)
[step 7710/70000] loss=0.5958 lr=1.0e-05 (0.82s/step, ~14h12m left)
[step 7720/70000] loss=0.5792 lr=1.0e-05 (0.82s/step, ~14h07m left)
[step 7730/70000] loss=0.5743 lr=1.0e-05 (0.82s/step, ~14h06m left)
[step 7740/70000] loss=0.5710 lr=1.0e-05 (0.82s/step, ~14h08m left)
[step 7750/70000] loss=0.5886 lr=1.0e-05 (0.82s/step, ~14h12m left)
[step 7760/70000] loss=0.5833 lr=1.0e-05 (0.82s/step, ~14h08m left)
[step 7770/70000] loss=0.5962 lr=1.0e-05 (0.82s/step, ~14h07m left)
[step 7780/70000] loss=0.5790 lr=1.0e-05 (0.82s/step, ~14h06m left)
[step 7790/70000] loss=0.5863 lr=1.0e-05 (0.82s/step, ~14h10m left)
[step 7800/70000] loss=0.5787 lr=1.0e-05 (0.82s/step, ~14h05m left)
[step 7810/70000] loss=0.5893 lr=1.0e-05 (0.82s/step, ~14h06m left)
[step 7820/70000] loss=0.5991 lr=1.0e-05 (0.81s/step, ~14h03m left)
[step 7830/70000] loss=0.5865 lr=1.0e-05 (0.82s/step, ~14h09m left)
[step 7840/70000] loss=0.5869 lr=1.0e-05 (0.81s/step, ~14h02m left)
[step 7850/70000] loss=0.5791 lr=1.0e-05 (0.81s/step, ~14h00m left)
[step 7860/70000] loss=0.5773 lr=1.0e-05 (0.82s/step, ~14h04m left)
[step 7870/70000] loss=0.5899 lr=1.0e-05 (0.82s/step, ~14h04m left)
[step 7880/70000] loss=0.5797 lr=1.0e-05 (0.81s/step, ~14h03m left)
[step 7890/70000] loss=0.5809 lr=1.0e-05 (0.81s/step, ~14h02m left)
[step 7900/70000] loss=0.5832 lr=1.0e-05 (0.82s/step, ~14h06m left)
[step 7910/70000] loss=0.5920 lr=1.0e-05 (0.82s/step, ~14h03m left)
[step 7920/70000] loss=0.5799 lr=1.0e-05 (0.81s/step, ~14h02m left)
[step 7930/70000] loss=0.5682 lr=1.0e-05 (0.81s/step, ~14h01m left)
[step 7940/70000] loss=0.5833 lr=1.0e-05 (0.82s/step, ~14h05m left)
[step 7950/70000] loss=0.6086 lr=1.0e-05 (0.81s/step, ~14h02m left)
[step 7960/70000] loss=0.5793 lr=1.0e-05 (0.82s/step, ~14h02m left)
[step 7970/70000] loss=0.5832 lr=1.0e-05 (0.81s/step, ~14h01m left)
[step 7980/70000] loss=0.5675 lr=1.0e-05 (0.82s/step, ~14h06m left)
[step 7990/70000] loss=0.5711 lr=1.0e-05 (0.81s/step, ~14h01m left)
[step 8000/70000] loss=0.6056 lr=1.0e-05 (0.81s/step, ~14h01m left)
[step 8010/70000] loss=0.5945 lr=1.0e-05 (0.81s/step, ~14h01m left)
[step 8020/70000] loss=0.5806 lr=1.0e-05 (0.82s/step, ~14h04m left)
[step 8030/70000] loss=0.6080 lr=1.0e-05 (0.81s/step, ~14h00m left)
[step 8040/70000] loss=0.5870 lr=1.0e-05 (0.81s/step, ~13h57m left)
[step 8050/70000] loss=0.5692 lr=1.0e-05 (0.81s/step, ~13h57m left)
[step 8060/70000] loss=0.5879 lr=1.0e-05 (0.82s/step, ~14h03m left)
[step 8070/70000] loss=0.5771 lr=1.0e-05 (0.81s/step, ~14h01m left)
[step 8080/70000] loss=0.5741 lr=1.0e-05 (0.82s/step, ~14h02m left)
[step 8090/70000] loss=0.5975 lr=1.0e-05 (0.82s/step, ~14h03m left)
[step 8100/70000] loss=0.5726 lr=1.0e-05 (0.81s/step, ~13h57m left)
[step 8110/70000] loss=0.5682 lr=1.0e-05 (0.81s/step, ~13h58m left)
[step 8120/70000] loss=0.5637 lr=1.0e-05 (0.81s/step, ~13h58m left)
[step 8130/70000] loss=0.5807 lr=1.0e-05 (0.82s/step, ~14h04m left)
[step 8140/70000] loss=0.6090 lr=1.0e-05 (0.81s/step, ~13h59m left)
[step 8150/70000] loss=0.5828 lr=1.0e-05 (0.81s/step, ~13h58m left)
[step 8160/70000] loss=0.6164 lr=1.0e-05 (0.82s/step, ~14h00m left)
[step 8170/70000] loss=0.5884 lr=1.0e-05 (0.82s/step, ~14h05m left)
[step 8180/70000] loss=0.5975 lr=1.0e-05 (0.82s/step, ~14h02m left)
[step 8190/70000] loss=0.5865 lr=1.0e-05 (0.82s/step, ~14h01m left)
[step 8200/70000] loss=0.6127 lr=1.0e-05 (0.81s/step, ~13h58m left)
[step 8210/70000] loss=0.5896 lr=1.0e-05 (0.82s/step, ~14h01m left)
[step 8220/70000] loss=0.5967 lr=1.0e-05 (0.82s/step, ~14h00m left)
[step 8230/70000] loss=0.5962 lr=1.0e-05 (0.82s/step, ~14h00m left)
[step 8240/70000] loss=0.6225 lr=1.0e-05 (0.81s/step, ~13h56m left)
[step 8250/70000] loss=0.5986 lr=1.0e-05 (0.82s/step, ~14h00m left)
[step 8260/70000] loss=0.5947 lr=1.0e-05 (0.81s/step, ~13h57m left)
[step 8270/70000] loss=0.5690 lr=1.0e-05 (0.81s/step, ~13h54m left)
[step 8280/70000] loss=0.5734 lr=1.0e-05 (0.81s/step, ~13h56m left)
[step 8290/70000] loss=0.5892 lr=1.0e-05 (0.82s/step, ~13h59m left)
[step 8300/70000] loss=0.5689 lr=1.0e-05 (0.81s/step, ~13h57m left)
[step 8310/70000] loss=0.5762 lr=1.0e-05 (0.81s/step, ~13h57m left)
[step 8320/70000] loss=0.5955 lr=1.0e-05 (0.82s/step, ~14h00m left)
[step 8330/70000] loss=0.5950 lr=1.0e-05 (0.81s/step, ~13h54m left)
[step 8340/70000] loss=0.5811 lr=1.0e-05 (0.81s/step, ~13h54m left)
[step 8350/70000] loss=0.6255 lr=1.0e-05 (0.81s/step, ~13h55m left)
[step 8360/70000] loss=0.5954 lr=1.0e-05 (0.81s/step, ~13h56m left)
[step 8370/70000] loss=0.5964 lr=1.0e-05 (0.81s/step, ~13h54m left)
[step 8380/70000] loss=0.5946 lr=1.0e-05 (0.81s/step, ~13h55m left)
[step 8390/70000] loss=0.6129 lr=1.0e-05 (0.81s/step, ~13h54m left)
[step 8400/70000] loss=0.5763 lr=1.0e-05 (0.82s/step, ~13h58m left)
[step 8410/70000] loss=0.5867 lr=1.0e-05 (0.82s/step, ~13h57m left)
[step 8420/70000] loss=0.5843 lr=1.0e-05 (0.81s/step, ~13h56m left)
[step 8430/70000] loss=0.5927 lr=1.0e-05 (0.81s/step, ~13h55m left)
[step 8440/70000] loss=0.5660 lr=1.0e-05 (0.82s/step, ~13h56m left)
[step 8450/70000] loss=0.5710 lr=1.0e-05 (0.82s/step, ~13h58m left)
[step 8460/70000] loss=0.5752 lr=1.0e-05 (0.82s/step, ~13h57m left)
[step 8470/70000] loss=0.5965 lr=1.0e-05 (0.81s/step, ~13h55m left)
[step 8480/70000] loss=0.5893 lr=1.0e-05 (0.82s/step, ~14h01m left)
[step 8490/70000] loss=0.5862 lr=1.0e-05 (0.81s/step, ~13h54m left)
[step 8500/70000] loss=0.5999 lr=1.0e-05 (0.82s/step, ~13h55m left)
[step 8510/70000] loss=0.6092 lr=1.0e-05 (0.82s/step, ~13h57m left)
[step 8520/70000] loss=0.5655 lr=1.0e-05 (0.82s/step, ~14h02m left)
[step 8530/70000] loss=0.5662 lr=1.0e-05 (0.82s/step, ~13h58m left)
[step 8540/70000] loss=0.5733 lr=1.0e-05 (0.81s/step, ~13h53m left)
[step 8550/70000] loss=0.5876 lr=1.0e-05 (0.82s/step, ~13h58m left)
[step 8560/70000] loss=0.6172 lr=1.0e-05 (0.81s/step, ~13h54m left)
[step 8570/70000] loss=0.5908 lr=1.0e-05 (0.82s/step, ~13h54m left)
[step 8580/70000] loss=0.5761 lr=1.0e-05 (0.82s/step, ~13h56m left)
[step 8590/70000] loss=0.5905 lr=1.0e-05 (0.82s/step, ~13h59m left)
[step 8600/70000] loss=0.5946 lr=1.0e-05 (0.82s/step, ~13h54m left)
[step 8610/70000] loss=0.5734 lr=1.0e-05 (0.81s/step, ~13h50m left)
[step 8620/70000] loss=0.5781 lr=1.0e-05 (0.81s/step, ~13h51m left)
[step 8630/70000] loss=0.5713 lr=1.0e-05 (0.82s/step, ~14h01m left)
[step 8640/70000] loss=0.5665 lr=1.0e-05 (0.82s/step, ~13h53m left)
[step 8650/70000] loss=0.5859 lr=1.0e-05 (0.81s/step, ~13h52m left)
[step 8660/70000] loss=0.5762 lr=1.0e-05 (0.82s/step, ~13h53m left)
[step 8670/70000] loss=0.5793 lr=1.0e-05 (0.82s/step, ~13h55m left)
[step 8680/70000] loss=0.5919 lr=1.0e-05 (0.81s/step, ~13h50m left)
[step 8690/70000] loss=0.5814 lr=1.0e-05 (0.82s/step, ~13h55m left)
[step 8700/70000] loss=0.5748 lr=1.0e-05 (0.82s/step, ~13h54m left)
[step 8710/70000] loss=0.5852 lr=1.0e-05 (0.82s/step, ~13h55m left)
[step 8720/70000] loss=0.5833 lr=1.0e-05 (0.81s/step, ~13h51m left)
[step 8730/70000] loss=0.5899 lr=1.0e-05 (0.82s/step, ~13h53m left)
[step 8740/70000] loss=0.5989 lr=1.0e-05 (0.82s/step, ~13h56m left)
[step 8750/70000] loss=0.5712 lr=1.0e-05 (0.82s/step, ~13h52m left)
[step 8760/70000] loss=0.5862 lr=1.0e-05 (0.82s/step, ~13h55m left)
[step 8770/70000] loss=0.5960 lr=1.0e-05 (0.82s/step, ~13h55m left)
[step 8780/70000] loss=0.5951 lr=1.0e-05 (0.82s/step, ~14h01m left)
[step 8790/70000] loss=0.5960 lr=1.0e-05 (0.82s/step, ~13h52m left)
[step 8800/70000] loss=0.5788 lr=1.0e-05 (0.82s/step, ~13h53m left)
[step 8810/70000] loss=0.5910 lr=1.0e-05 (0.82s/step, ~13h51m left)
[step 8820/70000] loss=0.5917 lr=1.0e-05 (0.82s/step, ~13h55m left)
[step 8830/70000] loss=0.5941 lr=1.0e-05 (0.82s/step, ~13h51m left)
[step 8840/70000] loss=0.5788 lr=1.0e-05 (0.82s/step, ~13h51m left)
[step 8850/70000] loss=0.5803 lr=1.0e-05 (0.81s/step, ~13h49m left)
[step 8860/70000] loss=0.5875 lr=1.0e-05 (0.82s/step, ~13h51m left)
[step 8870/70000] loss=0.5781 lr=1.0e-05 (0.81s/step, ~13h48m left)
[step 8880/70000] loss=0.5888 lr=1.0e-05 (0.81s/step, ~13h48m left)
[step 8890/70000] loss=0.5931 lr=1.0e-05 (0.81s/step, ~13h47m left)
[step 8900/70000] loss=0.5765 lr=1.0e-05 (0.82s/step, ~13h54m left)
[step 8910/70000] loss=0.5914 lr=1.0e-05 (0.82s/step, ~13h51m left)
[step 8920/70000] loss=0.5812 lr=1.0e-05 (0.81s/step, ~13h46m left)
[step 8930/70000] loss=0.5731 lr=1.0e-05 (0.82s/step, ~13h49m left)
[step 8940/70000] loss=0.5865 lr=1.0e-05 (0.82s/step, ~13h49m left)
[step 8950/70000] loss=0.5800 lr=1.0e-05 (0.81s/step, ~13h48m left)
[step 8960/70000] loss=0.6039 lr=1.0e-05 (0.81s/step, ~13h47m left)
[step 8970/70000] loss=0.5801 lr=1.0e-05 (0.82s/step, ~13h51m left)
[step 8980/70000] loss=0.5816 lr=1.0e-05 (0.81s/step, ~13h47m left)
[step 8990/70000] loss=0.6326 lr=1.0e-05 (0.81s/step, ~13h48m left)
[step 9000/70000] loss=0.5738 lr=1.0e-05 (0.81s/step, ~13h45m left)
[step 9010/70000] loss=0.5875 lr=1.0e-05 (0.82s/step, ~13h49m left)
[step 9020/70000] loss=0.5829 lr=1.0e-05 (0.81s/step, ~13h47m left)
[step 9030/70000] loss=0.5995 lr=1.0e-05 (0.81s/step, ~13h47m left)
[step 9040/70000] loss=0.5852 lr=1.0e-05 (0.82s/step, ~13h49m left)
[step 9050/70000] loss=0.5799 lr=1.0e-05 (0.82s/step, ~13h52m left)
[step 9060/70000] loss=0.5690 lr=1.0e-05 (0.82s/step, ~13h50m left)
[step 9070/70000] loss=0.5813 lr=1.0e-05 (0.82s/step, ~13h50m left)
[step 9080/70000] loss=0.6026 lr=1.0e-05 (0.82s/step, ~13h48m left)
[step 9090/70000] loss=0.5740 lr=1.0e-05 (0.82s/step, ~13h53m left)
[step 9100/70000] loss=0.5805 lr=1.0e-05 (0.82s/step, ~13h47m left)
[step 9110/70000] loss=0.5999 lr=1.0e-05 (0.82s/step, ~13h50m left)
[step 9120/70000] loss=0.5872 lr=1.0e-05 (0.82s/step, ~13h48m left)
[step 9130/70000] loss=0.5778 lr=1.0e-05 (0.81s/step, ~13h45m left)
[step 9140/70000] loss=0.5972 lr=1.0e-05 (0.81s/step, ~13h41m left)
[step 9150/70000] loss=0.5852 lr=1.0e-05 (0.81s/step, ~13h40m left)
[step 9160/70000] loss=0.5850 lr=1.0e-05 (0.81s/step, ~13h44m left)
[step 9170/70000] loss=0.5738 lr=1.0e-05 (0.81s/step, ~13h43m left)
[step 9180/70000] loss=0.5788 lr=1.0e-05 (0.82s/step, ~13h48m left)
[step 9190/70000] loss=0.5875 lr=1.0e-05 (0.82s/step, ~13h49m left)
[step 9200/70000] loss=0.5740 lr=1.0e-05 (0.82s/step, ~13h53m left)
[step 9210/70000] loss=0.5927 lr=1.0e-05 (0.82s/step, ~13h45m left)
[step 9220/70000] loss=0.5757 lr=1.0e-05 (0.81s/step, ~13h45m left)
[step 9230/70000] loss=0.5998 lr=1.0e-05 (0.82s/step, ~13h46m left)
[step 9240/70000] loss=0.5932 lr=1.0e-05 (0.82s/step, ~13h53m left)
[step 9250/70000] loss=0.5825 lr=1.0e-05 (0.82s/step, ~13h47m left)
[step 9260/70000] loss=0.5947 lr=1.0e-05 (0.82s/step, ~13h45m left)
[step 9270/70000] loss=0.5925 lr=1.0e-05 (0.82s/step, ~13h46m left)
[step 9280/70000] loss=0.5756 lr=1.0e-05 (0.82s/step, ~13h49m left)
[step 9290/70000] loss=0.5857 lr=1.0e-05 (0.82s/step, ~13h45m left)
[step 9300/70000] loss=0.5677 lr=1.0e-05 (0.81s/step, ~13h43m left)
[step 9310/70000] loss=0.5728 lr=1.0e-05 (0.83s/step, ~13h56m left)
[step 9320/70000] loss=0.5917 lr=1.0e-05 (0.82s/step, ~13h49m left)
[step 9330/70000] loss=0.5975 lr=1.0e-05 (0.82s/step, ~13h48m left)
[step 9340/70000] loss=0.5950 lr=1.0e-05 (0.82s/step, ~13h47m left)
[step 9350/70000] loss=0.5947 lr=1.0e-05 (0.82s/step, ~13h51m left)
[step 9360/70000] loss=0.5979 lr=1.0e-05 (0.82s/step, ~13h47m left)
[step 9370/70000] loss=0.5799 lr=1.0e-05 (0.82s/step, ~13h45m left)
[step 9380/70000] loss=0.5781 lr=1.0e-05 (0.82s/step, ~13h46m left)
[step 9390/70000] loss=0.5907 lr=1.0e-05 (0.82s/step, ~13h48m left)
[step 9400/70000] loss=0.5930 lr=1.0e-05 (0.82s/step, ~13h46m left)
[step 9410/70000] loss=0.5760 lr=1.0e-05 (0.82s/step, ~13h43m left)
[step 9420/70000] loss=0.5770 lr=1.0e-05 (0.82s/step, ~13h47m left)
[step 9430/70000] loss=0.5874 lr=1.0e-05 (0.81s/step, ~13h41m left)
[step 9440/70000] loss=0.5784 lr=1.0e-05 (0.81s/step, ~13h41m left)
[step 9450/70000] loss=0.5922 lr=1.0e-05 (0.83s/step, ~13h57m left)
[step 9460/70000] loss=0.5873 lr=1.0e-05 (0.83s/step, ~13h59m left)
[step 9470/70000] loss=0.5879 lr=1.0e-05 (0.82s/step, ~13h50m left)
[step 9480/70000] loss=0.5835 lr=1.0e-05 (0.83s/step, ~13h53m left)
[step 9490/70000] loss=0.5859 lr=1.0e-05 (0.88s/step, ~14h44m left)
[step 9500/70000] loss=0.5978 lr=1.0e-05 (0.84s/step, ~14h09m left)
[step 9510/70000] loss=0.5982 lr=1.0e-05 (0.85s/step, ~14h18m left)
[step 9520/70000] loss=0.6108 lr=1.0e-05 (0.84s/step, ~14h02m left)
[step 9530/70000] loss=0.5814 lr=1.0e-05 (0.83s/step, ~13h55m left)
[step 9540/70000] loss=0.5778 lr=1.0e-05 (0.82s/step, ~13h45m left)
[step 9550/70000] loss=0.5800 lr=1.0e-05 (0.82s/step, ~13h45m left)
[step 9560/70000] loss=0.5848 lr=1.0e-05 (0.82s/step, ~13h46m left)
[step 9570/70000] loss=0.5807 lr=1.0e-05 (0.83s/step, ~13h51m left)
[step 9580/70000] loss=0.5868 lr=1.0e-05 (0.82s/step, ~13h43m left)
[step 9590/70000] loss=0.5754 lr=1.0e-05 (0.82s/step, ~13h44m left)
[step 9600/70000] loss=0.5794 lr=1.0e-05 (0.82s/step, ~13h45m left)
[step 9610/70000] loss=0.6058 lr=1.0e-05 (0.82s/step, ~13h46m left)
[step 9620/70000] loss=0.5794 lr=1.0e-05 (0.82s/step, ~13h41m left)
[step 9630/70000] loss=0.5908 lr=1.0e-05 (0.82s/step, ~13h40m left)
[step 9640/70000] loss=0.5842 lr=1.0e-05 (0.83s/step, ~13h50m left)
[step 9650/70000] loss=0.5823 lr=1.0e-05 (0.82s/step, ~13h43m left)
[step 9660/70000] loss=0.5860 lr=1.0e-05 (0.82s/step, ~13h44m left)
[step 9670/70000] loss=0.5643 lr=1.0e-05 (0.82s/step, ~13h44m left)
[step 9680/70000] loss=0.6032 lr=1.0e-05 (0.82s/step, ~13h47m left)
[step 9690/70000] loss=0.6025 lr=1.0e-05 (0.82s/step, ~13h44m left)
[step 9700/70000] loss=0.5890 lr=1.0e-05 (0.82s/step, ~13h42m left)
[step 9710/70000] loss=0.5828 lr=1.0e-05 (0.82s/step, ~13h41m left)
[step 9720/70000] loss=0.6022 lr=1.0e-05 (0.82s/step, ~13h46m left)
[step 9730/70000] loss=0.5823 lr=1.0e-05 (0.82s/step, ~13h41m left)
[step 9740/70000] loss=0.5761 lr=1.0e-05 (0.82s/step, ~13h42m left)
[step 9750/70000] loss=0.5820 lr=1.0e-05 (0.82s/step, ~13h45m left)
[step 9760/70000] loss=0.5723 lr=1.0e-05 (0.82s/step, ~13h41m left)
[step 9770/70000] loss=0.5778 lr=1.0e-05 (0.82s/step, ~13h40m left)
[step 9780/70000] loss=0.5856 lr=1.0e-05 (0.82s/step, ~13h40m left)
[step 9790/70000] loss=0.6063 lr=1.0e-05 (0.82s/step, ~13h47m left)
[step 9800/70000] loss=0.5701 lr=1.0e-05 (0.82s/step, ~13h42m left)
[step 9810/70000] loss=0.5825 lr=1.0e-05 (0.82s/step, ~13h42m left)
[step 9820/70000] loss=0.5751 lr=1.0e-05 (0.82s/step, ~13h42m left)
[step 9830/70000] loss=0.5768 lr=1.0e-05 (0.82s/step, ~13h43m left)
[step 9840/70000] loss=0.5793 lr=1.0e-05 (0.82s/step, ~13h38m left)
[step 9850/70000] loss=0.5737 lr=1.0e-05 (0.82s/step, ~13h37m left)
[step 9860/70000] loss=0.5742 lr=1.0e-05 (0.82s/step, ~13h37m left)
[step 9870/70000] loss=0.5955 lr=1.0e-05 (0.82s/step, ~13h41m left)
[step 9880/70000] loss=0.5969 lr=1.0e-05 (0.82s/step, ~13h39m left)
[step 9890/70000] loss=0.5900 lr=1.0e-05 (0.82s/step, ~13h38m left)
[step 9900/70000] loss=0.5767 lr=1.0e-05 (0.82s/step, ~13h41m left)
[step 9910/70000] loss=0.5955 lr=1.0e-05 (0.81s/step, ~13h36m left)
[step 9920/70000] loss=0.5920 lr=1.0e-05 (0.82s/step, ~13h36m left)
[step 9930/70000] loss=0.5936 lr=1.0e-05 (0.82s/step, ~13h38m left)
[step 9940/70000] loss=0.5908 lr=1.0e-05 (0.82s/step, ~13h42m left)
[step 9950/70000] loss=0.5774 lr=1.0e-05 (0.82s/step, ~13h37m left)
[step 9960/70000] loss=0.5978 lr=1.0e-05 (0.82s/step, ~13h36m left)
[step 9970/70000] loss=0.5955 lr=1.0e-05 (0.81s/step, ~13h35m left)
[step 9980/70000] loss=0.5987 lr=1.0e-05 (0.82s/step, ~13h38m left)
[step 9990/70000] loss=0.5699 lr=1.0e-05 (0.81s/step, ~13h35m left)
[lr decay @ step 10000] lr=9.00e-06
[step 10000/70000] loss=0.5806 lr=9.0e-06 (0.82s/step, ~13h35m left)
[eval @ step 10000] val_loss=0.5571 train_loss=0.5885
[saved] runs/finetune_001/step_0010000.pth
[step 10010/70000] loss=0.5747 lr=9.0e-06 (0.82s/step, ~13h39m left)
[step 10020/70000] loss=0.5925 lr=9.0e-06 (0.82s/step, ~13h38m left)
[step 10030/70000] loss=0.5814 lr=9.0e-06 (0.82s/step, ~13h37m left)
[step 10040/70000] loss=0.5862 lr=9.0e-06 (0.82s/step, ~13h43m left)
[step 10050/70000] loss=0.5890 lr=9.0e-06 (0.82s/step, ~13h38m left)
[step 10060/70000] loss=0.5687 lr=9.0e-06 (0.82s/step, ~13h38m left)
[step 10070/70000] loss=0.5990 lr=9.0e-06 (0.82s/step, ~13h37m left)
[step 10080/70000] loss=0.5920 lr=9.0e-06 (0.82s/step, ~13h41m left)
[step 10090/70000] loss=0.5861 lr=9.0e-06 (0.82s/step, ~13h36m left)
[step 10100/70000] loss=0.5948 lr=9.0e-06 (0.82s/step, ~13h36m left)
[step 10110/70000] loss=0.5923 lr=9.0e-06 (0.82s/step, ~13h36m left)
[step 10120/70000] loss=0.5706 lr=9.0e-06 (0.82s/step, ~13h39m left)
[step 10130/70000] loss=0.5741 lr=9.0e-06 (0.82s/step, ~13h35m left)
[step 10140/70000] loss=0.6158 lr=9.0e-06 (0.82s/step, ~13h35m left)
[step 10150/70000] loss=0.5863 lr=9.0e-06 (0.82s/step, ~13h35m left)
[step 10160/70000] loss=0.5808 lr=9.0e-06 (0.82s/step, ~13h39m left)
[step 10170/70000] loss=0.5831 lr=9.0e-06 (0.82s/step, ~13h35m left)
[step 10180/70000] loss=0.5804 lr=9.0e-06 (0.82s/step, ~13h38m left)
[step 10190/70000] loss=0.5875 lr=9.0e-06 (0.82s/step, ~13h42m left)
[step 10200/70000] loss=0.5851 lr=9.0e-06 (0.82s/step, ~13h38m left)
[step 10210/70000] loss=0.5648 lr=9.0e-06 (0.82s/step, ~13h38m left)
[step 10220/70000] loss=0.5923 lr=9.0e-06 (0.82s/step, ~13h37m left)
[step 10230/70000] loss=0.5778 lr=9.0e-06 (0.82s/step, ~13h41m left)
[step 10240/70000] loss=0.5681 lr=9.0e-06 (0.82s/step, ~13h37m left)
[step 10250/70000] loss=0.5867 lr=9.0e-06 (0.82s/step, ~13h36m left)
[step 10260/70000] loss=0.6077 lr=9.0e-06 (0.82s/step, ~13h37m left)
[step 10270/70000] loss=0.5985 lr=9.0e-06 (0.82s/step, ~13h40m left)
[step 10280/70000] loss=0.5887 lr=9.0e-06 (0.82s/step, ~13h36m left)
[step 10290/70000] loss=0.5856 lr=9.0e-06 (0.82s/step, ~13h34m left)
[step 10300/70000] loss=0.5773 lr=9.0e-06 (0.82s/step, ~13h38m left)
[step 10310/70000] loss=0.5868 lr=9.0e-06 (0.82s/step, ~13h35m left)
[step 10320/70000] loss=0.5837 lr=9.0e-06 (0.83s/step, ~13h42m left)
[step 10330/70000] loss=0.5744 lr=9.0e-06 (0.83s/step, ~13h40m left)
[step 10340/70000] loss=0.5882 lr=9.0e-06 (0.83s/step, ~13h41m left)
[step 10350/70000] loss=0.5768 lr=9.0e-06 (0.82s/step, ~13h34m left)
[step 10360/70000] loss=0.5835 lr=9.0e-06 (0.82s/step, ~13h37m left)
[step 10370/70000] loss=0.5805 lr=9.0e-06 (0.82s/step, ~13h37m left)
[step 10380/70000] loss=0.5729 lr=9.0e-06 (0.83s/step, ~13h41m left)
[step 10390/70000] loss=0.5702 lr=9.0e-06 (0.82s/step, ~13h34m left)
[step 10400/70000] loss=0.5898 lr=9.0e-06 (0.82s/step, ~13h33m left)
[step 10410/70000] loss=0.5779 lr=9.0e-06 (0.83s/step, ~13h39m left)
[step 10420/70000] loss=0.5757 lr=9.0e-06 (0.82s/step, ~13h33m left)
[step 10430/70000] loss=0.5763 lr=9.0e-06 (0.82s/step, ~13h31m left)
[step 10440/70000] loss=0.5925 lr=9.0e-06 (0.82s/step, ~13h32m left)
[step 10450/70000] loss=0.5719 lr=9.0e-06 (0.82s/step, ~13h35m left)
[step 10460/70000] loss=0.5910 lr=9.0e-06 (0.82s/step, ~13h31m left)
[step 10470/70000] loss=0.5659 lr=9.0e-06 (0.82s/step, ~13h31m left)
[step 10480/70000] loss=0.5669 lr=9.0e-06 (0.82s/step, ~13h31m left)
[step 10490/70000] loss=0.6001 lr=9.0e-06 (0.82s/step, ~13h34m left)
[step 10500/70000] loss=0.5663 lr=9.0e-06 (0.82s/step, ~13h31m left)
[step 10510/70000] loss=0.5801 lr=9.0e-06 (0.82s/step, ~13h31m left)
[step 10520/70000] loss=0.5750 lr=9.0e-06 (0.82s/step, ~13h33m left)
[step 10530/70000] loss=0.5872 lr=9.0e-06 (0.82s/step, ~13h33m left)
[step 10540/70000] loss=0.5855 lr=9.0e-06 (0.82s/step, ~13h31m left)
[step 10550/70000] loss=0.5785 lr=9.0e-06 (0.82s/step, ~13h35m left)
[step 10560/70000] loss=0.5836 lr=9.0e-06 (0.83s/step, ~13h41m left)
[step 10570/70000] loss=0.5808 lr=9.0e-06 (0.82s/step, ~13h34m left)
[step 10580/70000] loss=0.5977 lr=9.0e-06 (0.82s/step, ~13h34m left)
[step 10590/70000] loss=0.5882 lr=9.0e-06 (0.82s/step, ~13h32m left)
[step 10600/70000] loss=0.5857 lr=9.0e-06 (0.82s/step, ~13h35m left)
[step 10610/70000] loss=0.5853 lr=9.0e-06 (0.82s/step, ~13h30m left)
[step 10620/70000] loss=0.5669 lr=9.0e-06 (0.82s/step, ~13h29m left)
[step 10630/70000] loss=0.5663 lr=9.0e-06 (0.82s/step, ~13h29m left)
[step 10640/70000] loss=0.5711 lr=9.0e-06 (0.83s/step, ~13h36m left)
[step 10650/70000] loss=0.5918 lr=9.0e-06 (0.82s/step, ~13h32m left)
[step 10660/70000] loss=0.6050 lr=9.0e-06 (0.82s/step, ~13h32m left)
[step 10670/70000] loss=0.5843 lr=9.0e-06 (0.82s/step, ~13h35m left)
[step 10680/70000] loss=0.5933 lr=9.0e-06 (0.82s/step, ~13h30m left)
[step 10690/70000] loss=0.5822 lr=9.0e-06 (0.82s/step, ~13h32m left)
[step 10700/70000] loss=0.5749 lr=9.0e-06 (0.82s/step, ~13h32m left)
[step 10710/70000] loss=0.5741 lr=9.0e-06 (0.82s/step, ~13h33m left)
[step 10720/70000] loss=0.5907 lr=9.0e-06 (0.82s/step, ~13h33m left)
[step 10730/70000] loss=0.5744 lr=9.0e-06 (0.82s/step, ~13h33m left)
[step 10740/70000] loss=0.5775 lr=9.0e-06 (0.82s/step, ~13h33m left)
[step 10750/70000] loss=0.5754 lr=9.0e-06 (0.83s/step, ~13h38m left)
[step 10760/70000] loss=0.5779 lr=9.0e-06 (0.82s/step, ~13h33m left)
[step 10770/70000] loss=0.5704 lr=9.0e-06 (0.82s/step, ~13h31m left)
[step 10780/70000] loss=0.5905 lr=9.0e-06 (0.83s/step, ~13h34m left)
[step 10790/70000] loss=0.5740 lr=9.0e-06 (0.82s/step, ~13h31m left)
[step 10800/70000] loss=0.5637 lr=9.0e-06 (0.82s/step, ~13h31m left)
[step 10810/70000] loss=0.5940 lr=9.0e-06 (0.82s/step, ~13h32m left)
[step 10820/70000] loss=0.5849 lr=9.0e-06 (0.83s/step, ~13h35m left)
[step 10830/70000] loss=0.5880 lr=9.0e-06 (0.82s/step, ~13h30m left)
[step 10840/70000] loss=0.5657 lr=9.0e-06 (0.83s/step, ~13h33m left)
[step 10850/70000] loss=0.5940 lr=9.0e-06 (0.82s/step, ~13h31m left)
[step 10860/70000] loss=0.5814 lr=9.0e-06 (0.83s/step, ~13h34m left)
[step 10870/70000] loss=0.5723 lr=9.0e-06 (0.82s/step, ~13h30m left)
[step 10880/70000] loss=0.5826 lr=9.0e-06 (0.83s/step, ~13h37m left)
[step 10890/70000] loss=0.5802 lr=9.0e-06 (0.83s/step, ~13h36m left)
[step 10900/70000] loss=0.5851 lr=9.0e-06 (0.82s/step, ~13h30m left)
[step 10910/70000] loss=0.5757 lr=9.0e-06 (0.82s/step, ~13h31m left)
[step 10920/70000] loss=0.5839 lr=9.0e-06 (0.82s/step, ~13h29m left)
[step 10930/70000] loss=0.5771 lr=9.0e-06 (0.83s/step, ~13h34m left)
[step 10940/70000] loss=0.5795 lr=9.0e-06 (0.82s/step, ~13h26m left)
[step 10950/70000] loss=0.5801 lr=9.0e-06 (0.82s/step, ~13h24m left)
[step 10960/70000] loss=0.5832 lr=9.0e-06 (0.82s/step, ~13h25m left)
[step 10970/70000] loss=0.5937 lr=9.0e-06 (0.82s/step, ~13h30m left)
[step 10980/70000] loss=0.5926 lr=9.0e-06 (0.82s/step, ~13h27m left)
[step 10990/70000] loss=0.5599 lr=9.0e-06 (0.82s/step, ~13h28m left)
[step 11000/70000] loss=0.5844 lr=9.0e-06 (0.82s/step, ~13h30m left)
[step 11010/70000] loss=0.5825 lr=9.0e-06 (0.82s/step, ~13h22m left)
[step 11020/70000] loss=0.5887 lr=9.0e-06 (0.82s/step, ~13h21m left)
[step 11030/70000] loss=0.5786 lr=9.0e-06 (0.82s/step, ~13h21m left)
[step 11040/70000] loss=0.5718 lr=9.0e-06 (0.82s/step, ~13h23m left)
[step 11050/70000] loss=0.5983 lr=9.0e-06 (0.82s/step, ~13h23m left)
[step 11060/70000] loss=0.6048 lr=9.0e-06 (0.82s/step, ~13h22m left)
[step 11070/70000] loss=0.6029 lr=9.0e-06 (0.82s/step, ~13h21m left)
[step 11080/70000] loss=0.5730 lr=9.0e-06 (0.82s/step, ~13h27m left)
[step 11090/70000] loss=0.5910 lr=9.0e-06 (0.82s/step, ~13h21m left)
[step 11100/70000] loss=0.5900 lr=9.0e-06 (0.82s/step, ~13h22m left)
[step 11110/70000] loss=0.5887 lr=9.0e-06 (0.82s/step, ~13h22m left)
[step 11120/70000] loss=0.5926 lr=9.0e-06 (0.82s/step, ~13h25m left)
[step 11130/70000] loss=0.5873 lr=9.0e-06 (0.82s/step, ~13h21m left)
[step 11140/70000] loss=0.5891 lr=9.0e-06 (0.82s/step, ~13h20m left)
[step 11150/70000] loss=0.5753 lr=9.0e-06 (0.82s/step, ~13h25m left)
[step 11160/70000] loss=0.6099 lr=9.0e-06 (0.82s/step, ~13h19m left)
[step 11170/70000] loss=0.5869 lr=9.0e-06 (0.82s/step, ~13h20m left)
[step 11180/70000] loss=0.5790 lr=9.0e-06 (0.82s/step, ~13h20m left)
[step 11190/70000] loss=0.5967 lr=9.0e-06 (0.82s/step, ~13h25m left)
[step 11200/70000] loss=0.5677 lr=9.0e-06 (0.82s/step, ~13h19m left)
[step 11210/70000] loss=0.5755 lr=9.0e-06 (0.82s/step, ~13h20m left)
[step 11220/70000] loss=0.5755 lr=9.0e-06 (0.82s/step, ~13h19m left)
[step 11230/70000] loss=0.5680 lr=9.0e-06 (0.82s/step, ~13h23m left)
[step 11240/70000] loss=0.5911 lr=9.0e-06 (0.82s/step, ~13h19m left)
[step 11250/70000] loss=0.5834 lr=9.0e-06 (0.82s/step, ~13h19m left)
[step 11260/70000] loss=0.5801 lr=9.0e-06 (0.82s/step, ~13h20m left)
[step 11270/70000] loss=0.5759 lr=9.0e-06 (0.82s/step, ~13h23m left)
[step 11280/70000] loss=0.5779 lr=9.0e-06 (0.82s/step, ~13h22m left)
[step 11290/70000] loss=0.5823 lr=9.0e-06 (0.82s/step, ~13h24m left)
[step 11300/70000] loss=0.5743 lr=9.0e-06 (0.82s/step, ~13h25m left)
[step 11310/70000] loss=0.5771 lr=9.0e-06 (0.82s/step, ~13h23m left)
[step 11320/70000] loss=0.5839 lr=9.0e-06 (0.82s/step, ~13h24m left)
[step 11330/70000] loss=0.6015 lr=9.0e-06 (0.82s/step, ~13h22m left)
[step 11340/70000] loss=0.5731 lr=9.0e-06 (0.83s/step, ~13h26m left)
[step 11350/70000] loss=0.5977 lr=9.0e-06 (0.82s/step, ~13h22m left)
[step 11360/70000] loss=0.5761 lr=9.0e-06 (0.82s/step, ~13h22m left)
[step 11370/70000] loss=0.5794 lr=9.0e-06 (0.82s/step, ~13h22m left)
[step 11380/70000] loss=0.5753 lr=9.0e-06 (0.83s/step, ~13h28m left)
[step 11390/70000] loss=0.5753 lr=9.0e-06 (0.82s/step, ~13h22m left)
[step 11400/70000] loss=0.5812 lr=9.0e-06 (0.82s/step, ~13h23m left)
[step 11410/70000] loss=0.5735 lr=9.0e-06 (0.83s/step, ~13h26m left)
[step 11420/70000] loss=0.5681 lr=9.0e-06 (0.82s/step, ~13h18m left)
[step 11430/70000] loss=0.5838 lr=9.0e-06 (0.82s/step, ~13h17m left)
[step 11440/70000] loss=0.5948 lr=9.0e-06 (0.82s/step, ~13h18m left)
[step 11450/70000] loss=0.5774 lr=9.0e-06 (0.82s/step, ~13h24m left)
[step 11460/70000] loss=0.5708 lr=9.0e-06 (0.82s/step, ~13h20m left)
[step 11470/70000] loss=0.5776 lr=9.0e-06 (0.82s/step, ~13h18m left)
[step 11480/70000] loss=0.5881 lr=9.0e-06 (0.82s/step, ~13h18m left)
[step 11490/70000] loss=0.5867 lr=9.0e-06 (0.82s/step, ~13h22m left)
[step 11500/70000] loss=0.5803 lr=9.0e-06 (0.82s/step, ~13h20m left)
[step 11510/70000] loss=0.6064 lr=9.0e-06 (0.82s/step, ~13h19m left)
[step 11520/70000] loss=0.5916 lr=9.0e-06 (0.83s/step, ~13h27m left)
[step 11530/70000] loss=0.5850 lr=9.0e-06 (0.82s/step, ~13h19m left)
[step 11540/70000] loss=0.5833 lr=9.0e-06 (0.82s/step, ~13h20m left)
[step 11550/70000] loss=0.6037 lr=9.0e-06 (0.82s/step, ~13h21m left)
[step 11560/70000] loss=0.6031 lr=9.0e-06 (0.82s/step, ~13h23m left)
[step 11570/70000] loss=0.5969 lr=9.0e-06 (0.82s/step, ~13h19m left)
[step 11580/70000] loss=0.5616 lr=9.0e-06 (0.82s/step, ~13h19m left)
[step 11590/70000] loss=0.5678 lr=9.0e-06 (0.82s/step, ~13h18m left)
[step 11600/70000] loss=0.5817 lr=9.0e-06 (0.83s/step, ~13h23m left)
[step 11610/70000] loss=0.5875 lr=9.0e-06 (0.82s/step, ~13h19m left)
[step 11620/70000] loss=0.5848 lr=9.0e-06 (0.82s/step, ~13h18m left)
[step 11630/70000] loss=0.5904 lr=9.0e-06 (0.82s/step, ~13h18m left)
[step 11640/70000] loss=0.5934 lr=9.0e-06 (0.82s/step, ~13h21m left)
[step 11650/70000] loss=0.6049 lr=9.0e-06 (0.82s/step, ~13h18m left)
[step 11660/70000] loss=0.5888 lr=9.0e-06 (0.82s/step, ~13h21m left)
[step 11670/70000] loss=0.5734 lr=9.0e-06 (0.83s/step, ~13h23m left)
[step 11680/70000] loss=0.5874 lr=9.0e-06 (0.82s/step, ~13h20m left)
[step 11690/70000] loss=0.5945 lr=9.0e-06 (0.82s/step, ~13h21m left)
[step 11700/70000] loss=0.5914 lr=9.0e-06 (0.82s/step, ~13h18m left)
[step 11710/70000] loss=0.5755 lr=9.0e-06 (0.83s/step, ~13h23m left)
[step 11720/70000] loss=0.5730 lr=9.0e-06 (0.82s/step, ~13h18m left)
[step 11730/70000] loss=0.5788 lr=9.0e-06 (0.82s/step, ~13h18m left)
[step 11740/70000] loss=0.5863 lr=9.0e-06 (0.82s/step, ~13h17m left)
[step 11750/70000] loss=0.6081 lr=9.0e-06 (0.83s/step, ~13h22m left)
[step 11760/70000] loss=0.5715 lr=9.0e-06 (0.82s/step, ~13h16m left)
[step 11770/70000] loss=0.5675 lr=9.0e-06 (0.82s/step, ~13h18m left)
[step 11780/70000] loss=0.5856 lr=9.0e-06 (0.82s/step, ~13h15m left)
[step 11790/70000] loss=0.5840 lr=9.0e-06 (0.83s/step, ~13h20m left)
[step 11800/70000] loss=0.5848 lr=9.0e-06 (0.82s/step, ~13h16m left)
[step 11810/70000] loss=0.5904 lr=9.0e-06 (0.82s/step, ~13h16m left)
[step 11820/70000] loss=0.5733 lr=9.0e-06 (0.83s/step, ~13h21m left)
[step 11830/70000] loss=0.5716 lr=9.0e-06 (0.82s/step, ~13h15m left)
[step 11840/70000] loss=0.5858 lr=9.0e-06 (0.82s/step, ~13h14m left)
[step 11850/70000] loss=0.6090 lr=9.0e-06 (0.82s/step, ~13h15m left)
[step 11860/70000] loss=0.5653 lr=9.0e-06 (0.83s/step, ~13h21m left)
[step 11870/70000] loss=0.6015 lr=9.0e-06 (0.82s/step, ~13h16m left)
[step 11880/70000] loss=0.5884 lr=9.0e-06 (0.82s/step, ~13h15m left)
[step 11890/70000] loss=0.5928 lr=9.0e-06 (0.82s/step, ~13h17m left)
[step 11900/70000] loss=0.5844 lr=9.0e-06 (0.83s/step, ~13h21m left)
[step 11910/70000] loss=0.5935 lr=9.0e-06 (0.82s/step, ~13h14m left)
[step 11920/70000] loss=0.5815 lr=9.0e-06 (0.82s/step, ~13h15m left)
[step 11930/70000] loss=0.5830 lr=9.0e-06 (0.82s/step, ~13h17m left)
[step 11940/70000] loss=0.5703 lr=9.0e-06 (0.83s/step, ~13h19m left)
[step 11950/70000] loss=0.5764 lr=9.0e-06 (0.82s/step, ~13h14m left)
[step 11960/70000] loss=0.5849 lr=9.0e-06 (0.82s/step, ~13h15m left)
[step 11970/70000] loss=0.5780 lr=9.0e-06 (0.83s/step, ~13h20m left)
[step 11980/70000] loss=0.5766 lr=9.0e-06 (0.82s/step, ~13h14m left)
[step 11990/70000] loss=0.6191 lr=9.0e-06 (0.82s/step, ~13h16m left)
[step 12000/70000] loss=0.5732 lr=9.0e-06 (0.82s/step, ~13h13m left)
[step 12010/70000] loss=0.5833 lr=9.0e-06 (0.82s/step, ~13h15m left)
[step 12020/70000] loss=0.5764 lr=9.0e-06 (0.82s/step, ~13h11m left)
[step 12030/70000] loss=0.5713 lr=9.0e-06 (0.82s/step, ~13h12m left)
[step 12040/70000] loss=0.5901 lr=9.0e-06 (0.82s/step, ~13h11m left)
[step 12050/70000] loss=0.5756 lr=9.0e-06 (0.82s/step, ~13h15m left)
[step 12060/70000] loss=0.5947 lr=9.0e-06 (0.82s/step, ~13h12m left)
[step 12070/70000] loss=0.5663 lr=9.0e-06 (0.82s/step, ~13h12m left)
[step 12080/70000] loss=0.5935 lr=9.0e-06 (0.82s/step, ~13h16m left)
[step 12090/70000] loss=0.5732 lr=9.0e-06 (0.82s/step, ~13h11m left)
[step 12100/70000] loss=0.6043 lr=9.0e-06 (0.82s/step, ~13h10m left)
[step 12110/70000] loss=0.5715 lr=9.0e-06 (0.82s/step, ~13h09m left)
[step 12120/70000] loss=0.5870 lr=9.0e-06 (0.83s/step, ~13h16m left)
[step 12130/70000] loss=0.5815 lr=9.0e-06 (0.82s/step, ~13h15m left)
[step 12140/70000] loss=0.5801 lr=9.0e-06 (0.82s/step, ~13h10m left)
[step 12150/70000] loss=0.5782 lr=9.0e-06 (0.82s/step, ~13h10m left)
[step 12160/70000] loss=0.5746 lr=9.0e-06 (0.82s/step, ~13h14m left)
[step 12170/70000] loss=0.5811 lr=9.0e-06 (0.82s/step, ~13h15m left)
[step 12180/70000] loss=0.5952 lr=9.0e-06 (0.83s/step, ~13h19m left)
[step 12190/70000] loss=0.5797 lr=9.0e-06 (0.82s/step, ~13h10m left)
[step 12200/70000] loss=0.5803 lr=9.0e-06 (0.82s/step, ~13h08m left)
[step 12210/70000] loss=0.5705 lr=9.0e-06 (0.82s/step, ~13h06m left)
[step 12220/70000] loss=0.5768 lr=9.0e-06 (0.82s/step, ~13h13m left)
[step 12230/70000] loss=0.5762 lr=9.0e-06 (0.82s/step, ~13h12m left)
[step 12240/70000] loss=0.5706 lr=9.0e-06 (0.82s/step, ~13h11m left)
[step 12250/70000] loss=0.5723 lr=9.0e-06 (0.82s/step, ~13h11m left)
[step 12260/70000] loss=0.5838 lr=9.0e-06 (0.82s/step, ~13h13m left)
[step 12270/70000] loss=0.5825 lr=9.0e-06 (0.82s/step, ~13h10m left)
[step 12280/70000] loss=0.5867 lr=9.0e-06 (0.82s/step, ~13h08m left)
[step 12290/70000] loss=0.5699 lr=9.0e-06 (0.82s/step, ~13h08m left)
[step 12300/70000] loss=0.5949 lr=9.0e-06 (0.82s/step, ~13h07m left)
[step 12310/70000] loss=0.5935 lr=9.0e-06 (0.82s/step, ~13h03m left)
[step 12320/70000] loss=0.5823 lr=9.0e-06 (0.82s/step, ~13h06m left)
[step 12330/70000] loss=0.5945 lr=9.0e-06 (0.82s/step, ~13h09m left)
[step 12340/70000] loss=0.5777 lr=9.0e-06 (0.82s/step, ~13h10m left)
[step 12350/70000] loss=0.6093 lr=9.0e-06 (0.82s/step, ~13h09m left)
[step 12360/70000] loss=0.5769 lr=9.0e-06 (0.82s/step, ~13h11m left)
[step 12370/70000] loss=0.6065 lr=9.0e-06 (0.82s/step, ~13h08m left)
[step 12380/70000] loss=0.5793 lr=9.0e-06 (0.83s/step, ~13h14m left)
[step 12390/70000] loss=0.5774 lr=9.0e-06 (0.82s/step, ~13h06m left)
[step 12400/70000] loss=0.5845 lr=9.0e-06 (0.82s/step, ~13h05m left)
[step 12410/70000] loss=0.5783 lr=9.0e-06 (0.81s/step, ~13h00m left)
[step 12420/70000] loss=0.5695 lr=9.0e-06 (0.82s/step, ~13h08m left)
[step 12430/70000] loss=0.5949 lr=9.0e-06 (0.82s/step, ~13h08m left)
[step 12440/70000] loss=0.5959 lr=9.0e-06 (0.82s/step, ~13h06m left)
[step 12450/70000] loss=0.5680 lr=9.0e-06 (0.82s/step, ~13h05m left)
[step 12460/70000] loss=0.5744 lr=9.0e-06 (0.82s/step, ~13h08m left)
[step 12470/70000] loss=0.5877 lr=9.0e-06 (0.82s/step, ~13h05m left)
[step 12480/70000] loss=0.5689 lr=9.0e-06 (0.82s/step, ~13h04m left)
[step 12490/70000] loss=0.5890 lr=9.0e-06 (0.82s/step, ~13h04m left)
[step 12500/70000] loss=0.5977 lr=9.0e-06 (0.82s/step, ~13h09m left)
[eval @ step 12500] val_loss=0.5560 train_loss=0.5835
[saved] runs/finetune_001/step_0012500.pth
[step 12510/70000] loss=0.5824 lr=9.0e-06 (0.82s/step, ~13h03m left)
[step 12520/70000] loss=0.5774 lr=9.0e-06 (0.82s/step, ~13h08m left)
[step 12530/70000] loss=0.5823 lr=9.0e-06 (0.82s/step, ~13h05m left)
[step 12540/70000] loss=0.5942 lr=9.0e-06 (0.82s/step, ~13h05m left)
[step 12550/70000] loss=0.5763 lr=9.0e-06 (0.82s/step, ~13h06m left)
[step 12560/70000] loss=0.5732 lr=9.0e-06 (0.82s/step, ~13h08m left)
[step 12570/70000] loss=0.5794 lr=9.0e-06 (0.82s/step, ~13h06m left)
[step 12580/70000] loss=0.5665 lr=9.0e-06 (0.82s/step, ~13h04m left)
[step 12590/70000] loss=0.5787 lr=9.0e-06 (0.82s/step, ~13h04m left)
[step 12600/70000] loss=0.5821 lr=9.0e-06 (0.83s/step, ~13h10m left)
[step 12610/70000] loss=0.5751 lr=9.0e-06 (0.82s/step, ~13h04m left)
[step 12620/70000] loss=0.5867 lr=9.0e-06 (0.82s/step, ~13h06m left)
[step 12630/70000] loss=0.5802 lr=9.0e-06 (0.82s/step, ~13h06m left)
[step 12640/70000] loss=0.5828 lr=9.0e-06 (0.82s/step, ~12h59m left)
[step 12650/70000] loss=0.5898 lr=9.0e-06 (0.81s/step, ~12h57m left)
[step 12660/70000] loss=0.6000 lr=9.0e-06 (0.81s/step, ~12h58m left)
[step 12670/70000] loss=0.5720 lr=9.0e-06 (0.82s/step, ~13h01m left)
[step 12680/70000] loss=0.5758 lr=9.0e-06 (0.81s/step, ~12h55m left)
[step 12690/70000] loss=0.5852 lr=9.0e-06 (0.81s/step, ~12h55m left)
[step 12700/70000] loss=0.5886 lr=9.0e-06 (0.81s/step, ~12h56m left)
[step 12710/70000] loss=0.5905 lr=9.0e-06 (0.82s/step, ~13h00m left)
[step 12720/70000] loss=0.5792 lr=9.0e-06 (0.81s/step, ~12h57m left)
[step 12730/70000] loss=0.5704 lr=9.0e-06 (0.81s/step, ~12h57m left)
[step 12740/70000] loss=0.5871 lr=9.0e-06 (0.81s/step, ~12h57m left)
[step 12750/70000] loss=0.5680 lr=9.0e-06 (0.82s/step, ~13h00m left)
[step 12760/70000] loss=0.5887 lr=9.0e-06 (0.81s/step, ~12h56m left)
[step 12770/70000] loss=0.5801 lr=9.0e-06 (0.81s/step, ~12h56m left)
[step 12780/70000] loss=0.5733 lr=9.0e-06 (0.82s/step, ~12h59m left)
[step 12790/70000] loss=0.5802 lr=9.0e-06 (0.81s/step, ~12h54m left)
[step 12800/70000] loss=0.5709 lr=9.0e-06 (0.82s/step, ~13h00m left)
[step 12810/70000] loss=0.5895 lr=9.0e-06 (0.82s/step, ~13h00m left)
[step 12820/70000] loss=0.5697 lr=9.0e-06 (0.82s/step, ~13h01m left)
[step 12830/70000] loss=0.6056 lr=9.0e-06 (0.82s/step, ~13h00m left)
[step 12840/70000] loss=0.5803 lr=9.0e-06 (0.82s/step, ~13h00m left)
[step 12850/70000] loss=0.5815 lr=9.0e-06 (0.82s/step, ~12h59m left)
[step 12860/70000] loss=0.5884 lr=9.0e-06 (0.82s/step, ~13h02m left)
[step 12870/70000] loss=0.5811 lr=9.0e-06 (0.82s/step, ~12h59m left)
[step 12880/70000] loss=0.5745 lr=9.0e-06 (0.82s/step, ~13h00m left)
[step 12890/70000] loss=0.5677 lr=9.0e-06 (0.82s/step, ~13h03m left)
[step 12900/70000] loss=0.5796 lr=9.0e-06 (0.82s/step, ~12h57m left)
[step 12910/70000] loss=0.5904 lr=9.0e-06 (0.82s/step, ~12h57m left)
[step 12920/70000] loss=0.5738 lr=9.0e-06 (0.82s/step, ~12h56m left)
[step 12930/70000] loss=0.6165 lr=9.0e-06 (0.82s/step, ~13h01m left)
[step 12940/70000] loss=0.5663 lr=9.0e-06 (0.82s/step, ~12h59m left)
[step 12950/70000] loss=0.5897 lr=9.0e-06 (0.82s/step, ~13h00m left)
[step 12960/70000] loss=0.5907 lr=9.0e-06 (0.82s/step, ~12h59m left)
[step 12970/70000] loss=0.5883 lr=9.0e-06 (0.82s/step, ~12h59m left)
[step 12980/70000] loss=0.5865 lr=9.0e-06 (0.82s/step, ~12h55m left)
[step 12990/70000] loss=0.5743 lr=9.0e-06 (0.82s/step, ~12h55m left)
[step 13000/70000] loss=0.5788 lr=9.0e-06 (0.82s/step, ~12h58m left)
[step 13010/70000] loss=0.5676 lr=9.0e-06 (0.82s/step, ~12h54m left)
[step 13020/70000] loss=0.5799 lr=9.0e-06 (0.81s/step, ~12h53m left)
[step 13030/70000] loss=0.5973 lr=9.0e-06 (0.82s/step, ~12h53m left)
[step 13040/70000] loss=0.5890 lr=9.0e-06 (0.82s/step, ~12h56m left)
[step 13050/70000] loss=0.5828 lr=9.0e-06 (0.81s/step, ~12h51m left)
[step 13060/70000] loss=0.5751 lr=9.0e-06 (0.81s/step, ~12h52m left)
[step 13070/70000] loss=0.5899 lr=9.0e-06 (0.81s/step, ~12h52m left)
[step 13080/70000] loss=0.5959 lr=9.0e-06 (0.82s/step, ~12h56m left)
[step 13090/70000] loss=0.5864 lr=9.0e-06 (0.81s/step, ~12h51m left)
[step 13100/70000] loss=0.5740 lr=9.0e-06 (0.81s/step, ~12h51m left)
[step 13110/70000] loss=0.5779 lr=9.0e-06 (0.81s/step, ~12h52m left)
[step 13120/70000] loss=0.5878 lr=9.0e-06 (0.82s/step, ~12h57m left)
[step 13130/70000] loss=0.5900 lr=9.0e-06 (0.81s/step, ~12h50m left)
[step 13140/70000] loss=0.6039 lr=9.0e-06 (0.82s/step, ~12h53m left)
[step 13150/70000] loss=0.5728 lr=9.0e-06 (0.82s/step, ~12h53m left)
[step 13160/70000] loss=0.5821 lr=9.0e-06 (0.81s/step, ~12h51m left)
[step 13170/70000] loss=0.5691 lr=9.0e-06 (0.81s/step, ~12h51m left)
[step 13180/70000] loss=0.5662 lr=9.0e-06 (0.81s/step, ~12h50m left)
[step 13190/70000] loss=0.5658 lr=9.0e-06 (0.82s/step, ~12h54m left)
[step 13200/70000] loss=0.5967 lr=9.0e-06 (0.81s/step, ~12h49m left)
[step 13210/70000] loss=0.5988 lr=9.0e-06 (0.82s/step, ~12h55m left)
[step 13220/70000] loss=0.5809 lr=9.0e-06 (0.82s/step, ~12h59m left)
[step 13230/70000] loss=0.5663 lr=9.0e-06 (0.83s/step, ~13h02m left)
[step 13240/70000] loss=0.5899 lr=9.0e-06 (0.82s/step, ~12h54m left)
[step 13250/70000] loss=0.5726 lr=9.0e-06 (0.82s/step, ~12h59m left)
[step 13260/70000] loss=0.5864 lr=9.0e-06 (0.82s/step, ~12h54m left)
[step 13270/70000] loss=0.5852 lr=9.0e-06 (0.82s/step, ~12h55m left)
[step 13280/70000] loss=0.5847 lr=9.0e-06 (0.82s/step, ~12h54m left)
[step 13290/70000] loss=0.5680 lr=9.0e-06 (0.82s/step, ~12h56m left)
[step 13300/70000] loss=0.5793 lr=9.0e-06 (0.82s/step, ~12h59m left)
[step 13310/70000] loss=0.5923 lr=9.0e-06 (0.82s/step, ~12h55m left)
[step 13320/70000] loss=0.6016 lr=9.0e-06 (0.82s/step, ~12h57m left)
[step 13330/70000] loss=0.5954 lr=9.0e-06 (0.82s/step, ~12h55m left)
[step 13340/70000] loss=0.5854 lr=9.0e-06 (0.82s/step, ~12h55m left)
[step 13350/70000] loss=0.5726 lr=9.0e-06 (0.82s/step, ~12h54m left)
[step 13360/70000] loss=0.5707 lr=9.0e-06 (0.82s/step, ~12h53m left)
[step 13370/70000] loss=0.5897 lr=9.0e-06 (0.82s/step, ~12h52m left)
[step 13380/70000] loss=0.5718 lr=9.0e-06 (0.82s/step, ~12h55m left)
[step 13390/70000] loss=0.5658 lr=9.0e-06 (0.82s/step, ~12h52m left)
[step 13400/70000] loss=0.5645 lr=9.0e-06 (0.82s/step, ~12h50m left)
[step 13410/70000] loss=0.5931 lr=9.0e-06 (0.82s/step, ~12h52m left)
[step 13420/70000] loss=0.5776 lr=9.0e-06 (0.83s/step, ~13h04m left)
[step 13430/70000] loss=0.5776 lr=9.0e-06 (0.83s/step, ~13h01m left)
[step 13440/70000] loss=0.5738 lr=9.0e-06 (0.83s/step, ~12h58m left)
[step 13450/70000] loss=0.5886 lr=9.0e-06 (0.83s/step, ~13h06m left)
[step 13460/70000] loss=0.5811 lr=9.0e-06 (0.84s/step, ~13h13m left)
[step 13470/70000] loss=0.5716 lr=9.0e-06 (0.82s/step, ~12h52m left)
[step 13480/70000] loss=0.5684 lr=9.0e-06 (0.83s/step, ~12h57m left)
[step 13490/70000] loss=0.5770 lr=9.0e-06 (0.84s/step, ~13h15m left)
[step 13500/70000] loss=0.5846 lr=9.0e-06 (0.84s/step, ~13h10m left)
[step 13510/70000] loss=0.5782 lr=9.0e-06 (0.84s/step, ~13h08m left)
[step 13520/70000] loss=0.5762 lr=9.0e-06 (0.84s/step, ~13h13m left)
[step 13530/70000] loss=0.5788 lr=9.0e-06 (0.83s/step, ~12h58m left)
[step 13540/70000] loss=0.5978 lr=9.0e-06 (0.83s/step, ~12h58m left)
[step 13550/70000] loss=0.6018 lr=9.0e-06 (0.85s/step, ~13h17m left)
[step 13560/70000] loss=0.5661 lr=9.0e-06 (0.84s/step, ~13h09m left)
[step 13570/70000] loss=0.6037 lr=9.0e-06 (0.84s/step, ~13h10m left)
[step 13580/70000] loss=0.5779 lr=9.0e-06 (0.84s/step, ~13h07m left)
[step 13590/70000] loss=0.5856 lr=9.0e-06 (0.82s/step, ~12h54m left)
[step 13600/70000] loss=0.5738 lr=9.0e-06 (0.84s/step, ~13h13m left)
[step 13610/70000] loss=0.5734 lr=9.0e-06 (0.84s/step, ~13h11m left)
[step 13620/70000] loss=0.5755 lr=9.0e-06 (0.84s/step, ~13h10m left)
[step 13630/70000] loss=0.6042 lr=9.0e-06 (0.84s/step, ~13h05m left)
[step 13640/70000] loss=0.5776 lr=9.0e-06 (0.82s/step, ~12h53m left)
[step 13650/70000] loss=0.5842 lr=9.0e-06 (0.84s/step, ~13h11m left)
[step 13660/70000] loss=0.5799 lr=9.0e-06 (0.84s/step, ~13h05m left)
[step 13670/70000] loss=0.5627 lr=9.0e-06 (0.83s/step, ~12h59m left)
[step 13680/70000] loss=0.6021 lr=9.0e-06 (0.84s/step, ~13h07m left)
[step 13690/70000] loss=0.5787 lr=9.0e-06 (0.82s/step, ~12h51m left)
[step 13700/70000] loss=0.6030 lr=9.0e-06 (0.84s/step, ~13h07m left)
[step 13710/70000] loss=0.5733 lr=9.0e-06 (0.84s/step, ~13h06m left)
[step 13720/70000] loss=0.6076 lr=9.0e-06 (0.84s/step, ~13h06m left)
[step 13730/70000] loss=0.5910 lr=9.0e-06 (0.82s/step, ~12h51m left)
[step 13740/70000] loss=0.5764 lr=9.0e-06 (0.82s/step, ~12h49m left)
[step 13750/70000] loss=0.5881 lr=9.0e-06 (0.85s/step, ~13h15m left)
[step 13760/70000] loss=0.5831 lr=9.0e-06 (0.83s/step, ~12h54m left)
[step 13770/70000] loss=0.5957 lr=9.0e-06 (0.85s/step, ~13h12m left)
[step 13780/70000] loss=0.5736 lr=9.0e-06 (0.83s/step, ~12h56m left)
[step 13790/70000] loss=0.5853 lr=9.0e-06 (0.83s/step, ~12h58m left)
[step 13800/70000] loss=0.6031 lr=9.0e-06 (0.83s/step, ~12h56m left)
[step 13810/70000] loss=0.5795 lr=9.0e-06 (0.83s/step, ~13h00m left)
[step 13820/70000] loss=0.5741 lr=9.0e-06 (0.83s/step, ~12h58m left)
[step 13830/70000] loss=0.5925 lr=9.0e-06 (0.82s/step, ~12h49m left)
[step 13840/70000] loss=0.5667 lr=9.0e-06 (0.84s/step, ~13h01m left)
[step 13850/70000] loss=0.5734 lr=9.0e-06 (0.83s/step, ~12h56m left)
[step 13860/70000] loss=0.5791 lr=9.0e-06 (0.84s/step, ~13h09m left)
[step 13870/70000] loss=0.5782 lr=9.0e-06 (0.84s/step, ~13h02m left)
[step 13880/70000] loss=0.5858 lr=9.0e-06 (0.82s/step, ~12h45m left)
[step 13890/70000] loss=0.5967 lr=9.0e-06 (0.83s/step, ~12h56m left)
[step 13900/70000] loss=0.5766 lr=9.0e-06 (0.83s/step, ~13h00m left)
[step 13910/70000] loss=0.5794 lr=9.0e-06 (0.83s/step, ~12h56m left)
[step 13920/70000] loss=0.5849 lr=9.0e-06 (0.83s/step, ~12h56m left)
[step 13930/70000] loss=0.5711 lr=9.0e-06 (0.82s/step, ~12h46m left)
[step 13940/70000] loss=0.5849 lr=9.0e-06 (0.83s/step, ~12h57m left)
[step 13950/70000] loss=0.5770 lr=9.0e-06 (0.83s/step, ~12h51m left)
[step 13960/70000] loss=0.5866 lr=9.0e-06 (0.84s/step, ~13h03m left)
[step 13970/70000] loss=0.5733 lr=9.0e-06 (0.84s/step, ~13h02m left)
[step 13980/70000] loss=0.5896 lr=9.0e-06 (0.82s/step, ~12h43m left)
[step 13990/70000] loss=0.5962 lr=9.0e-06 (0.83s/step, ~12h52m left)
[step 14000/70000] loss=0.5795 lr=9.0e-06 (0.84s/step, ~13h02m left)
[step 14010/70000] loss=0.5750 lr=9.0e-06 (0.85s/step, ~13h10m left)
[step 14020/70000] loss=0.5921 lr=9.0e-06 (0.84s/step, ~13h04m left)
[step 14030/70000] loss=0.5873 lr=9.0e-06 (0.84s/step, ~13h00m left)
[step 14040/70000] loss=0.5889 lr=9.0e-06 (0.84s/step, ~13h01m left)
[step 14050/70000] loss=0.5802 lr=9.0e-06 (0.85s/step, ~13h08m left)
[step 14060/70000] loss=0.5943 lr=9.0e-06 (0.84s/step, ~12h58m left)
[step 14070/70000] loss=0.5984 lr=9.0e-06 (0.84s/step, ~13h03m left)
[step 14080/70000] loss=0.5911 lr=9.0e-06 (0.83s/step, ~12h52m left)
[step 14090/70000] loss=0.5697 lr=9.0e-06 (0.82s/step, ~12h45m left)
[step 14100/70000] loss=0.5883 lr=9.0e-06 (0.84s/step, ~13h03m left)
[step 14110/70000] loss=0.5866 lr=9.0e-06 (0.84s/step, ~13h01m left)
[step 14120/70000] loss=0.5849 lr=9.0e-06 (0.85s/step, ~13h09m left)
[step 14130/70000] loss=0.5784 lr=9.0e-06 (0.84s/step, ~12h58m left)
[step 14140/70000] loss=0.5944 lr=9.0e-06 (0.82s/step, ~12h47m left)
[step 14150/70000] loss=0.5895 lr=9.0e-06 (0.82s/step, ~12h40m left)
[step 14160/70000] loss=0.5811 lr=9.0e-06 (0.82s/step, ~12h44m left)
[step 14170/70000] loss=0.5755 lr=9.0e-06 (0.82s/step, ~12h40m left)
[step 14180/70000] loss=0.5802 lr=9.0e-06 (0.82s/step, ~12h39m left)
[step 14190/70000] loss=0.5868 lr=9.0e-06 (0.82s/step, ~12h39m left)
[step 14200/70000] loss=0.5723 lr=9.0e-06 (0.82s/step, ~12h44m left)
[step 14210/70000] loss=0.5860 lr=9.0e-06 (0.82s/step, ~12h39m left)
[step 14220/70000] loss=0.5875 lr=9.0e-06 (0.82s/step, ~12h38m left)
[step 14230/70000] loss=0.5821 lr=9.0e-06 (0.82s/step, ~12h38m left)
[step 14240/70000] loss=0.5648 lr=9.0e-06 (0.82s/step, ~12h42m left)
[step 14250/70000] loss=0.5813 lr=9.0e-06 (0.82s/step, ~12h38m left)
[step 14260/70000] loss=0.5817 lr=9.0e-06 (0.81s/step, ~12h35m left)
[step 14270/70000] loss=0.5708 lr=9.0e-06 (0.82s/step, ~12h40m left)
[step 14280/70000] loss=0.5930 lr=9.0e-06 (0.81s/step, ~12h36m left)
[step 14290/70000] loss=0.5824 lr=9.0e-06 (0.81s/step, ~12h35m left)
[step 14300/70000] loss=0.5793 lr=9.0e-06 (0.81s/step, ~12h36m left)
[step 14310/70000] loss=0.5912 lr=9.0e-06 (0.82s/step, ~12h42m left)
[step 14320/70000] loss=0.5806 lr=9.0e-06 (0.82s/step, ~12h36m left)
[step 14330/70000] loss=0.5733 lr=9.0e-06 (0.82s/step, ~12h37m left)
[step 14340/70000] loss=0.5874 lr=9.0e-06 (0.82s/step, ~12h36m left)
[step 14350/70000] loss=0.5786 lr=9.0e-06 (0.82s/step, ~12h40m left)
[step 14360/70000] loss=0.5748 lr=9.0e-06 (0.82s/step, ~12h36m left)
[step 14370/70000] loss=0.5730 lr=9.0e-06 (0.82s/step, ~12h37m left)
[step 14380/70000] loss=0.5915 lr=9.0e-06 (0.82s/step, ~12h40m left)
[step 14390/70000] loss=0.5805 lr=9.0e-06 (0.82s/step, ~12h37m left)
[step 14400/70000] loss=0.5797 lr=9.0e-06 (0.82s/step, ~12h38m left)
[step 14410/70000] loss=0.5751 lr=9.0e-06 (0.82s/step, ~12h38m left)
[step 14420/70000] loss=0.5783 lr=9.0e-06 (0.82s/step, ~12h40m left)
[step 14430/70000] loss=0.5852 lr=9.0e-06 (0.82s/step, ~12h37m left)
[step 14440/70000] loss=0.6034 lr=9.0e-06 (0.82s/step, ~12h36m left)
[step 14450/70000] loss=0.5882 lr=9.0e-06 (0.82s/step, ~12h36m left)
[step 14460/70000] loss=0.5759 lr=9.0e-06 (0.82s/step, ~12h39m left)
[step 14470/70000] loss=0.5760 lr=9.0e-06 (0.82s/step, ~12h37m left)
[step 14480/70000] loss=0.5707 lr=9.0e-06 (0.82s/step, ~12h37m left)
[step 14490/70000] loss=0.5885 lr=9.0e-06 (0.82s/step, ~12h42m left)
[step 14500/70000] loss=0.5775 lr=9.0e-06 (0.82s/step, ~12h39m left)
[step 14510/70000] loss=0.5923 lr=9.0e-06 (0.82s/step, ~12h38m left)
[step 14520/70000] loss=0.5845 lr=9.0e-06 (0.82s/step, ~12h37m left)
[step 14530/70000] loss=0.5786 lr=9.0e-06 (0.82s/step, ~12h39m left)
[step 14540/70000] loss=0.5818 lr=9.0e-06 (0.82s/step, ~12h38m left)
[step 14550/70000] loss=0.6005 lr=9.0e-06 (0.82s/step, ~12h41m left)
[step 14560/70000] loss=0.5967 lr=9.0e-06 (0.82s/step, ~12h39m left)
[step 14570/70000] loss=0.5848 lr=9.0e-06 (0.82s/step, ~12h41m left)
[step 14580/70000] loss=0.5823 lr=9.0e-06 (0.82s/step, ~12h38m left)
[step 14590/70000] loss=0.5604 lr=9.0e-06 (0.82s/step, ~12h38m left)
[step 14600/70000] loss=0.6078 lr=9.0e-06 (0.82s/step, ~12h41m left)
[step 14610/70000] loss=0.5731 lr=9.0e-06 (0.82s/step, ~12h36m left)
[step 14620/70000] loss=0.5885 lr=9.0e-06 (0.82s/step, ~12h34m left)
[step 14630/70000] loss=0.5647 lr=9.0e-06 (0.82s/step, ~12h33m left)
[step 14640/70000] loss=0.5786 lr=9.0e-06 (0.82s/step, ~12h37m left)
[step 14650/70000] loss=0.5716 lr=9.0e-06 (0.82s/step, ~12h33m left)
[step 14660/70000] loss=0.5825 lr=9.0e-06 (0.82s/step, ~12h34m left)
[step 14670/70000] loss=0.5675 lr=9.0e-06 (0.82s/step, ~12h34m left)
[step 14680/70000] loss=0.5719 lr=9.0e-06 (0.82s/step, ~12h36m left)
[step 14690/70000] loss=0.5773 lr=9.0e-06 (0.82s/step, ~12h36m left)
[step 14700/70000] loss=0.5651 lr=9.0e-06 (0.82s/step, ~12h38m left)
[step 14710/70000] loss=0.5764 lr=9.0e-06 (0.83s/step, ~12h42m left)
[step 14720/70000] loss=0.5991 lr=9.0e-06 (0.82s/step, ~12h37m left)
[step 14730/70000] loss=0.5869 lr=9.0e-06 (0.82s/step, ~12h39m left)
[step 14740/70000] loss=0.5868 lr=9.0e-06 (0.82s/step, ~12h36m left)
[step 14750/70000] loss=0.5702 lr=9.0e-06 (0.82s/step, ~12h39m left)
[step 14760/70000] loss=0.5915 lr=9.0e-06 (0.82s/step, ~12h35m left)
[step 14770/70000] loss=0.5601 lr=9.0e-06 (0.82s/step, ~12h34m left)
[step 14780/70000] loss=0.5831 lr=9.0e-06 (0.82s/step, ~12h38m left)
[step 14790/70000] loss=0.5794 lr=9.0e-06 (0.83s/step, ~12h40m left)
[step 14800/70000] loss=0.5782 lr=9.0e-06 (0.82s/step, ~12h37m left)
[step 14810/70000] loss=0.6026 lr=9.0e-06 (0.82s/step, ~12h36m left)
[step 14820/70000] loss=0.5666 lr=9.0e-06 (0.83s/step, ~12h39m left)
[step 14830/70000] loss=0.5751 lr=9.0e-06 (0.82s/step, ~12h31m left)
[step 14840/70000] loss=0.5839 lr=9.0e-06 (0.82s/step, ~12h33m left)
[step 14850/70000] loss=0.5965 lr=9.0e-06 (0.82s/step, ~12h36m left)
[step 14860/70000] loss=0.5698 lr=9.0e-06 (0.82s/step, ~12h37m left)
[step 14870/70000] loss=0.5872 lr=9.0e-06 (0.82s/step, ~12h34m left)
[step 14880/70000] loss=0.5747 lr=9.0e-06 (0.82s/step, ~12h35m left)
[step 14890/70000] loss=0.5691 lr=9.0e-06 (0.82s/step, ~12h33m left)
[step 14900/70000] loss=0.5648 lr=9.0e-06 (0.82s/step, ~12h37m left)
[step 14910/70000] loss=0.5712 lr=9.0e-06 (0.82s/step, ~12h34m left)
[step 14920/70000] loss=0.5865 lr=9.0e-06 (0.82s/step, ~12h34m left)
[step 14930/70000] loss=0.5891 lr=9.0e-06 (0.82s/step, ~12h35m left)
[step 14940/70000] loss=0.5869 lr=9.0e-06 (0.82s/step, ~12h34m left)
[step 14950/70000] loss=0.5998 lr=9.0e-06 (0.82s/step, ~12h32m left)
[step 14960/70000] loss=0.5939 lr=9.0e-06 (0.82s/step, ~12h31m left)
[step 14970/70000] loss=0.5734 lr=9.0e-06 (0.82s/step, ~12h33m left)
[step 14980/70000] loss=0.5850 lr=9.0e-06 (0.82s/step, ~12h29m left)
[step 14990/70000] loss=0.5890 lr=9.0e-06 (0.82s/step, ~12h29m left)
[step 15000/70000] loss=0.5855 lr=9.0e-06 (0.82s/step, ~12h29m left)
[eval @ step 15000] val_loss=0.5556 train_loss=0.5854
[saved] runs/finetune_001/step_0015000.pth
[step 15010/70000] loss=0.5720 lr=9.0e-06 (0.82s/step, ~12h28m left)
[step 15020/70000] loss=0.5748 lr=9.0e-06 (0.82s/step, ~12h27m left)
[step 15030/70000] loss=0.5720 lr=9.0e-06 (0.82s/step, ~12h27m left)
[step 15040/70000] loss=0.5851 lr=9.0e-06 (0.82s/step, ~12h31m left)
[step 15050/70000] loss=0.5905 lr=9.0e-06 (0.82s/step, ~12h30m left)
[step 15060/70000] loss=0.5876 lr=9.0e-06 (0.82s/step, ~12h28m left)
[step 15070/70000] loss=0.5828 lr=9.0e-06 (0.82s/step, ~12h33m left)
[step 15080/70000] loss=0.5731 lr=9.0e-06 (0.82s/step, ~12h30m left)
[step 15090/70000] loss=0.5830 lr=9.0e-06 (0.82s/step, ~12h28m left)
[step 15100/70000] loss=0.5810 lr=9.0e-06 (0.82s/step, ~12h27m left)
[step 15110/70000] loss=0.5786 lr=9.0e-06 (0.82s/step, ~12h28m left)
[step 15120/70000] loss=0.5891 lr=9.0e-06 (0.82s/step, ~12h26m left)
[step 15130/70000] loss=0.5851 lr=9.0e-06 (0.82s/step, ~12h26m left)
[step 15140/70000] loss=0.6005 lr=9.0e-06 (0.82s/step, ~12h26m left)
[step 15150/70000] loss=0.5824 lr=9.0e-06 (0.82s/step, ~12h28m left)
[step 15160/70000] loss=0.5762 lr=9.0e-06 (0.82s/step, ~12h26m left)
[step 15170/70000] loss=0.5933 lr=9.0e-06 (0.82s/step, ~12h29m left)
[step 15180/70000] loss=0.5907 lr=9.0e-06 (0.83s/step, ~12h35m left)
[step 15190/70000] loss=0.5645 lr=9.0e-06 (0.82s/step, ~12h29m left)
[step 15200/70000] loss=0.5943 lr=9.0e-06 (0.82s/step, ~12h30m left)
[step 15210/70000] loss=0.5713 lr=9.0e-06 (0.82s/step, ~12h29m left)
[step 15220/70000] loss=0.5680 lr=9.0e-06 (0.83s/step, ~12h34m left)
[step 15230/70000] loss=0.5758 lr=9.0e-06 (0.82s/step, ~12h29m left)
[step 15240/70000] loss=0.5931 lr=9.0e-06 (0.82s/step, ~12h29m left)
[step 15250/70000] loss=0.6127 lr=9.0e-06 (0.82s/step, ~12h28m left)
[step 15260/70000] loss=0.5923 lr=9.0e-06 (0.82s/step, ~12h30m left)
[step 15270/70000] loss=0.5890 lr=9.0e-06 (0.82s/step, ~12h31m left)
[step 15280/70000] loss=0.5689 lr=9.0e-06 (0.82s/step, ~12h31m left)
[step 15290/70000] loss=0.5824 lr=9.0e-06 (0.83s/step, ~12h33m left)
[step 15300/70000] loss=0.5921 lr=9.0e-06 (0.83s/step, ~12h32m left)
[step 15310/70000] loss=0.5763 lr=9.0e-06 (0.82s/step, ~12h30m left)
[step 15320/70000] loss=0.5749 lr=9.0e-06 (0.82s/step, ~12h29m left)
[step 15330/70000] loss=0.5912 lr=9.0e-06 (0.83s/step, ~12h32m left)
[step 15340/70000] loss=0.6031 lr=9.0e-06 (0.82s/step, ~12h29m left)
[step 15350/70000] loss=0.5766 lr=9.0e-06 (0.82s/step, ~12h29m left)
[step 15360/70000] loss=0.5740 lr=9.0e-06 (0.82s/step, ~12h29m left)
[step 15370/70000] loss=0.5711 lr=9.0e-06 (0.83s/step, ~12h31m left)
[step 15380/70000] loss=0.5861 lr=9.0e-06 (0.82s/step, ~12h27m left)
[step 15390/70000] loss=0.5727 lr=9.0e-06 (0.82s/step, ~12h27m left)
[step 15400/70000] loss=0.5918 lr=9.0e-06 (0.82s/step, ~12h27m left)
[step 15410/70000] loss=0.5860 lr=9.0e-06 (0.83s/step, ~12h31m left)
[step 15420/70000] loss=0.5793 lr=9.0e-06 (0.82s/step, ~12h24m left)
[step 15430/70000] loss=0.5749 lr=9.0e-06 (0.82s/step, ~12h23m left)
[step 15440/70000] loss=0.5653 lr=9.0e-06 (0.82s/step, ~12h26m left)
[step 15450/70000] loss=0.5942 lr=9.0e-06 (0.82s/step, ~12h24m left)
[step 15460/70000] loss=0.5753 lr=9.0e-06 (0.82s/step, ~12h26m left)
[step 15470/70000] loss=0.5767 lr=9.0e-06 (0.82s/step, ~12h28m left)
[step 15480/70000] loss=0.5788 lr=9.0e-06 (0.82s/step, ~12h26m left)
[step 15490/70000] loss=0.5652 lr=9.0e-06 (0.82s/step, ~12h25m left)
[step 15500/70000] loss=0.5892 lr=9.0e-06 (0.82s/step, ~12h26m left)
[step 15510/70000] loss=0.5866 lr=9.0e-06 (0.83s/step, ~12h30m left)
[step 15520/70000] loss=0.5793 lr=9.0e-06 (0.82s/step, ~12h27m left)
[step 15530/70000] loss=0.5685 lr=9.0e-06 (0.82s/step, ~12h26m left)
[step 15540/70000] loss=0.5840 lr=9.0e-06 (0.83s/step, ~12h30m left)
[step 15550/70000] loss=0.5843 lr=9.0e-06 (0.82s/step, ~12h25m left)
[step 15560/70000] loss=0.5877 lr=9.0e-06 (0.82s/step, ~12h26m left)
[step 15570/70000] loss=0.5666 lr=9.0e-06 (0.82s/step, ~12h25m left)
[step 15580/70000] loss=0.5744 lr=9.0e-06 (0.83s/step, ~12h29m left)
[step 15590/70000] loss=0.5926 lr=9.0e-06 (0.82s/step, ~12h23m left)
[step 15600/70000] loss=0.6034 lr=9.0e-06 (0.82s/step, ~12h24m left)
[step 15610/70000] loss=0.5935 lr=9.0e-06 (0.82s/step, ~12h23m left)
[step 15620/70000] loss=0.5646 lr=9.0e-06 (0.82s/step, ~12h25m left)
[step 15630/70000] loss=0.5694 lr=9.0e-06 (0.82s/step, ~12h23m left)
[step 15640/70000] loss=0.6014 lr=9.0e-06 (0.82s/step, ~12h23m left)
[step 15650/70000] loss=0.5617 lr=9.0e-06 (0.82s/step, ~12h25m left)
[step 15660/70000] loss=0.5775 lr=9.0e-06 (0.82s/step, ~12h22m left)
[step 15670/70000] loss=0.5695 lr=9.0e-06 (0.82s/step, ~12h22m left)
[step 15680/70000] loss=0.5737 lr=9.0e-06 (0.82s/step, ~12h23m left)
[step 15690/70000] loss=0.6108 lr=9.0e-06 (0.82s/step, ~12h26m left)
[step 15700/70000] loss=0.5676 lr=9.0e-06 (0.82s/step, ~12h22m left)
[step 15710/70000] loss=0.6019 lr=9.0e-06 (0.82s/step, ~12h22m left)
[step 15720/70000] loss=0.5823 lr=9.0e-06 (0.82s/step, ~12h21m left)
[step 15730/70000] loss=0.5746 lr=9.0e-06 (0.82s/step, ~12h24m left)
[step 15740/70000] loss=0.5710 lr=9.0e-06 (0.82s/step, ~12h23m left)
[step 15750/70000] loss=0.5689 lr=9.0e-06 (0.82s/step, ~12h22m left)
[step 15760/70000] loss=0.5950 lr=9.0e-06 (0.83s/step, ~12h25m left)
[step 15770/70000] loss=0.5939 lr=9.0e-06 (0.82s/step, ~12h22m left)
[step 15780/70000] loss=0.5830 lr=9.0e-06 (0.82s/step, ~12h22m left)
[step 15790/70000] loss=0.5845 lr=9.0e-06 (0.82s/step, ~12h23m left)
[step 15800/70000] loss=0.5877 lr=9.0e-06 (0.83s/step, ~12h26m left)
[step 15810/70000] loss=0.5689 lr=9.0e-06 (0.82s/step, ~12h22m left)
[step 15820/70000] loss=0.5850 lr=9.0e-06 (0.82s/step, ~12h22m left)
[step 15830/70000] loss=0.5906 lr=9.0e-06 (0.82s/step, ~12h22m left)
[step 15840/70000] loss=0.6003 lr=9.0e-06 (0.83s/step, ~12h26m left)
[step 15850/70000] loss=0.5688 lr=9.0e-06 (0.82s/step, ~12h21m left)
[step 15860/70000] loss=0.5830 lr=9.0e-06 (0.82s/step, ~12h21m left)
[step 15870/70000] loss=0.5710 lr=9.0e-06 (0.83s/step, ~12h25m left)
[step 15880/70000] loss=0.5805 lr=9.0e-06 (0.82s/step, ~12h21m left)
[step 15890/70000] loss=0.5713 lr=9.0e-06 (0.82s/step, ~12h21m left)
[step 15900/70000] loss=0.5931 lr=9.0e-06 (0.82s/step, ~12h21m left)
[step 15910/70000] loss=0.5808 lr=9.0e-06 (0.83s/step, ~12h24m left)
[step 15920/70000] loss=0.5845 lr=9.0e-06 (0.82s/step, ~12h19m left)
[step 15930/70000] loss=0.5694 lr=9.0e-06 (0.82s/step, ~12h18m left)
[step 15940/70000] loss=0.5734 lr=9.0e-06 (0.82s/step, ~12h18m left)
[step 15950/70000] loss=0.5962 lr=9.0e-06 (0.82s/step, ~12h19m left)
[step 15960/70000] loss=0.5761 lr=9.0e-06 (0.82s/step, ~12h17m left)
[step 15970/70000] loss=0.5739 lr=9.0e-06 (0.82s/step, ~12h17m left)
[step 15980/70000] loss=0.5797 lr=9.0e-06 (0.82s/step, ~12h20m left)
[step 15990/70000] loss=0.5879 lr=9.0e-06 (0.82s/step, ~12h17m left)
[step 16000/70000] loss=0.5801 lr=9.0e-06 (0.82s/step, ~12h17m left)
[step 16010/70000] loss=0.5827 lr=9.0e-06 (0.82s/step, ~12h17m left)
[step 16020/70000] loss=0.5885 lr=9.0e-06 (0.82s/step, ~12h19m left)
[step 16030/70000] loss=0.5925 lr=9.0e-06 (0.82s/step, ~12h16m left)
[step 16040/70000] loss=0.5677 lr=9.0e-06 (0.82s/step, ~12h16m left)
[step 16050/70000] loss=0.6043 lr=9.0e-06 (0.82s/step, ~12h16m left)
[step 16060/70000] loss=0.5823 lr=9.0e-06 (0.82s/step, ~12h20m left)
[step 16070/70000] loss=0.5787 lr=9.0e-06 (0.82s/step, ~12h15m left)
[step 16080/70000] loss=0.5706 lr=9.0e-06 (0.82s/step, ~12h16m left)
[step 16090/70000] loss=0.5913 lr=9.0e-06 (0.82s/step, ~12h16m left)
[step 16100/70000] loss=0.5832 lr=9.0e-06 (0.82s/step, ~12h19m left)
[step 16110/70000] loss=0.5812 lr=9.0e-06 (0.82s/step, ~12h19m left)
[step 16120/70000] loss=0.5857 lr=9.0e-06 (0.82s/step, ~12h15m left)
[step 16130/70000] loss=0.5792 lr=9.0e-06 (0.82s/step, ~12h16m left)
[step 16140/70000] loss=0.6028 lr=9.0e-06 (0.82s/step, ~12h14m left)
[step 16150/70000] loss=0.5731 lr=9.0e-06 (0.82s/step, ~12h14m left)
[step 16160/70000] loss=0.5801 lr=9.0e-06 (0.82s/step, ~12h14m left)
[step 16170/70000] loss=0.5710 lr=9.0e-06 (0.82s/step, ~12h17m left)
[step 16180/70000] loss=0.5698 lr=9.0e-06 (0.82s/step, ~12h13m left)
[step 16190/70000] loss=0.5722 lr=9.0e-06 (0.82s/step, ~12h13m left)
[step 16200/70000] loss=0.5807 lr=9.0e-06 (0.82s/step, ~12h12m left)
[step 16210/70000] loss=0.5985 lr=9.0e-06 (0.82s/step, ~12h18m left)
[step 16220/70000] loss=0.5840 lr=9.0e-06 (0.82s/step, ~12h14m left)
[step 16230/70000] loss=0.5818 lr=9.0e-06 (0.82s/step, ~12h14m left)
[step 16240/70000] loss=0.5724 lr=9.0e-06 (0.82s/step, ~12h17m left)
[step 16250/70000] loss=0.5817 lr=9.0e-06 (0.82s/step, ~12h13m left)
[step 16260/70000] loss=0.5970 lr=9.0e-06 (0.82s/step, ~12h13m left)
[step 16270/70000] loss=0.5738 lr=9.0e-06 (0.82s/step, ~12h13m left)
[step 16280/70000] loss=0.5757 lr=9.0e-06 (0.83s/step, ~12h19m left)
[step 16290/70000] loss=0.5710 lr=9.0e-06 (0.82s/step, ~12h13m left)
[step 16300/70000] loss=0.5660 lr=9.0e-06 (0.82s/step, ~12h13m left)
[step 16310/70000] loss=0.5830 lr=9.0e-06 (0.82s/step, ~12h12m left)
[step 16320/70000] loss=0.5849 lr=9.0e-06 (0.82s/step, ~12h15m left)
[step 16330/70000] loss=0.6013 lr=9.0e-06 (0.82s/step, ~12h13m left)
[step 16340/70000] loss=0.5836 lr=9.0e-06 (0.82s/step, ~12h12m left)
[step 16350/70000] loss=0.5869 lr=9.0e-06 (0.82s/step, ~12h15m left)
[step 16360/70000] loss=0.5896 lr=9.0e-06 (0.82s/step, ~12h10m left)
[step 16370/70000] loss=0.5877 lr=9.0e-06 (0.82s/step, ~12h10m left)
[step 16380/70000] loss=0.5847 lr=9.0e-06 (0.82s/step, ~12h09m left)
[step 16390/70000] loss=0.5887 lr=9.0e-06 (0.82s/step, ~12h12m left)
[step 16400/70000] loss=0.5784 lr=9.0e-06 (0.82s/step, ~12h08m left)
[step 16410/70000] loss=0.5746 lr=9.0e-06 (0.82s/step, ~12h10m left)
[step 16420/70000] loss=0.5732 lr=9.0e-06 (0.82s/step, ~12h09m left)
[step 16430/70000] loss=0.5618 lr=9.0e-06 (0.82s/step, ~12h11m left)
[step 16440/70000] loss=0.6026 lr=9.0e-06 (0.82s/step, ~12h08m left)
[step 16450/70000] loss=0.5763 lr=9.0e-06 (0.82s/step, ~12h08m left)
[step 16460/70000] loss=0.5737 lr=9.0e-06 (0.82s/step, ~12h07m left)
[step 16470/70000] loss=0.5759 lr=9.0e-06 (0.82s/step, ~12h10m left)
[step 16480/70000] loss=0.5776 lr=9.0e-06 (0.82s/step, ~12h08m left)
[step 16490/70000] loss=0.5934 lr=9.0e-06 (0.82s/step, ~12h09m left)
[step 16500/70000] loss=0.5830 lr=9.0e-06 (0.82s/step, ~12h11m left)
[step 16510/70000] loss=0.5815 lr=9.0e-06 (0.82s/step, ~12h08m left)
[step 16520/70000] loss=0.5779 lr=9.0e-06 (0.82s/step, ~12h09m left)
[step 16530/70000] loss=0.5684 lr=9.0e-06 (0.82s/step, ~12h10m left)
[step 16540/70000] loss=0.5886 lr=9.0e-06 (0.82s/step, ~12h11m left)
[step 16550/70000] loss=0.5748 lr=9.0e-06 (0.82s/step, ~12h09m left)
[step 16560/70000] loss=0.5615 lr=9.0e-06 (0.82s/step, ~12h08m left)
[step 16570/70000] loss=0.5806 lr=9.0e-06 (0.82s/step, ~12h13m left)
[step 16580/70000] loss=0.5886 lr=9.0e-06 (0.82s/step, ~12h12m left)
[step 16590/70000] loss=0.5718 lr=9.0e-06 (0.82s/step, ~12h09m left)
[step 16600/70000] loss=0.5891 lr=9.0e-06 (0.82s/step, ~12h10m left)
[step 16610/70000] loss=0.5674 lr=9.0e-06 (0.82s/step, ~12h14m left)
[step 16620/70000] loss=0.5743 lr=9.0e-06 (0.82s/step, ~12h09m left)
[step 16630/70000] loss=0.5746 lr=9.0e-06 (0.82s/step, ~12h09m left)
[step 16640/70000] loss=0.5861 lr=9.0e-06 (0.82s/step, ~12h10m left)
[step 16650/70000] loss=0.5825 lr=9.0e-06 (0.82s/step, ~12h10m left)
[step 16660/70000] loss=0.5980 lr=9.0e-06 (0.82s/step, ~12h05m left)
[step 16670/70000] loss=0.5878 lr=9.0e-06 (0.82s/step, ~12h05m left)
[step 16680/70000] loss=0.5736 lr=9.0e-06 (0.82s/step, ~12h05m left)
[step 16690/70000] loss=0.5997 lr=9.0e-06 (0.82s/step, ~12h08m left)
[step 16700/70000] loss=0.5824 lr=9.0e-06 (0.82s/step, ~12h04m left)
[step 16710/70000] loss=0.5852 lr=9.0e-06 (0.82s/step, ~12h04m left)
[step 16720/70000] loss=0.5715 lr=9.0e-06 (0.82s/step, ~12h06m left)
[step 16730/70000] loss=0.5771 lr=9.0e-06 (0.82s/step, ~12h04m left)
[step 16740/70000] loss=0.5792 lr=9.0e-06 (0.82s/step, ~12h04m left)
[step 16750/70000] loss=0.5762 lr=9.0e-06 (0.82s/step, ~12h04m left)
[step 16760/70000] loss=0.5752 lr=9.0e-06 (0.82s/step, ~12h06m left)
[step 16770/70000] loss=0.6017 lr=9.0e-06 (0.82s/step, ~12h04m left)
[step 16780/70000] loss=0.5661 lr=9.0e-06 (0.82s/step, ~12h04m left)
[step 16790/70000] loss=0.5825 lr=9.0e-06 (0.82s/step, ~12h04m left)
[step 16800/70000] loss=0.6005 lr=9.0e-06 (0.82s/step, ~12h06m left)
[step 16810/70000] loss=0.5663 lr=9.0e-06 (0.82s/step, ~12h04m left)
[step 16820/70000] loss=0.5916 lr=9.0e-06 (0.82s/step, ~12h04m left)
[step 16830/70000] loss=0.5809 lr=9.0e-06 (0.82s/step, ~12h06m left)
[step 16840/70000] loss=0.5770 lr=9.0e-06 (0.82s/step, ~12h08m left)
[step 16850/70000] loss=0.5800 lr=9.0e-06 (0.82s/step, ~12h06m left)
[step 16860/70000] loss=0.5723 lr=9.0e-06 (0.82s/step, ~12h08m left)
[step 16870/70000] loss=0.5708 lr=9.0e-06 (0.83s/step, ~12h12m left)
[step 16880/70000] loss=0.5818 lr=9.0e-06 (0.82s/step, ~12h06m left)
[step 16890/70000] loss=0.5940 lr=9.0e-06 (0.82s/step, ~12h06m left)
[step 16900/70000] loss=0.5736 lr=9.0e-06 (0.82s/step, ~12h06m left)
[step 16910/70000] loss=0.5786 lr=9.0e-06 (0.82s/step, ~12h09m left)
[step 16920/70000] loss=0.5673 lr=9.0e-06 (0.82s/step, ~12h08m left)
[step 16930/70000] loss=0.5971 lr=9.0e-06 (0.82s/step, ~12h05m left)
[step 16940/70000] loss=0.5797 lr=9.0e-06 (0.82s/step, ~12h05m left)
[step 16950/70000] loss=0.5823 lr=9.0e-06 (0.82s/step, ~12h07m left)
[step 16960/70000] loss=0.5860 lr=9.0e-06 (0.82s/step, ~12h05m left)
[step 16970/70000] loss=0.5866 lr=9.0e-06 (0.82s/step, ~12h05m left)
[step 16980/70000] loss=0.5860 lr=9.0e-06 (0.82s/step, ~12h06m left)
[step 16990/70000] loss=0.5640 lr=9.0e-06 (0.82s/step, ~12h04m left)
[step 17000/70000] loss=0.5803 lr=9.0e-06 (0.82s/step, ~12h04m left)
[step 17010/70000] loss=0.5819 lr=9.0e-06 (0.82s/step, ~12h04m left)
[step 17020/70000] loss=0.5946 lr=9.0e-06 (0.82s/step, ~12h05m left)
[step 17030/70000] loss=0.5739 lr=9.0e-06 (0.82s/step, ~12h04m left)
[step 17040/70000] loss=0.5714 lr=9.0e-06 (0.82s/step, ~12h03m left)
[step 17050/70000] loss=0.5941 lr=9.0e-06 (0.82s/step, ~12h04m left)
[step 17060/70000] loss=0.5921 lr=9.0e-06 (0.82s/step, ~12h06m left)
[step 17070/70000] loss=0.5829 lr=9.0e-06 (0.82s/step, ~12h03m left)
[step 17080/70000] loss=0.5730 lr=9.0e-06 (0.82s/step, ~12h03m left)
[step 17090/70000] loss=0.5940 lr=9.0e-06 (0.82s/step, ~12h06m left)
[step 17100/70000] loss=0.5858 lr=9.0e-06 (0.82s/step, ~12h03m left)
[step 17110/70000] loss=0.5829 lr=9.0e-06 (0.82s/step, ~12h02m left)
[step 17120/70000] loss=0.5816 lr=9.0e-06 (0.82s/step, ~12h02m left)
[step 17130/70000] loss=0.5778 lr=9.0e-06 (0.82s/step, ~12h06m left)
[step 17140/70000] loss=0.5965 lr=9.0e-06 (0.82s/step, ~12h02m left)
[step 17150/70000] loss=0.5772 lr=9.0e-06 (0.82s/step, ~12h03m left)
[step 17160/70000] loss=0.5826 lr=9.0e-06 (0.82s/step, ~12h01m left)
[step 17170/70000] loss=0.5909 lr=9.0e-06 (0.82s/step, ~12h05m left)
[step 17180/70000] loss=0.5879 lr=9.0e-06 (0.82s/step, ~12h02m left)
[step 17190/70000] loss=0.5949 lr=9.0e-06 (0.82s/step, ~12h02m left)
[step 17200/70000] loss=0.5994 lr=9.0e-06 (0.82s/step, ~12h04m left)
[step 17210/70000] loss=0.5826 lr=9.0e-06 (0.82s/step, ~12h00m left)
[step 17220/70000] loss=0.5853 lr=9.0e-06 (0.82s/step, ~11h58m left)
[step 17230/70000] loss=0.5862 lr=9.0e-06 (0.82s/step, ~11h59m left)
[step 17240/70000] loss=0.5835 lr=9.0e-06 (0.82s/step, ~12h02m left)
[step 17250/70000] loss=0.5937 lr=9.0e-06 (0.82s/step, ~11h59m left)
[step 17260/70000] loss=0.5673 lr=9.0e-06 (0.82s/step, ~12h02m left)
[step 17270/70000] loss=0.5992 lr=9.0e-06 (0.82s/step, ~12h02m left)
[step 17280/70000] loss=0.5930 lr=9.0e-06 (0.82s/step, ~12h04m left)
[step 17290/70000] loss=0.5768 lr=9.0e-06 (0.82s/step, ~12h01m left)
[step 17300/70000] loss=0.5841 lr=9.0e-06 (0.82s/step, ~12h01m left)
[step 17310/70000] loss=0.5882 lr=9.0e-06 (0.82s/step, ~12h01m left)
[step 17320/70000] loss=0.5790 lr=9.0e-06 (0.82s/step, ~12h00m left)
[step 17330/70000] loss=0.5758 lr=9.0e-06 (0.82s/step, ~11h57m left)
[step 17340/70000] loss=0.5615 lr=9.0e-06 (0.82s/step, ~11h56m left)
[step 17350/70000] loss=0.5960 lr=9.0e-06 (0.82s/step, ~12h00m left)
[step 17360/70000] loss=0.5769 lr=9.0e-06 (0.82s/step, ~11h58m left)
[step 17370/70000] loss=0.5876 lr=9.0e-06 (0.82s/step, ~12h00m left)
[step 17380/70000] loss=0.5805 lr=9.0e-06 (0.82s/step, ~12h00m left)
[step 17390/70000] loss=0.5793 lr=9.0e-06 (0.82s/step, ~12h01m left)
[step 17400/70000] loss=0.5982 lr=9.0e-06 (0.82s/step, ~11h58m left)
[step 17410/70000] loss=0.5693 lr=9.0e-06 (0.82s/step, ~11h59m left)
[step 17420/70000] loss=0.5698 lr=9.0e-06 (0.82s/step, ~11h59m left)
[step 17430/70000] loss=0.6124 lr=9.0e-06 (0.83s/step, ~12h03m left)
[step 17440/70000] loss=0.6002 lr=9.0e-06 (0.82s/step, ~11h58m left)
[step 17450/70000] loss=0.5643 lr=9.0e-06 (0.82s/step, ~11h59m left)
[step 17460/70000] loss=0.5856 lr=9.0e-06 (0.82s/step, ~12h00m left)
[step 17470/70000] loss=0.5787 lr=9.0e-06 (0.82s/step, ~11h57m left)
[step 17480/70000] loss=0.5690 lr=9.0e-06 (0.82s/step, ~11h58m left)
[step 17490/70000] loss=0.5666 lr=9.0e-06 (0.82s/step, ~11h58m left)
[step 17500/70000] loss=0.6097 lr=9.0e-06 (0.82s/step, ~11h59m left)
[eval @ step 17500] val_loss=0.5555 train_loss=0.5819
[saved] runs/finetune_001/step_0017500.pth
[step 17510/70000] loss=0.5858 lr=9.0e-06 (0.82s/step, ~11h58m left)
[step 17520/70000] loss=0.5887 lr=9.0e-06 (0.83s/step, ~12h02m left)
[step 17530/70000] loss=0.5778 lr=9.0e-06 (0.82s/step, ~11h56m left)
[step 17540/70000] loss=0.5939 lr=9.0e-06 (0.82s/step, ~11h56m left)
[step 17550/70000] loss=0.5739 lr=9.0e-06 (0.82s/step, ~11h55m left)
[step 17560/70000] loss=0.5628 lr=9.0e-06 (0.82s/step, ~11h58m left)
[step 17570/70000] loss=0.5772 lr=9.0e-06 (0.82s/step, ~11h55m left)
[step 17580/70000] loss=0.5775 lr=9.0e-06 (0.82s/step, ~11h55m left)
[step 17590/70000] loss=0.6002 lr=9.0e-06 (0.82s/step, ~11h54m left)
[step 17600/70000] loss=0.5879 lr=9.0e-06 (0.82s/step, ~11h57m left)
[step 17610/70000] loss=0.5679 lr=9.0e-06 (0.82s/step, ~11h56m left)
[step 17620/70000] loss=0.5809 lr=9.0e-06 (0.82s/step, ~11h53m left)
[step 17630/70000] loss=0.5810 lr=9.0e-06 (0.82s/step, ~11h58m left)
[step 17640/70000] loss=0.5962 lr=9.0e-06 (0.82s/step, ~11h52m left)
[step 17650/70000] loss=0.5806 lr=9.0e-06 (0.82s/step, ~11h51m left)
[step 17660/70000] loss=0.5700 lr=9.0e-06 (0.82s/step, ~11h53m left)
[step 17670/70000] loss=0.5864 lr=9.0e-06 (0.82s/step, ~11h57m left)
[step 17680/70000] loss=0.5728 lr=9.0e-06 (0.82s/step, ~11h53m left)
[step 17690/70000] loss=0.5821 lr=9.0e-06 (0.82s/step, ~11h53m left)
[step 17700/70000] loss=0.5828 lr=9.0e-06 (0.82s/step, ~11h52m left)
[step 17710/70000] loss=0.5973 lr=9.0e-06 (0.82s/step, ~11h57m left)
[step 17720/70000] loss=0.5833 lr=9.0e-06 (0.82s/step, ~11h54m left)
[step 17730/70000] loss=0.5957 lr=9.0e-06 (0.82s/step, ~11h51m left)
[step 17740/70000] loss=0.5662 lr=9.0e-06 (0.82s/step, ~11h52m left)
[step 17750/70000] loss=0.5601 lr=9.0e-06 (0.82s/step, ~11h52m left)
[step 17760/70000] loss=0.5745 lr=9.0e-06 (0.82s/step, ~11h53m left)
[step 17770/70000] loss=0.5916 lr=9.0e-06 (0.82s/step, ~11h53m left)
[step 17780/70000] loss=0.5859 lr=9.0e-06 (0.82s/step, ~11h50m left)
[step 17790/70000] loss=0.5692 lr=9.0e-06 (0.82s/step, ~11h51m left)
[step 17800/70000] loss=0.5733 lr=9.0e-06 (0.82s/step, ~11h53m left)
[step 17810/70000] loss=0.5882 lr=9.0e-06 (0.82s/step, ~11h52m left)
[step 17820/70000] loss=0.5787 lr=9.0e-06 (0.82s/step, ~11h51m left)
[step 17830/70000] loss=0.5772 lr=9.0e-06 (0.82s/step, ~11h56m left)
[step 17840/70000] loss=0.5746 lr=9.0e-06 (0.82s/step, ~11h54m left)
[step 17850/70000] loss=0.6111 lr=9.0e-06 (0.82s/step, ~11h55m left)
[step 17860/70000] loss=0.5863 lr=9.0e-06 (0.82s/step, ~11h53m left)
[step 17870/70000] loss=0.6108 lr=9.0e-06 (0.82s/step, ~11h56m left)
[step 17880/70000] loss=0.5805 lr=9.0e-06 (0.82s/step, ~11h52m left)
[step 17890/70000] loss=0.6002 lr=9.0e-06 (0.82s/step, ~11h52m left)
[step 17900/70000] loss=0.5769 lr=9.0e-06 (0.82s/step, ~11h52m left)
[step 17910/70000] loss=0.5746 lr=9.0e-06 (0.82s/step, ~11h54m left)
[step 17920/70000] loss=0.5892 lr=9.0e-06 (0.82s/step, ~11h49m left)
[step 17930/70000] loss=0.5712 lr=9.0e-06 (0.82s/step, ~11h49m left)
[step 17940/70000] loss=0.5751 lr=9.0e-06 (0.82s/step, ~11h51m left)
[step 17950/70000] loss=0.5709 lr=9.0e-06 (0.82s/step, ~11h50m left)
[step 17960/70000] loss=0.5764 lr=9.0e-06 (0.82s/step, ~11h50m left)
[step 17970/70000] loss=0.5824 lr=9.0e-06 (0.82s/step, ~11h50m left)
[step 17980/70000] loss=0.5742 lr=9.0e-06 (0.82s/step, ~11h53m left)
[step 17990/70000] loss=0.5683 lr=9.0e-06 (0.82s/step, ~11h49m left)
[step 18000/70000] loss=0.5773 lr=9.0e-06 (0.82s/step, ~11h49m left)
[step 18010/70000] loss=0.5817 lr=9.0e-06 (0.82s/step, ~11h48m left)
[step 18020/70000] loss=0.5851 lr=9.0e-06 (0.82s/step, ~11h50m left)
[step 18030/70000] loss=0.5867 lr=9.0e-06 (0.82s/step, ~11h48m left)
[step 18040/70000] loss=0.5753 lr=9.0e-06 (0.82s/step, ~11h48m left)
[step 18050/70000] loss=0.5767 lr=9.0e-06 (0.82s/step, ~11h52m left)
[step 18060/70000] loss=0.5768 lr=9.0e-06 (0.82s/step, ~11h48m left)
[step 18070/70000] loss=0.6040 lr=9.0e-06 (0.82s/step, ~11h47m left)
[step 18080/70000] loss=0.5701 lr=9.0e-06 (0.82s/step, ~11h50m left)
[step 18090/70000] loss=0.5886 lr=9.0e-06 (0.82s/step, ~11h50m left)
[step 18100/70000] loss=0.5813 lr=9.0e-06 (0.82s/step, ~11h48m left)
[step 18110/70000] loss=0.5725 lr=9.0e-06 (0.82s/step, ~11h48m left)
[step 18120/70000] loss=0.5742 lr=9.0e-06 (0.82s/step, ~11h49m left)
[step 18130/70000] loss=0.5763 lr=9.0e-06 (0.82s/step, ~11h47m left)
[step 18140/70000] loss=0.5849 lr=9.0e-06 (0.82s/step, ~11h47m left)
[step 18150/70000] loss=0.5738 lr=9.0e-06 (0.82s/step, ~11h46m left)
[step 18160/70000] loss=0.5862 lr=9.0e-06 (0.82s/step, ~11h48m left)
[step 18170/70000] loss=0.5840 lr=9.0e-06 (0.82s/step, ~11h48m left)
[step 18180/70000] loss=0.5723 lr=9.0e-06 (0.82s/step, ~11h50m left)
[step 18190/70000] loss=0.5836 lr=9.0e-06 (0.82s/step, ~11h52m left)
[step 18200/70000] loss=0.5985 lr=9.0e-06 (0.82s/step, ~11h50m left)
[step 18210/70000] loss=0.5870 lr=9.0e-06 (0.82s/step, ~11h47m left)
[step 18220/70000] loss=0.5736 lr=9.0e-06 (0.82s/step, ~11h46m left)
[step 18230/70000] loss=0.5885 lr=9.0e-06 (0.82s/step, ~11h49m left)
[step 18240/70000] loss=0.5747 lr=9.0e-06 (0.82s/step, ~11h46m left)
[step 18250/70000] loss=0.5778 lr=9.0e-06 (0.82s/step, ~11h45m left)
[step 18260/70000] loss=0.5818 lr=9.0e-06 (0.82s/step, ~11h46m left)
[step 18270/70000] loss=0.5894 lr=9.0e-06 (0.82s/step, ~11h45m left)
[step 18280/70000] loss=0.5732 lr=9.0e-06 (0.82s/step, ~11h48m left)
[step 18290/70000] loss=0.5741 lr=9.0e-06 (0.82s/step, ~11h49m left)
[step 18300/70000] loss=0.5769 lr=9.0e-06 (0.82s/step, ~11h48m left)
[step 18310/70000] loss=0.5921 lr=9.0e-06 (0.83s/step, ~11h51m left)
[step 18320/70000] loss=0.5806 lr=9.0e-06 (0.82s/step, ~11h48m left)
[step 18330/70000] loss=0.5887 lr=9.0e-06 (0.82s/step, ~11h49m left)
[step 18340/70000] loss=0.5680 lr=9.0e-06 (0.82s/step, ~11h46m left)
[step 18350/70000] loss=0.5776 lr=9.0e-06 (0.82s/step, ~11h48m left)
[step 18360/70000] loss=0.5870 lr=9.0e-06 (0.82s/step, ~11h46m left)
[step 18370/70000] loss=0.5862 lr=9.0e-06 (0.82s/step, ~11h44m left)
[step 18380/70000] loss=0.5991 lr=9.0e-06 (0.82s/step, ~11h47m left)
[step 18390/70000] loss=0.5881 lr=9.0e-06 (0.82s/step, ~11h44m left)
[step 18400/70000] loss=0.5887 lr=9.0e-06 (0.82s/step, ~11h43m left)
[step 18410/70000] loss=0.5760 lr=9.0e-06 (0.82s/step, ~11h43m left)
[step 18420/70000] loss=0.5817 lr=9.0e-06 (0.82s/step, ~11h46m left)
[step 18430/70000] loss=0.5834 lr=9.0e-06 (0.82s/step, ~11h45m left)
[step 18440/70000] loss=0.5991 lr=9.0e-06 (0.82s/step, ~11h43m left)
[step 18450/70000] loss=0.5837 lr=9.0e-06 (0.82s/step, ~11h42m left)
[step 18460/70000] loss=0.5760 lr=9.0e-06 (0.82s/step, ~11h44m left)
[step 18470/70000] loss=0.6010 lr=9.0e-06 (0.82s/step, ~11h41m left)
[step 18480/70000] loss=0.5834 lr=9.0e-06 (0.82s/step, ~11h41m left)
[step 18490/70000] loss=0.5770 lr=9.0e-06 (0.82s/step, ~11h43m left)
[step 18500/70000] loss=0.5790 lr=9.0e-06 (0.82s/step, ~11h41m left)
[step 18510/70000] loss=0.5904 lr=9.0e-06 (0.82s/step, ~11h40m left)
[step 18520/70000] loss=0.5717 lr=9.0e-06 (0.82s/step, ~11h41m left)
[step 18530/70000] loss=0.5841 lr=9.0e-06 (0.82s/step, ~11h42m left)
[step 18540/70000] loss=0.5881 lr=9.0e-06 (0.82s/step, ~11h40m left)
[step 18550/70000] loss=0.5648 lr=9.0e-06 (0.82s/step, ~11h40m left)
[step 18560/70000] loss=0.5783 lr=9.0e-06 (0.82s/step, ~11h40m left)
[step 18570/70000] loss=0.5639 lr=9.0e-06 (0.82s/step, ~11h43m left)
[step 18580/70000] loss=0.5708 lr=9.0e-06 (0.82s/step, ~11h40m left)
[step 18590/70000] loss=0.5767 lr=9.0e-06 (0.82s/step, ~11h40m left)
[step 18600/70000] loss=0.5709 lr=9.0e-06 (0.82s/step, ~11h41m left)
[step 18610/70000] loss=0.5744 lr=9.0e-06 (0.82s/step, ~11h45m left)
[step 18620/70000] loss=0.5811 lr=9.0e-06 (0.82s/step, ~11h44m left)
[step 18630/70000] loss=0.5757 lr=9.0e-06 (0.82s/step, ~11h41m left)
[step 18640/70000] loss=0.5730 lr=9.0e-06 (0.82s/step, ~11h45m left)
[step 18650/70000] loss=0.5659 lr=9.0e-06 (0.82s/step, ~11h42m left)
[step 18660/70000] loss=0.5713 lr=9.0e-06 (0.82s/step, ~11h41m left)
[step 18670/70000] loss=0.5970 lr=9.0e-06 (0.82s/step, ~11h41m left)
[step 18680/70000] loss=0.5833 lr=9.0e-06 (0.82s/step, ~11h44m left)
[step 18690/70000] loss=0.5837 lr=9.0e-06 (0.82s/step, ~11h40m left)
[step 18700/70000] loss=0.5941 lr=9.0e-06 (0.82s/step, ~11h41m left)
[step 18710/70000] loss=0.5887 lr=9.0e-06 (0.82s/step, ~11h41m left)
[step 18720/70000] loss=0.5871 lr=9.0e-06 (0.82s/step, ~11h43m left)
[step 18730/70000] loss=0.5744 lr=9.0e-06 (0.82s/step, ~11h39m left)
[step 18740/70000] loss=0.5671 lr=9.0e-06 (0.82s/step, ~11h39m left)
[step 18750/70000] loss=0.5865 lr=9.0e-06 (0.82s/step, ~11h40m left)
[step 18760/70000] loss=0.5853 lr=9.0e-06 (0.82s/step, ~11h40m left)
[step 18770/70000] loss=0.5875 lr=9.0e-06 (0.82s/step, ~11h41m left)
[step 18780/70000] loss=0.6044 lr=9.0e-06 (0.82s/step, ~11h41m left)
[step 18790/70000] loss=0.5763 lr=9.0e-06 (0.82s/step, ~11h42m left)
[step 18800/70000] loss=0.5962 lr=9.0e-06 (0.82s/step, ~11h40m left)
[step 18810/70000] loss=0.5813 lr=9.0e-06 (0.82s/step, ~11h40m left)
[step 18820/70000] loss=0.6018 lr=9.0e-06 (0.82s/step, ~11h41m left)
[step 18830/70000] loss=0.5625 lr=9.0e-06 (0.82s/step, ~11h42m left)
[step 18840/70000] loss=0.6055 lr=9.0e-06 (0.82s/step, ~11h39m left)
[step 18850/70000] loss=0.5727 lr=9.0e-06 (0.82s/step, ~11h37m left)
[step 18860/70000] loss=0.5775 lr=9.0e-06 (0.82s/step, ~11h39m left)
[step 18870/70000] loss=0.5694 lr=9.0e-06 (0.82s/step, ~11h37m left)
[step 18880/70000] loss=0.5801 lr=9.0e-06 (0.82s/step, ~11h38m left)
[step 18890/70000] loss=0.5729 lr=9.0e-06 (0.82s/step, ~11h39m left)
[step 18900/70000] loss=0.5817 lr=9.0e-06 (0.83s/step, ~11h44m left)
[step 18910/70000] loss=0.6101 lr=9.0e-06 (0.82s/step, ~11h40m left)
[step 18920/70000] loss=0.5726 lr=9.0e-06 (0.82s/step, ~11h39m left)
[step 18930/70000] loss=0.5863 lr=9.0e-06 (0.82s/step, ~11h38m left)
[step 18940/70000] loss=0.5738 lr=9.0e-06 (0.82s/step, ~11h39m left)
[step 18950/70000] loss=0.5870 lr=9.0e-06 (0.82s/step, ~11h38m left)
[step 18960/70000] loss=0.5739 lr=9.0e-06 (0.82s/step, ~11h38m left)
[step 18970/70000] loss=0.5913 lr=9.0e-06 (0.82s/step, ~11h40m left)
[step 18980/70000] loss=0.5914 lr=9.0e-06 (0.82s/step, ~11h36m left)
[step 18990/70000] loss=0.5927 lr=9.0e-06 (0.82s/step, ~11h36m left)
[step 19000/70000] loss=0.5807 lr=9.0e-06 (0.82s/step, ~11h35m left)
[step 19010/70000] loss=0.5693 lr=9.0e-06 (0.82s/step, ~11h36m left)
[step 19020/70000] loss=0.5824 lr=9.0e-06 (0.82s/step, ~11h34m left)
[step 19030/70000] loss=0.5827 lr=9.0e-06 (0.82s/step, ~11h34m left)
[step 19040/70000] loss=0.5721 lr=9.0e-06 (0.82s/step, ~11h38m left)
[step 19050/70000] loss=0.5811 lr=9.0e-06 (0.82s/step, ~11h33m left)
[step 19060/70000] loss=0.5955 lr=9.0e-06 (0.82s/step, ~11h36m left)
[step 19070/70000] loss=0.5742 lr=9.0e-06 (0.82s/step, ~11h33m left)
[step 19080/70000] loss=0.5664 lr=9.0e-06 (0.82s/step, ~11h34m left)
[step 19090/70000] loss=0.6010 lr=9.0e-06 (0.82s/step, ~11h34m left)
[step 19100/70000] loss=0.5693 lr=9.0e-06 (0.82s/step, ~11h36m left)
[step 19110/70000] loss=0.5714 lr=9.0e-06 (0.82s/step, ~11h32m left)
[step 19120/70000] loss=0.5733 lr=9.0e-06 (0.82s/step, ~11h32m left)
[step 19130/70000] loss=0.5678 lr=9.0e-06 (0.82s/step, ~11h32m left)
[step 19140/70000] loss=0.5836 lr=9.0e-06 (0.82s/step, ~11h35m left)
[step 19150/70000] loss=0.5720 lr=9.0e-06 (0.82s/step, ~11h31m left)
[step 19160/70000] loss=0.5871 lr=9.0e-06 (0.82s/step, ~11h31m left)
[step 19170/70000] loss=0.5790 lr=9.0e-06 (0.82s/step, ~11h36m left)
[step 19180/70000] loss=0.6104 lr=9.0e-06 (0.82s/step, ~11h35m left)
[step 19190/70000] loss=0.5683 lr=9.0e-06 (0.82s/step, ~11h34m left)
[step 19200/70000] loss=0.5654 lr=9.0e-06 (0.82s/step, ~11h32m left)
[step 19210/70000] loss=0.5897 lr=9.0e-06 (0.82s/step, ~11h32m left)
[step 19220/70000] loss=0.5835 lr=9.0e-06 (0.82s/step, ~11h31m left)
[step 19230/70000] loss=0.5880 lr=9.0e-06 (0.82s/step, ~11h29m left)
[step 19240/70000] loss=0.5948 lr=9.0e-06 (0.82s/step, ~11h33m left)
[step 19250/70000] loss=0.5788 lr=9.0e-06 (0.82s/step, ~11h35m left)
[step 19260/70000] loss=0.5821 lr=9.0e-06 (0.82s/step, ~11h35m left)
[step 19270/70000] loss=0.5969 lr=9.0e-06 (0.82s/step, ~11h33m left)
[step 19280/70000] loss=0.5766 lr=9.0e-06 (0.82s/step, ~11h35m left)
[step 19290/70000] loss=0.5860 lr=9.0e-06 (0.82s/step, ~11h30m left)
[step 19300/70000] loss=0.5778 lr=9.0e-06 (0.82s/step, ~11h30m left)
[step 19310/70000] loss=0.5720 lr=9.0e-06 (0.82s/step, ~11h34m left)
[step 19320/70000] loss=0.5763 lr=9.0e-06 (0.82s/step, ~11h28m left)
[step 19330/70000] loss=0.5719 lr=9.0e-06 (0.82s/step, ~11h28m left)
[step 19340/70000] loss=0.5919 lr=9.0e-06 (0.82s/step, ~11h28m left)
[step 19350/70000] loss=0.5777 lr=9.0e-06 (0.82s/step, ~11h29m left)
[step 19360/70000] loss=0.5764 lr=9.0e-06 (0.82s/step, ~11h28m left)
[step 19370/70000] loss=0.5684 lr=9.0e-06 (0.82s/step, ~11h31m left)
[step 19380/70000] loss=0.5857 lr=9.0e-06 (0.83s/step, ~11h36m left)
[step 19390/70000] loss=0.5951 lr=9.0e-06 (0.82s/step, ~11h31m left)
[step 19400/70000] loss=0.5836 lr=9.0e-06 (0.82s/step, ~11h32m left)
[step 19410/70000] loss=0.5735 lr=9.0e-06 (0.83s/step, ~11h36m left)
[step 19420/70000] loss=0.6006 lr=9.0e-06 (0.82s/step, ~11h29m left)
[step 19430/70000] loss=0.5911 lr=9.0e-06 (0.82s/step, ~11h33m left)
[step 19440/70000] loss=0.5813 lr=9.0e-06 (0.82s/step, ~11h32m left)
[step 19450/70000] loss=0.5685 lr=9.0e-06 (0.83s/step, ~11h37m left)
[step 19460/70000] loss=0.5658 lr=9.0e-06 (0.82s/step, ~11h31m left)
[step 19470/70000] loss=0.5806 lr=9.0e-06 (0.82s/step, ~11h29m left)
[step 19480/70000] loss=0.5775 lr=9.0e-06 (0.82s/step, ~11h28m left)
[step 19490/70000] loss=0.5739 lr=9.0e-06 (0.82s/step, ~11h29m left)
[step 19500/70000] loss=0.5891 lr=9.0e-06 (0.82s/step, ~11h26m left)
[step 19510/70000] loss=0.5836 lr=9.0e-06 (0.82s/step, ~11h27m left)
[step 19520/70000] loss=0.5920 lr=9.0e-06 (0.83s/step, ~11h35m left)
[step 19530/70000] loss=0.5651 lr=9.0e-06 (0.82s/step, ~11h31m left)
[step 19540/70000] loss=0.5902 lr=9.0e-06 (0.82s/step, ~11h30m left)
[step 19550/70000] loss=0.5726 lr=9.0e-06 (0.82s/step, ~11h30m left)
[step 19560/70000] loss=0.5696 lr=9.0e-06 (0.82s/step, ~11h32m left)
[step 19570/70000] loss=0.5850 lr=9.0e-06 (0.82s/step, ~11h30m left)
[step 19580/70000] loss=0.5768 lr=9.0e-06 (0.82s/step, ~11h30m left)
[step 19590/70000] loss=0.5819 lr=9.0e-06 (0.82s/step, ~11h30m left)
[step 19600/70000] loss=0.5900 lr=9.0e-06 (0.82s/step, ~11h31m left)
[step 19610/70000] loss=0.5640 lr=9.0e-06 (0.82s/step, ~11h25m left)
[step 19620/70000] loss=0.5901 lr=9.0e-06 (0.81s/step, ~11h23m left)
[step 19630/70000] loss=0.5928 lr=9.0e-06 (0.82s/step, ~11h24m left)
[step 19640/70000] loss=0.5805 lr=9.0e-06 (0.82s/step, ~11h29m left)
[step 19650/70000] loss=0.5855 lr=9.0e-06 (0.82s/step, ~11h25m left)
[step 19660/70000] loss=0.5927 lr=9.0e-06 (0.82s/step, ~11h25m left)
[step 19670/70000] loss=0.5984 lr=9.0e-06 (0.82s/step, ~11h28m left)
[step 19680/70000] loss=0.5796 lr=9.0e-06 (0.82s/step, ~11h25m left)
[step 19690/70000] loss=0.5777 lr=9.0e-06 (0.82s/step, ~11h24m left)
[step 19700/70000] loss=0.5714 lr=9.0e-06 (0.82s/step, ~11h24m left)
[step 19710/70000] loss=0.6035 lr=9.0e-06 (0.82s/step, ~11h27m left)
[step 19720/70000] loss=0.5823 lr=9.0e-06 (0.82s/step, ~11h24m left)
[step 19730/70000] loss=0.5745 lr=9.0e-06 (0.82s/step, ~11h23m left)
[step 19740/70000] loss=0.5712 lr=9.0e-06 (0.82s/step, ~11h27m left)
[step 19750/70000] loss=0.5848 lr=9.0e-06 (0.83s/step, ~11h32m left)
[step 19760/70000] loss=0.5760 lr=9.0e-06 (0.82s/step, ~11h27m left)
[step 19770/70000] loss=0.5925 lr=9.0e-06 (0.82s/step, ~11h27m left)
[step 19780/70000] loss=0.6100 lr=9.0e-06 (0.82s/step, ~11h29m left)
[step 19790/70000] loss=0.5788 lr=9.0e-06 (0.82s/step, ~11h28m left)
[step 19800/70000] loss=0.5672 lr=9.0e-06 (0.82s/step, ~11h28m left)
[step 19810/70000] loss=0.6014 lr=9.0e-06 (0.82s/step, ~11h27m left)
[step 19820/70000] loss=0.5811 lr=9.0e-06 (0.82s/step, ~11h28m left)
[step 19830/70000] loss=0.5862 lr=9.0e-06 (0.82s/step, ~11h24m left)
[step 19840/70000] loss=0.5925 lr=9.0e-06 (0.82s/step, ~11h25m left)
[step 19850/70000] loss=0.5794 lr=9.0e-06 (0.82s/step, ~11h26m left)
[step 19860/70000] loss=0.5712 lr=9.0e-06 (0.83s/step, ~11h30m left)
[step 19870/70000] loss=0.5828 lr=9.0e-06 (0.82s/step, ~11h26m left)
[step 19880/70000] loss=0.5921 lr=9.0e-06 (0.82s/step, ~11h26m left)
[step 19890/70000] loss=0.5805 lr=9.0e-06 (0.82s/step, ~11h28m left)
[step 19900/70000] loss=0.5779 lr=9.0e-06 (0.82s/step, ~11h25m left)
[step 19910/70000] loss=0.6010 lr=9.0e-06 (0.82s/step, ~11h25m left)
[step 19920/70000] loss=0.5873 lr=9.0e-06 (0.82s/step, ~11h26m left)
[step 19930/70000] loss=0.5755 lr=9.0e-06 (0.82s/step, ~11h24m left)
[step 19940/70000] loss=0.5758 lr=9.0e-06 (0.82s/step, ~11h20m left)
[step 19950/70000] loss=0.5906 lr=9.0e-06 (0.82s/step, ~11h20m left)
[step 19960/70000] loss=0.5794 lr=9.0e-06 (0.82s/step, ~11h20m left)
[step 19970/70000] loss=0.5753 lr=9.0e-06 (0.82s/step, ~11h24m left)
[step 19980/70000] loss=0.5817 lr=9.0e-06 (0.82s/step, ~11h20m left)
[step 19990/70000] loss=0.5885 lr=9.0e-06 (0.82s/step, ~11h20m left)
[lr decay @ step 20000] lr=8.10e-06
[step 20000/70000] loss=0.6006 lr=8.1e-06 (0.82s/step, ~11h24m left)
[eval @ step 20000] val_loss=0.5558 train_loss=0.5851
[saved] runs/finetune_001/step_0020000.pth
[step 20010/70000] loss=0.5658 lr=8.1e-06 (0.82s/step, ~11h21m left)
[step 20020/70000] loss=0.5893 lr=8.1e-06 (0.82s/step, ~11h19m left)
[step 20030/70000] loss=0.5969 lr=8.1e-06 (0.82s/step, ~11h24m left)
[step 20040/70000] loss=0.5772 lr=8.1e-06 (0.82s/step, ~11h20m left)
[step 20050/70000] loss=0.5788 lr=8.1e-06 (0.82s/step, ~11h21m left)
[step 20060/70000] loss=0.5829 lr=8.1e-06 (0.82s/step, ~11h20m left)
[step 20070/70000] loss=0.6089 lr=8.1e-06 (0.82s/step, ~11h23m left)
[step 20080/70000] loss=0.5837 lr=8.1e-06 (0.82s/step, ~11h19m left)
[step 20090/70000] loss=0.5807 lr=8.1e-06 (0.81s/step, ~11h17m left)
[step 20100/70000] loss=0.5855 lr=8.1e-06 (0.82s/step, ~11h19m left)
[step 20110/70000] loss=0.5754 lr=8.1e-06 (0.82s/step, ~11h21m left)
[step 20120/70000] loss=0.5888 lr=8.1e-06 (0.82s/step, ~11h22m left)
[step 20130/70000] loss=0.5879 lr=8.1e-06 (0.82s/step, ~11h21m left)
[step 20140/70000] loss=0.5781 lr=8.1e-06 (0.82s/step, ~11h24m left)
[step 20150/70000] loss=0.5656 lr=8.1e-06 (0.82s/step, ~11h22m left)
[step 20160/70000] loss=0.5897 lr=8.1e-06 (0.82s/step, ~11h24m left)
[step 20170/70000] loss=0.5583 lr=8.1e-06 (0.82s/step, ~11h22m left)
[step 20180/70000] loss=0.5719 lr=8.1e-06 (0.82s/step, ~11h21m left)
[step 20190/70000] loss=0.5815 lr=8.1e-06 (0.82s/step, ~11h20m left)
[step 20200/70000] loss=0.5957 lr=8.1e-06 (0.82s/step, ~11h24m left)
[step 20210/70000] loss=0.5859 lr=8.1e-06 (0.82s/step, ~11h21m left)
[step 20220/70000] loss=0.5799 lr=8.1e-06 (0.82s/step, ~11h20m left)
[step 20230/70000] loss=0.5956 lr=8.1e-06 (0.82s/step, ~11h18m left)
[step 20240/70000] loss=0.5898 lr=8.1e-06 (0.82s/step, ~11h22m left)
[step 20250/70000] loss=0.5839 lr=8.1e-06 (0.82s/step, ~11h19m left)
[step 20260/70000] loss=0.5909 lr=8.1e-06 (0.82s/step, ~11h16m left)
[step 20270/70000] loss=0.5683 lr=8.1e-06 (0.82s/step, ~11h23m left)
[step 20280/70000] loss=0.5958 lr=8.1e-06 (0.82s/step, ~11h22m left)
[step 20290/70000] loss=0.5829 lr=8.1e-06 (0.82s/step, ~11h20m left)
[step 20300/70000] loss=0.5746 lr=8.1e-06 (0.83s/step, ~11h23m left)
[step 20310/70000] loss=0.5880 lr=8.1e-06 (0.82s/step, ~11h19m left)
[step 20320/70000] loss=0.6017 lr=8.1e-06 (0.82s/step, ~11h22m left)
[step 20330/70000] loss=0.6063 lr=8.1e-06 (0.82s/step, ~11h18m left)
[step 20340/70000] loss=0.5946 lr=8.1e-06 (0.82s/step, ~11h19m left)
[step 20350/70000] loss=0.6027 lr=8.1e-06 (0.82s/step, ~11h17m left)
[step 20360/70000] loss=0.5806 lr=8.1e-06 (0.82s/step, ~11h16m left)
[step 20370/70000] loss=0.5834 lr=8.1e-06 (0.82s/step, ~11h16m left)
[step 20380/70000] loss=0.5819 lr=8.1e-06 (0.82s/step, ~11h18m left)
[step 20390/70000] loss=0.5764 lr=8.1e-06 (0.82s/step, ~11h15m left)
[step 20400/70000] loss=0.5697 lr=8.1e-06 (0.82s/step, ~11h16m left)
[step 20410/70000] loss=0.5835 lr=8.1e-06 (0.82s/step, ~11h17m left)
[step 20420/70000] loss=0.5668 lr=8.1e-06 (0.82s/step, ~11h18m left)
[step 20430/70000] loss=0.5747 lr=8.1e-06 (0.83s/step, ~11h23m left)
[step 20440/70000] loss=0.6079 lr=8.1e-06 (0.82s/step, ~11h17m left)
[step 20450/70000] loss=0.5733 lr=8.1e-06 (0.82s/step, ~11h18m left)
[step 20460/70000] loss=0.5638 lr=8.1e-06 (0.82s/step, ~11h15m left)
[step 20470/70000] loss=0.5690 lr=8.1e-06 (0.82s/step, ~11h14m left)
[step 20480/70000] loss=0.5776 lr=8.1e-06 (0.82s/step, ~11h14m left)
[step 20490/70000] loss=0.5768 lr=8.1e-06 (0.82s/step, ~11h13m left)
[step 20500/70000] loss=0.5851 lr=8.1e-06 (0.82s/step, ~11h16m left)
[step 20510/70000] loss=0.5838 lr=8.1e-06 (0.82s/step, ~11h18m left)
[step 20520/70000] loss=0.5923 lr=8.1e-06 (0.82s/step, ~11h16m left)
[step 20530/70000] loss=0.5798 lr=8.1e-06 (0.82s/step, ~11h16m left)
[step 20540/70000] loss=0.5744 lr=8.1e-06 (0.82s/step, ~11h16m left)
[step 20550/70000] loss=0.5733 lr=8.1e-06 (0.82s/step, ~11h15m left)
[step 20560/70000] loss=0.5795 lr=8.1e-06 (0.82s/step, ~11h13m left)
[step 20570/70000] loss=0.5722 lr=8.1e-06 (0.82s/step, ~11h13m left)
[step 20580/70000] loss=0.5726 lr=8.1e-06 (0.82s/step, ~11h12m left)
[step 20590/70000] loss=0.5972 lr=8.1e-06 (0.82s/step, ~11h15m left)
[step 20600/70000] loss=0.5750 lr=8.1e-06 (0.82s/step, ~11h16m left)
[step 20610/70000] loss=0.5766 lr=8.1e-06 (0.82s/step, ~11h15m left)
[step 20620/70000] loss=0.5867 lr=8.1e-06 (0.83s/step, ~11h19m left)
[step 20630/70000] loss=0.5866 lr=8.1e-06 (0.82s/step, ~11h14m left)
[step 20640/70000] loss=0.5844 lr=8.1e-06 (0.82s/step, ~11h14m left)
[step 20650/70000] loss=0.6128 lr=8.1e-06 (0.82s/step, ~11h12m left)
[step 20660/70000] loss=0.5771 lr=8.1e-06 (0.82s/step, ~11h16m left)
[step 20670/70000] loss=0.5815 lr=8.1e-06 (0.82s/step, ~11h12m left)
[step 20680/70000] loss=0.5725 lr=8.1e-06 (0.82s/step, ~11h12m left)
[step 20690/70000] loss=0.5831 lr=8.1e-06 (0.82s/step, ~11h12m left)
[step 20700/70000] loss=0.5932 lr=8.1e-06 (0.82s/step, ~11h14m left)
[step 20710/70000] loss=0.5698 lr=8.1e-06 (0.82s/step, ~11h11m left)
[step 20720/70000] loss=0.5749 lr=8.1e-06 (0.82s/step, ~11h16m left)
[step 20730/70000] loss=0.5854 lr=8.1e-06 (0.82s/step, ~11h11m left)
[step 20740/70000] loss=0.5782 lr=8.1e-06 (0.82s/step, ~11h12m left)
[step 20750/70000] loss=0.5926 lr=8.1e-06 (0.82s/step, ~11h13m left)
[step 20760/70000] loss=0.5881 lr=8.1e-06 (0.82s/step, ~11h13m left)
[step 20770/70000] loss=0.5791 lr=8.1e-06 (0.82s/step, ~11h13m left)
[step 20780/70000] loss=0.5775 lr=8.1e-06 (0.82s/step, ~11h14m left)
[step 20790/70000] loss=0.5973 lr=8.1e-06 (0.82s/step, ~11h13m left)
[step 20800/70000] loss=0.5740 lr=8.1e-06 (0.82s/step, ~11h15m left)
[step 20810/70000] loss=0.5980 lr=8.1e-06 (0.83s/step, ~11h16m left)
[step 20820/70000] loss=0.5819 lr=8.1e-06 (0.82s/step, ~11h13m left)
[step 20830/70000] loss=0.5918 lr=8.1e-06 (0.82s/step, ~11h13m left)
[step 20840/70000] loss=0.5775 lr=8.1e-06 (0.82s/step, ~11h11m left)
[step 20850/70000] loss=0.5925 lr=8.1e-06 (0.82s/step, ~11h14m left)
[step 20860/70000] loss=0.5772 lr=8.1e-06 (0.82s/step, ~11h13m left)
[step 20870/70000] loss=0.5743 lr=8.1e-06 (0.82s/step, ~11h14m left)
[step 20880/70000] loss=0.5722 lr=8.1e-06 (0.82s/step, ~11h12m left)
[step 20890/70000] loss=0.5883 lr=8.1e-06 (0.82s/step, ~11h14m left)
[step 20900/70000] loss=0.5932 lr=8.1e-06 (0.82s/step, ~11h11m left)
[step 20910/70000] loss=0.6077 lr=8.1e-06 (0.82s/step, ~11h10m left)
[step 20920/70000] loss=0.5646 lr=8.1e-06 (0.83s/step, ~11h15m left)
[step 20930/70000] loss=0.5700 lr=8.1e-06 (0.82s/step, ~11h08m left)
[step 20940/70000] loss=0.5842 lr=8.1e-06 (0.82s/step, ~11h06m left)
[step 20950/70000] loss=0.5941 lr=8.1e-06 (0.82s/step, ~11h08m left)
[step 20960/70000] loss=0.5797 lr=8.1e-06 (0.82s/step, ~11h10m left)
[step 20970/70000] loss=0.5834 lr=8.1e-06 (0.82s/step, ~11h10m left)
[step 20980/70000] loss=0.5920 lr=8.1e-06 (0.82s/step, ~11h10m left)
[step 20990/70000] loss=0.5872 lr=8.1e-06 (0.82s/step, ~11h08m left)
[step 21000/70000] loss=0.5793 lr=8.1e-06 (0.82s/step, ~11h11m left)
[step 21010/70000] loss=0.5880 lr=8.1e-06 (0.82s/step, ~11h07m left)
[step 21020/70000] loss=0.5677 lr=8.1e-06 (0.82s/step, ~11h08m left)
[step 21030/70000] loss=0.5755 lr=8.1e-06 (0.82s/step, ~11h08m left)
[step 21040/70000] loss=0.5867 lr=8.1e-06 (0.82s/step, ~11h13m left)
[step 21050/70000] loss=0.5988 lr=8.1e-06 (0.82s/step, ~11h08m left)
[step 21060/70000] loss=0.5906 lr=8.1e-06 (0.82s/step, ~11h08m left)
[step 21070/70000] loss=0.5816 lr=8.1e-06 (0.82s/step, ~11h10m left)
[step 21080/70000] loss=0.5791 lr=8.1e-06 (0.82s/step, ~11h06m left)
[step 21090/70000] loss=0.5811 lr=8.1e-06 (0.82s/step, ~11h07m left)
[step 21100/70000] loss=0.5676 lr=8.1e-06 (0.82s/step, ~11h07m left)
[step 21110/70000] loss=0.5779 lr=8.1e-06 (0.82s/step, ~11h07m left)
[step 21120/70000] loss=0.5924 lr=8.1e-06 (0.82s/step, ~11h08m left)
[step 21130/70000] loss=0.5830 lr=8.1e-06 (0.82s/step, ~11h08m left)
[step 21140/70000] loss=0.5937 lr=8.1e-06 (0.82s/step, ~11h10m left)
[step 21150/70000] loss=0.5937 lr=8.1e-06 (0.83s/step, ~11h13m left)
[step 21160/70000] loss=0.5676 lr=8.1e-06 (0.82s/step, ~11h06m left)
[step 21170/70000] loss=0.5789 lr=8.1e-06 (0.82s/step, ~11h06m left)
[step 21180/70000] loss=0.5673 lr=8.1e-06 (0.82s/step, ~11h07m left)
[step 21190/70000] loss=0.5740 lr=8.1e-06 (0.82s/step, ~11h09m left)
[step 21200/70000] loss=0.6002 lr=8.1e-06 (0.82s/step, ~11h05m left)
[step 21210/70000] loss=0.5798 lr=8.1e-06 (0.82s/step, ~11h05m left)
[step 21220/70000] loss=0.5910 lr=8.1e-06 (0.82s/step, ~11h09m left)
[step 21230/70000] loss=0.5921 lr=8.1e-06 (0.82s/step, ~11h06m left)
[step 21240/70000] loss=0.5720 lr=8.1e-06 (0.82s/step, ~11h06m left)
[step 21250/70000] loss=0.5863 lr=8.1e-06 (0.82s/step, ~11h06m left)
[step 21260/70000] loss=0.5900 lr=8.1e-06 (0.82s/step, ~11h09m left)
[step 21270/70000] loss=0.5640 lr=8.1e-06 (0.82s/step, ~11h05m left)
[step 21280/70000] loss=0.5762 lr=8.1e-06 (0.82s/step, ~11h05m left)
[step 21290/70000] loss=0.5843 lr=8.1e-06 (0.82s/step, ~11h06m left)
[step 21300/70000] loss=0.5890 lr=8.1e-06 (0.82s/step, ~11h09m left)
[step 21310/70000] loss=0.5690 lr=8.1e-06 (0.82s/step, ~11h07m left)
[step 21320/70000] loss=0.5820 lr=8.1e-06 (0.82s/step, ~11h07m left)
[step 21330/70000] loss=0.5812 lr=8.1e-06 (0.82s/step, ~11h09m left)
[step 21340/70000] loss=0.5691 lr=8.1e-06 (0.82s/step, ~11h03m left)
[step 21350/70000] loss=0.5734 lr=8.1e-06 (0.82s/step, ~11h02m left)
[step 21360/70000] loss=0.5756 lr=8.1e-06 (0.82s/step, ~11h00m left)
[step 21370/70000] loss=0.5937 lr=8.1e-06 (0.82s/step, ~11h01m left)
[step 21380/70000] loss=0.5701 lr=8.1e-06 (0.82s/step, ~11h01m left)
[step 21390/70000] loss=0.6090 lr=8.1e-06 (0.82s/step, ~11h04m left)
[step 21400/70000] loss=0.5940 lr=8.1e-06 (0.82s/step, ~11h04m left)
[step 21410/70000] loss=0.5664 lr=8.1e-06 (0.83s/step, ~11h09m left)
[step 21420/70000] loss=0.5584 lr=8.1e-06 (0.82s/step, ~11h04m left)
[step 21430/70000] loss=0.5979 lr=8.1e-06 (0.82s/step, ~11h02m left)
[step 21440/70000] loss=0.5973 lr=8.1e-06 (0.82s/step, ~11h02m left)
[step 21450/70000] loss=0.5982 lr=8.1e-06 (0.82s/step, ~11h00m left)
[step 21460/70000] loss=0.5824 lr=8.1e-06 (0.82s/step, ~11h02m left)
[step 21470/70000] loss=0.5832 lr=8.1e-06 (0.83s/step, ~11h07m left)
[step 21480/70000] loss=0.5740 lr=8.1e-06 (0.82s/step, ~11h00m left)
[step 21490/70000] loss=0.5672 lr=8.1e-06 (0.82s/step, ~11h03m left)
[step 21500/70000] loss=0.5807 lr=8.1e-06 (0.82s/step, ~10h59m left)
[step 21510/70000] loss=0.5692 lr=8.1e-06 (0.82s/step, ~10h59m left)
[step 21520/70000] loss=0.5742 lr=8.1e-06 (0.82s/step, ~11h03m left)
[step 21530/70000] loss=0.5709 lr=8.1e-06 (0.82s/step, ~11h04m left)
[step 21540/70000] loss=0.6058 lr=8.1e-06 (0.82s/step, ~10h58m left)
[step 21550/70000] loss=0.5940 lr=8.1e-06 (0.82s/step, ~10h58m left)
[step 21560/70000] loss=0.5930 lr=8.1e-06 (0.81s/step, ~10h57m left)
[step 21570/70000] loss=0.5749 lr=8.1e-06 (0.82s/step, ~11h01m left)
[step 21580/70000] loss=0.5706 lr=8.1e-06 (0.82s/step, ~10h57m left)
[step 21590/70000] loss=0.5686 lr=8.1e-06 (0.81s/step, ~10h54m left)
[step 21600/70000] loss=0.5884 lr=8.1e-06 (0.81s/step, ~10h56m left)
[step 21610/70000] loss=0.5787 lr=8.1e-06 (0.81s/step, ~10h55m left)
[step 21620/70000] loss=0.6042 lr=8.1e-06 (0.81s/step, ~10h54m left)
[step 21630/70000] loss=0.5975 lr=8.1e-06 (0.81s/step, ~10h53m left)
[step 21640/70000] loss=0.5767 lr=8.1e-06 (0.81s/step, ~10h55m left)
[step 21650/70000] loss=0.5911 lr=8.1e-06 (0.82s/step, ~10h58m left)
[step 21660/70000] loss=0.5808 lr=8.1e-06 (0.82s/step, ~10h57m left)
[step 21670/70000] loss=0.5822 lr=8.1e-06 (0.82s/step, ~10h59m left)
[step 21680/70000] loss=0.5852 lr=8.1e-06 (0.82s/step, ~11h01m left)
[step 21690/70000] loss=0.5730 lr=8.1e-06 (0.82s/step, ~10h58m left)
[step 21700/70000] loss=0.5640 lr=8.1e-06 (0.82s/step, ~10h57m left)
[step 21710/70000] loss=0.5793 lr=8.1e-06 (0.82s/step, ~10h57m left)
[step 21720/70000] loss=0.5752 lr=8.1e-06 (0.82s/step, ~10h59m left)
[step 21730/70000] loss=0.5876 lr=8.1e-06 (0.82s/step, ~10h56m left)
[step 21740/70000] loss=0.5849 lr=8.1e-06 (0.82s/step, ~10h57m left)
[step 21750/70000] loss=0.5852 lr=8.1e-06 (0.82s/step, ~10h56m left)
[step 21760/70000] loss=0.5731 lr=8.1e-06 (0.82s/step, ~11h02m left)
[step 21770/70000] loss=0.5977 lr=8.1e-06 (0.82s/step, ~10h58m left)
[step 21780/70000] loss=0.5893 lr=8.1e-06 (0.82s/step, ~11h01m left)
[step 21790/70000] loss=0.5785 lr=8.1e-06 (0.82s/step, ~11h01m left)
[step 21800/70000] loss=0.5661 lr=8.1e-06 (0.82s/step, ~11h00m left)
[step 21810/70000] loss=0.5878 lr=8.1e-06 (0.81s/step, ~10h54m left)
[step 21820/70000] loss=0.5798 lr=8.1e-06 (0.81s/step, ~10h53m left)
[step 21830/70000] loss=0.5849 lr=8.1e-06 (0.82s/step, ~10h59m left)
[step 21840/70000] loss=0.5776 lr=8.1e-06 (0.82s/step, ~10h58m left)
[step 21850/70000] loss=0.6033 lr=8.1e-06 (0.81s/step, ~10h53m left)
[step 21860/70000] loss=0.5891 lr=8.1e-06 (0.81s/step, ~10h53m left)
[step 21870/70000] loss=0.5961 lr=8.1e-06 (0.83s/step, ~11h01m left)
[step 21880/70000] loss=0.6198 lr=8.1e-06 (0.83s/step, ~11h06m left)
[step 21890/70000] loss=0.5763 lr=8.1e-06 (0.86s/step, ~11h33m left)
[step 21900/70000] loss=0.5994 lr=8.1e-06 (0.87s/step, ~11h36m left)
[step 21910/70000] loss=0.5908 lr=8.1e-06 (0.87s/step, ~11h35m left)
[step 21920/70000] loss=0.5857 lr=8.1e-06 (0.86s/step, ~11h26m left)
[step 21930/70000] loss=0.5663 lr=8.1e-06 (0.84s/step, ~11h16m left)
[step 21940/70000] loss=0.5962 lr=8.1e-06 (0.85s/step, ~11h18m left)
[step 21950/70000] loss=0.5796 lr=8.1e-06 (0.84s/step, ~11h10m left)
[step 21960/70000] loss=0.5834 lr=8.1e-06 (0.84s/step, ~11h08m left)
[step 21970/70000] loss=0.5820 lr=8.1e-06 (0.83s/step, ~11h04m left)
[step 21980/70000] loss=0.5925 lr=8.1e-06 (0.83s/step, ~11h07m left)
[step 21990/70000] loss=0.5888 lr=8.1e-06 (0.84s/step, ~11h11m left)
[step 22000/70000] loss=0.5938 lr=8.1e-06 (0.83s/step, ~11h07m left)
[step 22010/70000] loss=0.5814 lr=8.1e-06 (0.83s/step, ~11h05m left)
[step 22020/70000] loss=0.5691 lr=8.1e-06 (0.83s/step, ~11h05m left)
[step 22030/70000] loss=0.5721 lr=8.1e-06 (0.83s/step, ~11h04m left)
[step 22040/70000] loss=0.5699 lr=8.1e-06 (0.84s/step, ~11h10m left)
[step 22050/70000] loss=0.5859 lr=8.1e-06 (0.84s/step, ~11h10m left)
[step 22060/70000] loss=0.5819 lr=8.1e-06 (0.84s/step, ~11h08m left)
[step 22070/70000] loss=0.5783 lr=8.1e-06 (0.84s/step, ~11h08m left)
[step 22080/70000] loss=0.5705 lr=8.1e-06 (0.84s/step, ~11h10m left)
[step 22090/70000] loss=0.5731 lr=8.1e-06 (0.84s/step, ~11h07m left)
[step 22100/70000] loss=0.5821 lr=8.1e-06 (0.84s/step, ~11h10m left)
[step 22110/70000] loss=0.5771 lr=8.1e-06 (0.84s/step, ~11h08m left)
[step 22120/70000] loss=0.5698 lr=8.1e-06 (0.84s/step, ~11h10m left)
[step 22130/70000] loss=0.5605 lr=8.1e-06 (0.83s/step, ~11h06m left)
[step 22140/70000] loss=0.5643 lr=8.1e-06 (0.84s/step, ~11h06m left)
[step 22150/70000] loss=0.6009 lr=8.1e-06 (0.84s/step, ~11h12m left)
[step 22160/70000] loss=0.5756 lr=8.1e-06 (0.83s/step, ~11h05m left)
[step 22170/70000] loss=0.5696 lr=8.1e-06 (0.83s/step, ~11h02m left)
[step 22180/70000] loss=0.5884 lr=8.1e-06 (0.84s/step, ~11h06m left)
[step 22190/70000] loss=0.5906 lr=8.1e-06 (0.83s/step, ~11h03m left)
[step 22200/70000] loss=0.5876 lr=8.1e-06 (0.84s/step, ~11h05m left)
[step 22210/70000] loss=0.5781 lr=8.1e-06 (0.83s/step, ~11h04m left)
[step 22220/70000] loss=0.5843 lr=8.1e-06 (0.84s/step, ~11h08m left)
[step 22230/70000] loss=0.5744 lr=8.1e-06 (0.84s/step, ~11h11m left)
[step 22240/70000] loss=0.5875 lr=8.1e-06 (0.83s/step, ~11h03m left)
[step 22250/70000] loss=0.5866 lr=8.1e-06 (0.83s/step, ~11h01m left)
[step 22260/70000] loss=0.5814 lr=8.1e-06 (0.83s/step, ~11h03m left)
[step 22270/70000] loss=0.5975 lr=8.1e-06 (0.83s/step, ~11h03m left)
[step 22280/70000] loss=0.5905 lr=8.1e-06 (0.83s/step, ~11h01m left)
[step 22290/70000] loss=0.5680 lr=8.1e-06 (0.83s/step, ~10h57m left)
[step 22300/70000] loss=0.5808 lr=8.1e-06 (0.82s/step, ~10h52m left)
[step 22310/70000] loss=0.5681 lr=8.1e-06 (0.83s/step, ~10h57m left)
[step 22320/70000] loss=0.5857 lr=8.1e-06 (0.82s/step, ~10h49m left)
[step 22330/70000] loss=0.5880 lr=8.1e-06 (0.81s/step, ~10h46m left)
[step 22340/70000] loss=0.5874 lr=8.1e-06 (0.81s/step, ~10h45m left)
[step 22350/70000] loss=0.5743 lr=8.1e-06 (0.81s/step, ~10h46m left)
[step 22360/70000] loss=0.6034 lr=8.1e-06 (0.81s/step, ~10h45m left)
[step 22370/70000] loss=0.5830 lr=8.1e-06 (0.81s/step, ~10h46m left)
[step 22380/70000] loss=0.5817 lr=8.1e-06 (0.82s/step, ~10h47m left)
[step 22390/70000] loss=0.5625 lr=8.1e-06 (0.82s/step, ~10h50m left)
[step 22400/70000] loss=0.5929 lr=8.1e-06 (0.82s/step, ~10h50m left)
[step 22410/70000] loss=0.5854 lr=8.1e-06 (0.83s/step, ~10h56m left)
[step 22420/70000] loss=0.5819 lr=8.1e-06 (0.82s/step, ~10h50m left)
[step 22430/70000] loss=0.5778 lr=8.1e-06 (0.82s/step, ~10h47m left)
[step 22440/70000] loss=0.5766 lr=8.1e-06 (0.82s/step, ~10h48m left)
[step 22450/70000] loss=0.5808 lr=8.1e-06 (0.82s/step, ~10h46m left)
[step 22460/70000] loss=0.5655 lr=8.1e-06 (0.82s/step, ~10h51m left)
[step 22470/70000] loss=0.5628 lr=8.1e-06 (0.81s/step, ~10h45m left)
[step 22480/70000] loss=0.5807 lr=8.1e-06 (0.82s/step, ~10h47m left)
[step 22490/70000] loss=0.5749 lr=8.1e-06 (0.82s/step, ~10h50m left)
[step 22500/70000] loss=0.5700 lr=8.1e-06 (0.83s/step, ~10h53m left)
[eval @ step 22500] val_loss=0.5565 train_loss=0.5708
[saved] runs/finetune_001/step_0022500.pth
[step 22510/70000] loss=0.5797 lr=8.1e-06 (0.82s/step, ~10h51m left)
[step 22520/70000] loss=0.5836 lr=8.1e-06 (0.82s/step, ~10h48m left)
[step 22530/70000] loss=0.5897 lr=8.1e-06 (0.81s/step, ~10h42m left)
[step 22540/70000] loss=0.5693 lr=8.1e-06 (0.81s/step, ~10h39m left)
[step 22550/70000] loss=0.5968 lr=8.1e-06 (0.81s/step, ~10h38m left)
[step 22560/70000] loss=0.5715 lr=8.1e-06 (0.81s/step, ~10h44m left)
[step 22570/70000] loss=0.5921 lr=8.1e-06 (0.81s/step, ~10h39m left)
[step 22580/70000] loss=0.5725 lr=8.1e-06 (0.81s/step, ~10h38m left)
[step 22590/70000] loss=0.5765 lr=8.1e-06 (0.81s/step, ~10h41m left)
[step 22600/70000] loss=0.5858 lr=8.1e-06 (0.82s/step, ~10h45m left)
[step 22610/70000] loss=0.6049 lr=8.1e-06 (0.81s/step, ~10h39m left)
[step 22620/70000] loss=0.5758 lr=8.1e-06 (0.81s/step, ~10h41m left)
[step 22630/70000] loss=0.5597 lr=8.1e-06 (0.81s/step, ~10h40m left)
[step 22640/70000] loss=0.5862 lr=8.1e-06 (0.81s/step, ~10h43m left)
[step 22650/70000] loss=0.5750 lr=8.1e-06 (0.81s/step, ~10h40m left)
[step 22660/70000] loss=0.5807 lr=8.1e-06 (0.83s/step, ~10h55m left)
[step 22670/70000] loss=0.5723 lr=8.1e-06 (0.82s/step, ~10h43m left)
[step 22680/70000] loss=0.5725 lr=8.1e-06 (0.82s/step, ~10h46m left)
[step 22690/70000] loss=0.5979 lr=8.1e-06 (0.81s/step, ~10h41m left)
[step 22700/70000] loss=0.5948 lr=8.1e-06 (0.83s/step, ~10h50m left)
[step 22710/70000] loss=0.5753 lr=8.1e-06 (0.81s/step, ~10h41m left)
[step 22720/70000] loss=0.5853 lr=8.1e-06 (0.82s/step, ~10h43m left)
[step 22730/70000] loss=0.5738 lr=8.1e-06 (0.81s/step, ~10h40m left)
[step 22740/70000] loss=0.5688 lr=8.1e-06 (0.81s/step, ~10h39m left)
[step 22750/70000] loss=0.5799 lr=8.1e-06 (0.81s/step, ~10h39m left)
[step 22760/70000] loss=0.5942 lr=8.1e-06 (0.82s/step, ~10h44m left)
[step 22770/70000] loss=0.5803 lr=8.1e-06 (0.81s/step, ~10h40m left)
[step 22780/70000] loss=0.5958 lr=8.1e-06 (0.81s/step, ~10h40m left)
[step 22790/70000] loss=0.5709 lr=8.1e-06 (0.81s/step, ~10h39m left)
[step 22800/70000] loss=0.5796 lr=8.1e-06 (0.82s/step, ~10h41m left)
[step 22810/70000] loss=0.5981 lr=8.1e-06 (0.81s/step, ~10h39m left)
[step 22820/70000] loss=0.5996 lr=8.1e-06 (0.81s/step, ~10h39m left)
[step 22830/70000] loss=0.5982 lr=8.1e-06 (0.81s/step, ~10h37m left)
[step 22840/70000] loss=0.5672 lr=8.1e-06 (0.82s/step, ~10h42m left)
[step 22850/70000] loss=0.5735 lr=8.1e-06 (0.81s/step, ~10h39m left)
[step 22860/70000] loss=0.5799 lr=8.1e-06 (0.82s/step, ~10h44m left)
[step 22870/70000] loss=0.5868 lr=8.1e-06 (0.81s/step, ~10h36m left)
[step 22880/70000] loss=0.5755 lr=8.1e-06 (0.82s/step, ~10h41m left)
[step 22890/70000] loss=0.5774 lr=8.1e-06 (0.81s/step, ~10h36m left)
[step 22900/70000] loss=0.5880 lr=8.1e-06 (0.81s/step, ~10h37m left)
[step 22910/70000] loss=0.5780 lr=8.1e-06 (0.81s/step, ~10h38m left)
[step 22920/70000] loss=0.5697 lr=8.1e-06 (0.81s/step, ~10h39m left)
[step 22930/70000] loss=0.5837 lr=8.1e-06 (0.81s/step, ~10h37m left)
[step 22940/70000] loss=0.5862 lr=8.1e-06 (0.81s/step, ~10h37m left)
[step 22950/70000] loss=0.5679 lr=8.1e-06 (0.82s/step, ~10h42m left)
[step 22960/70000] loss=0.5754 lr=8.1e-06 (0.82s/step, ~10h39m left)
[step 22970/70000] loss=0.5777 lr=8.1e-06 (0.81s/step, ~10h36m left)
[step 22980/70000] loss=0.5779 lr=8.1e-06 (0.81s/step, ~10h35m left)
[step 22990/70000] loss=0.5894 lr=8.1e-06 (0.81s/step, ~10h37m left)
[step 23000/70000] loss=0.5777 lr=8.1e-06 (0.81s/step, ~10h36m left)
[step 23010/70000] loss=0.5721 lr=8.1e-06 (0.81s/step, ~10h35m left)
[step 23020/70000] loss=0.5762 lr=8.1e-06 (0.81s/step, ~10h36m left)
[step 23030/70000] loss=0.5938 lr=8.1e-06 (0.82s/step, ~10h40m left)
[step 23040/70000] loss=0.6106 lr=8.1e-06 (0.81s/step, ~10h36m left)
[step 23050/70000] loss=0.5732 lr=8.1e-06 (0.81s/step, ~10h35m left)
[step 23060/70000] loss=0.5901 lr=8.1e-06 (0.81s/step, ~10h35m left)
[step 23070/70000] loss=0.5799 lr=8.1e-06 (0.82s/step, ~10h39m left)
[step 23080/70000] loss=0.5697 lr=8.1e-06 (0.81s/step, ~10h35m left)
[step 23090/70000] loss=0.5802 lr=8.1e-06 (0.81s/step, ~10h35m left)
[step 23100/70000] loss=0.5903 lr=8.1e-06 (0.81s/step, ~10h34m left)
[step 23110/70000] loss=0.5961 lr=8.1e-06 (0.82s/step, ~10h38m left)
[step 23120/70000] loss=0.5887 lr=8.1e-06 (0.81s/step, ~10h34m left)
[step 23130/70000] loss=0.5781 lr=8.1e-06 (0.81s/step, ~10h34m left)
[step 23140/70000] loss=0.5743 lr=8.1e-06 (0.81s/step, ~10h34m left)
[step 23150/70000] loss=0.5720 lr=8.1e-06 (0.82s/step, ~10h38m left)
[step 23160/70000] loss=0.5921 lr=8.1e-06 (0.81s/step, ~10h35m left)
[step 23170/70000] loss=0.5650 lr=8.1e-06 (0.81s/step, ~10h33m left)
[step 23180/70000] loss=0.5829 lr=8.1e-06 (0.81s/step, ~10h34m left)
[step 23190/70000] loss=0.5673 lr=8.1e-06 (0.82s/step, ~10h36m left)
[step 23200/70000] loss=0.5907 lr=8.1e-06 (0.81s/step, ~10h33m left)
[step 23210/70000] loss=0.5762 lr=8.1e-06 (0.81s/step, ~10h32m left)
[step 23220/70000] loss=0.6013 lr=8.1e-06 (0.81s/step, ~10h34m left)
[step 23230/70000] loss=0.5774 lr=8.1e-06 (0.82s/step, ~10h36m left)
[step 23240/70000] loss=0.6027 lr=8.1e-06 (0.81s/step, ~10h32m left)
[step 23250/70000] loss=0.5850 lr=8.1e-06 (0.81s/step, ~10h33m left)
[step 23260/70000] loss=0.5751 lr=8.1e-06 (0.81s/step, ~10h32m left)
[step 23270/70000] loss=0.5931 lr=8.1e-06 (0.82s/step, ~10h36m left)
[step 23280/70000] loss=0.5774 lr=8.1e-06 (0.81s/step, ~10h32m left)
[step 23290/70000] loss=0.6012 lr=8.1e-06 (0.81s/step, ~10h33m left)
[step 23300/70000] loss=0.6078 lr=8.1e-06 (0.81s/step, ~10h33m left)
[step 23310/70000] loss=0.5707 lr=8.1e-06 (0.81s/step, ~10h34m left)
[step 23320/70000] loss=0.5803 lr=8.1e-06 (0.81s/step, ~10h31m left)
[step 23330/70000] loss=0.5678 lr=8.1e-06 (0.81s/step, ~10h31m left)
[step 23340/70000] loss=0.5875 lr=8.1e-06 (0.81s/step, ~10h32m left)
[step 23350/70000] loss=0.5879 lr=8.1e-06 (0.82s/step, ~10h34m left)
[step 23360/70000] loss=0.5721 lr=8.1e-06 (0.81s/step, ~10h32m left)
[step 23370/70000] loss=0.5754 lr=8.1e-06 (0.81s/step, ~10h30m left)
[step 23380/70000] loss=0.5808 lr=8.1e-06 (0.81s/step, ~10h31m left)
[step 23390/70000] loss=0.5653 lr=8.1e-06 (0.82s/step, ~10h34m left)
[step 23400/70000] loss=0.5954 lr=8.1e-06 (0.81s/step, ~10h31m left)
[step 23410/70000] loss=0.5758 lr=8.1e-06 (0.81s/step, ~10h30m left)
[step 23420/70000] loss=0.5751 lr=8.1e-06 (0.81s/step, ~10h31m left)
[step 23430/70000] loss=0.5908 lr=8.1e-06 (0.82s/step, ~10h33m left)
[step 23440/70000] loss=0.5890 lr=8.1e-06 (0.81s/step, ~10h30m left)
[step 23450/70000] loss=0.5841 lr=8.1e-06 (0.81s/step, ~10h31m left)
[step 23460/70000] loss=0.5733 lr=8.1e-06 (0.82s/step, ~10h32m left)
[step 23470/70000] loss=0.5875 lr=8.1e-06 (0.82s/step, ~10h35m left)
[step 23480/70000] loss=0.5898 lr=8.1e-06 (0.82s/step, ~10h33m left)
[step 23490/70000] loss=0.5742 lr=8.1e-06 (0.82s/step, ~10h34m left)
[step 23500/70000] loss=0.5674 lr=8.1e-06 (0.81s/step, ~10h30m left)
[step 23510/70000] loss=0.5866 lr=8.1e-06 (0.81s/step, ~10h31m left)
[step 23520/70000] loss=0.5918 lr=8.1e-06 (0.81s/step, ~10h29m left)
[step 23530/70000] loss=0.5967 lr=8.1e-06 (0.81s/step, ~10h30m left)
[step 23540/70000] loss=0.5957 lr=8.1e-06 (0.81s/step, ~10h29m left)
[step 23550/70000] loss=0.5710 lr=8.1e-06 (0.82s/step, ~10h32m left)
[step 23560/70000] loss=0.5762 lr=8.1e-06 (0.81s/step, ~10h29m left)
[step 23570/70000] loss=0.5785 lr=8.1e-06 (0.82s/step, ~10h30m left)
[step 23580/70000] loss=0.5685 lr=8.1e-06 (0.82s/step, ~10h31m left)
[step 23590/70000] loss=0.5994 lr=8.1e-06 (0.82s/step, ~10h32m left)
[step 23600/70000] loss=0.5785 lr=8.1e-06 (0.82s/step, ~10h31m left)
[step 23610/70000] loss=0.5944 lr=8.1e-06 (0.81s/step, ~10h29m left)
[step 23620/70000] loss=0.5790 lr=8.1e-06 (0.82s/step, ~10h33m left)
[step 23630/70000] loss=0.5895 lr=8.1e-06 (0.82s/step, ~10h32m left)
[step 23640/70000] loss=0.5883 lr=8.1e-06 (0.81s/step, ~10h28m left)
[step 23650/70000] loss=0.5775 lr=8.1e-06 (0.82s/step, ~10h29m left)
[step 23660/70000] loss=0.5798 lr=8.1e-06 (0.82s/step, ~10h30m left)
[step 23670/70000] loss=0.5781 lr=8.1e-06 (0.82s/step, ~10h31m left)
[step 23680/70000] loss=0.5777 lr=8.1e-06 (0.81s/step, ~10h27m left)
[step 23690/70000] loss=0.5673 lr=8.1e-06 (0.82s/step, ~10h35m left)
[step 23700/70000] loss=0.5689 lr=8.1e-06 (0.82s/step, ~10h35m left)
[step 23710/70000] loss=0.5723 lr=8.1e-06 (0.82s/step, ~10h31m left)
[step 23720/70000] loss=0.5972 lr=8.1e-06 (0.82s/step, ~10h29m left)
[step 23730/70000] loss=0.5877 lr=8.1e-06 (0.82s/step, ~10h29m left)
[step 23740/70000] loss=0.5736 lr=8.1e-06 (0.82s/step, ~10h34m left)
[step 23750/70000] loss=0.5896 lr=8.1e-06 (0.82s/step, ~10h31m left)
[step 23760/70000] loss=0.5777 lr=8.1e-06 (0.81s/step, ~10h28m left)
[step 23770/70000] loss=0.5769 lr=8.1e-06 (0.82s/step, ~10h28m left)
[step 23780/70000] loss=0.5746 lr=8.1e-06 (0.82s/step, ~10h31m left)
[step 23790/70000] loss=0.5695 lr=8.1e-06 (0.82s/step, ~10h29m left)
[step 23800/70000] loss=0.5749 lr=8.1e-06 (0.82s/step, ~10h31m left)
[step 23810/70000] loss=0.5817 lr=8.1e-06 (0.82s/step, ~10h29m left)
[step 23820/70000] loss=0.5642 lr=8.1e-06 (0.81s/step, ~10h24m left)
[step 23830/70000] loss=0.5734 lr=8.1e-06 (0.82s/step, ~10h28m left)
[step 23840/70000] loss=0.5930 lr=8.1e-06 (0.81s/step, ~10h24m left)
[step 23850/70000] loss=0.5617 lr=8.1e-06 (0.82s/step, ~10h28m left)
[step 23860/70000] loss=0.5855 lr=8.1e-06 (0.82s/step, ~10h28m left)
[step 23870/70000] loss=0.5892 lr=8.1e-06 (0.82s/step, ~10h30m left)
[step 23880/70000] loss=0.5823 lr=8.1e-06 (0.82s/step, ~10h27m left)
[step 23890/70000] loss=0.5780 lr=8.1e-06 (0.82s/step, ~10h27m left)
[step 23900/70000] loss=0.5829 lr=8.1e-06 (0.81s/step, ~10h24m left)
[step 23910/70000] loss=0.5709 lr=8.1e-06 (0.82s/step, ~10h27m left)
[step 23920/70000] loss=0.5778 lr=8.1e-06 (0.81s/step, ~10h23m left)
[step 23930/70000] loss=0.5889 lr=8.1e-06 (0.81s/step, ~10h24m left)
[step 23940/70000] loss=0.5961 lr=8.1e-06 (0.81s/step, ~10h24m left)
[step 23950/70000] loss=0.5721 lr=8.1e-06 (0.82s/step, ~10h28m left)
[step 23960/70000] loss=0.5770 lr=8.1e-06 (0.82s/step, ~10h25m left)
[step 23970/70000] loss=0.5707 lr=8.1e-06 (0.81s/step, ~10h24m left)
[step 23980/70000] loss=0.5845 lr=8.1e-06 (0.81s/step, ~10h23m left)
[step 23990/70000] loss=0.5964 lr=8.1e-06 (0.82s/step, ~10h25m left)
[step 24000/70000] loss=0.5821 lr=8.1e-06 (0.81s/step, ~10h24m left)
[step 24010/70000] loss=0.5778 lr=8.1e-06 (0.82s/step, ~10h26m left)
[step 24020/70000] loss=0.5901 lr=8.1e-06 (0.82s/step, ~10h28m left)
[step 24030/70000] loss=0.5710 lr=8.1e-06 (0.82s/step, ~10h27m left)
[step 24040/70000] loss=0.5846 lr=8.1e-06 (0.81s/step, ~10h23m left)
[step 24050/70000] loss=0.5667 lr=8.1e-06 (0.81s/step, ~10h23m left)
[step 24060/70000] loss=0.5703 lr=8.1e-06 (0.82s/step, ~10h24m left)
[step 24070/70000] loss=0.5769 lr=8.1e-06 (0.82s/step, ~10h26m left)
[step 24080/70000] loss=0.5877 lr=8.1e-06 (0.82s/step, ~10h26m left)
[step 24090/70000] loss=0.5984 lr=8.1e-06 (0.82s/step, ~10h24m left)
[step 24100/70000] loss=0.5713 lr=8.1e-06 (0.82s/step, ~10h25m left)
[step 24110/70000] loss=0.5804 lr=8.1e-06 (0.82s/step, ~10h23m left)
[step 24120/70000] loss=0.5655 lr=8.1e-06 (0.81s/step, ~10h22m left)
[step 24130/70000] loss=0.5824 lr=8.1e-06 (0.82s/step, ~10h23m left)
[step 24140/70000] loss=0.5827 lr=8.1e-06 (0.82s/step, ~10h23m left)
[step 24150/70000] loss=0.5857 lr=8.1e-06 (0.82s/step, ~10h22m left)
[step 24160/70000] loss=0.5803 lr=8.1e-06 (0.82s/step, ~10h23m left)
[step 24170/70000] loss=0.5896 lr=8.1e-06 (0.81s/step, ~10h20m left)
[step 24180/70000] loss=0.5844 lr=8.1e-06 (0.82s/step, ~10h23m left)
[step 24190/70000] loss=0.6044 lr=8.1e-06 (0.82s/step, ~10h24m left)
[step 24200/70000] loss=0.5826 lr=8.1e-06 (0.82s/step, ~10h23m left)
[step 24210/70000] loss=0.5937 lr=8.1e-06 (0.81s/step, ~10h21m left)
[step 24220/70000] loss=0.5936 lr=8.1e-06 (0.81s/step, ~10h20m left)
[step 24230/70000] loss=0.5827 lr=8.1e-06 (0.81s/step, ~10h17m left)
[step 24240/70000] loss=0.5766 lr=8.1e-06 (0.81s/step, ~10h17m left)
[step 24250/70000] loss=0.5659 lr=8.1e-06 (0.81s/step, ~10h17m left)
[step 24260/70000] loss=0.5874 lr=8.1e-06 (0.81s/step, ~10h20m left)
[step 24270/70000] loss=0.5934 lr=8.1e-06 (0.81s/step, ~10h18m left)
[step 24280/70000] loss=0.5722 lr=8.1e-06 (0.81s/step, ~10h17m left)
[step 24290/70000] loss=0.5875 lr=8.1e-06 (0.81s/step, ~10h18m left)
[step 24300/70000] loss=0.5828 lr=8.1e-06 (0.82s/step, ~10h21m left)
[step 24310/70000] loss=0.5854 lr=8.1e-06 (0.82s/step, ~10h22m left)
[step 24320/70000] loss=0.5723 lr=8.1e-06 (0.81s/step, ~10h19m left)
[step 24330/70000] loss=0.5746 lr=8.1e-06 (0.82s/step, ~10h20m left)
[step 24340/70000] loss=0.5723 lr=8.1e-06 (0.82s/step, ~10h23m left)
[step 24350/70000] loss=0.5830 lr=8.1e-06 (0.82s/step, ~10h20m left)
[step 24360/70000] loss=0.5771 lr=8.1e-06 (0.81s/step, ~10h19m left)
[step 24370/70000] loss=0.5871 lr=8.1e-06 (0.81s/step, ~10h19m left)
[step 24380/70000] loss=0.5953 lr=8.1e-06 (0.82s/step, ~10h23m left)
[step 24390/70000] loss=0.5656 lr=8.1e-06 (0.82s/step, ~10h21m left)
[step 24400/70000] loss=0.5911 lr=8.1e-06 (0.82s/step, ~10h24m left)
[step 24410/70000] loss=0.5833 lr=8.1e-06 (0.82s/step, ~10h23m left)
[step 24420/70000] loss=0.5727 lr=8.1e-06 (0.82s/step, ~10h21m left)
[step 24430/70000] loss=0.5651 lr=8.1e-06 (0.81s/step, ~10h18m left)
[step 24440/70000] loss=0.5695 lr=8.1e-06 (0.82s/step, ~10h18m left)
[step 24450/70000] loss=0.5726 lr=8.1e-06 (0.81s/step, ~10h18m left)
[step 24460/70000] loss=0.5749 lr=8.1e-06 (0.82s/step, ~10h20m left)
[step 24470/70000] loss=0.5673 lr=8.1e-06 (0.81s/step, ~10h15m left)
[step 24480/70000] loss=0.5798 lr=8.1e-06 (0.81s/step, ~10h16m left)
[step 24490/70000] loss=0.5899 lr=8.1e-06 (0.82s/step, ~10h25m left)
[step 24500/70000] loss=0.5994 lr=8.1e-06 (0.82s/step, ~10h24m left)
[step 24510/70000] loss=0.6009 lr=8.1e-06 (0.82s/step, ~10h19m left)
[step 24520/70000] loss=0.5897 lr=8.1e-06 (0.81s/step, ~10h14m left)
[step 24530/70000] loss=0.5777 lr=8.1e-06 (0.81s/step, ~10h16m left)
[step 24540/70000] loss=0.5789 lr=8.1e-06 (0.82s/step, ~10h19m left)
[step 24550/70000] loss=0.5777 lr=8.1e-06 (0.85s/step, ~10h41m left)
[step 24560/70000] loss=0.5769 lr=8.1e-06 (0.84s/step, ~10h35m left)
[step 24570/70000] loss=0.5863 lr=8.1e-06 (0.83s/step, ~10h30m left)
[step 24580/70000] loss=0.5836 lr=8.1e-06 (0.84s/step, ~10h36m left)
[step 24590/70000] loss=0.5680 lr=8.1e-06 (0.82s/step, ~10h19m left)
[step 24600/70000] loss=0.5874 lr=8.1e-06 (0.84s/step, ~10h34m left)
[step 24610/70000] loss=0.6043 lr=8.1e-06 (0.83s/step, ~10h28m left)
[step 24620/70000] loss=0.5779 lr=8.1e-06 (0.82s/step, ~10h19m left)
[step 24630/70000] loss=0.5861 lr=8.1e-06 (0.81s/step, ~10h13m left)
[step 24640/70000] loss=0.5768 lr=8.1e-06 (0.81s/step, ~10h12m left)
[step 24650/70000] loss=0.5752 lr=8.1e-06 (0.81s/step, ~10h15m left)
[step 24660/70000] loss=0.5887 lr=8.1e-06 (0.85s/step, ~10h43m left)
[step 24670/70000] loss=0.5806 lr=8.1e-06 (0.82s/step, ~10h18m left)
[step 24680/70000] loss=0.5728 lr=8.1e-06 (0.82s/step, ~10h21m left)
[step 24690/70000] loss=0.5826 lr=8.1e-06 (0.82s/step, ~10h22m left)
[step 24700/70000] loss=0.6050 lr=8.1e-06 (0.82s/step, ~10h16m left)
[step 24710/70000] loss=0.5795 lr=8.1e-06 (0.81s/step, ~10h15m left)
[step 24720/70000] loss=0.5736 lr=8.1e-06 (0.82s/step, ~10h16m left)
[step 24730/70000] loss=0.5834 lr=8.1e-06 (0.82s/step, ~10h16m left)
[step 24740/70000] loss=0.5686 lr=8.1e-06 (0.82s/step, ~10h16m left)
[step 24750/70000] loss=0.5867 lr=8.1e-06 (0.81s/step, ~10h14m left)
[step 24760/70000] loss=0.5830 lr=8.1e-06 (0.81s/step, ~10h13m left)
[step 24770/70000] loss=0.5723 lr=8.1e-06 (0.81s/step, ~10h12m left)
[step 24780/70000] loss=0.5748 lr=8.1e-06 (0.82s/step, ~10h17m left)
[step 24790/70000] loss=0.5752 lr=8.1e-06 (0.81s/step, ~10h09m left)
[step 24800/70000] loss=0.5803 lr=8.1e-06 (0.81s/step, ~10h12m left)
[step 24810/70000] loss=0.5753 lr=8.1e-06 (0.81s/step, ~10h12m left)
[step 24820/70000] loss=0.5781 lr=8.1e-06 (0.82s/step, ~10h19m left)
[step 24830/70000] loss=0.5870 lr=8.1e-06 (0.82s/step, ~10h14m left)
[step 24840/70000] loss=0.5759 lr=8.1e-06 (0.81s/step, ~10h13m left)
[step 24850/70000] loss=0.5776 lr=8.1e-06 (0.81s/step, ~10h10m left)
[step 24860/70000] loss=0.5737 lr=8.1e-06 (0.82s/step, ~10h16m left)
[step 24870/70000] loss=0.5736 lr=8.1e-06 (0.81s/step, ~10h09m left)
[step 24880/70000] loss=0.5907 lr=8.1e-06 (0.82s/step, ~10h15m left)
[step 24890/70000] loss=0.5735 lr=8.1e-06 (0.82s/step, ~10h18m left)
[step 24900/70000] loss=0.5772 lr=8.1e-06 (0.83s/step, ~10h20m left)
[step 24910/70000] loss=0.5896 lr=8.1e-06 (0.82s/step, ~10h13m left)
[step 24920/70000] loss=0.5764 lr=8.1e-06 (0.81s/step, ~10h08m left)
[step 24930/70000] loss=0.5928 lr=8.1e-06 (0.81s/step, ~10h10m left)
[step 24940/70000] loss=0.5613 lr=8.1e-06 (0.82s/step, ~10h14m left)
[step 24950/70000] loss=0.5684 lr=8.1e-06 (0.82s/step, ~10h17m left)
[step 24960/70000] loss=0.5639 lr=8.1e-06 (0.81s/step, ~10h10m left)
[step 24970/70000] loss=0.5972 lr=8.1e-06 (0.82s/step, ~10h14m left)
[step 24980/70000] loss=0.5652 lr=8.1e-06 (0.82s/step, ~10h14m left)
[step 24990/70000] loss=0.5831 lr=8.1e-06 (0.81s/step, ~10h10m left)
[step 25000/70000] loss=0.5876 lr=8.1e-06 (0.82s/step, ~10h11m left)
[eval @ step 25000] val_loss=0.5557 train_loss=0.5794
[saved] runs/finetune_001/step_0025000.pth
[step 25010/70000] loss=0.5796 lr=8.1e-06 (0.82s/step, ~10h14m left)
[step 25020/70000] loss=0.5669 lr=8.1e-06 (0.81s/step, ~10h10m left)
[step 25030/70000] loss=0.5810 lr=8.1e-06 (0.81s/step, ~10h08m left)
[step 25040/70000] loss=0.5862 lr=8.1e-06 (0.82s/step, ~10h11m left)
[step 25050/70000] loss=0.5756 lr=8.1e-06 (0.81s/step, ~10h10m left)
[step 25060/70000] loss=0.5868 lr=8.1e-06 (0.82s/step, ~10h11m left)
[step 25070/70000] loss=0.5916 lr=8.1e-06 (0.81s/step, ~10h07m left)
[step 25080/70000] loss=0.5844 lr=8.1e-06 (0.81s/step, ~10h09m left)
[step 25090/70000] loss=0.5699 lr=8.1e-06 (0.82s/step, ~10h11m left)
[step 25100/70000] loss=0.5777 lr=8.1e-06 (0.82s/step, ~10h10m left)
[step 25110/70000] loss=0.5844 lr=8.1e-06 (0.81s/step, ~10h09m left)
[step 25120/70000] loss=0.5684 lr=8.1e-06 (0.83s/step, ~10h20m left)
[step 25130/70000] loss=0.5710 lr=8.1e-06 (0.82s/step, ~10h10m left)
[step 25140/70000] loss=0.5699 lr=8.1e-06 (0.81s/step, ~10h08m left)
[step 25150/70000] loss=0.5822 lr=8.1e-06 (0.81s/step, ~10h07m left)
[step 25160/70000] loss=0.5836 lr=8.1e-06 (0.81s/step, ~10h09m left)
[step 25170/70000] loss=0.5761 lr=8.1e-06 (0.82s/step, ~10h11m left)
[step 25180/70000] loss=0.5760 lr=8.1e-06 (0.81s/step, ~10h08m left)
[step 25190/70000] loss=0.5788 lr=8.1e-06 (0.82s/step, ~10h09m left)
[step 25200/70000] loss=0.5855 lr=8.1e-06 (0.82s/step, ~10h09m left)
[step 25210/70000] loss=0.5678 lr=8.1e-06 (0.82s/step, ~10h12m left)
[step 25220/70000] loss=0.5841 lr=8.1e-06 (0.82s/step, ~10h08m left)
[step 25230/70000] loss=0.5903 lr=8.1e-06 (0.81s/step, ~10h05m left)
[step 25240/70000] loss=0.5805 lr=8.1e-06 (0.81s/step, ~10h06m left)
[step 25250/70000] loss=0.5810 lr=8.1e-06 (0.82s/step, ~10h09m left)
[step 25260/70000] loss=0.5901 lr=8.1e-06 (0.83s/step, ~10h19m left)
[step 25270/70000] loss=0.5863 lr=8.1e-06 (0.81s/step, ~10h06m left)
[step 25280/70000] loss=0.5842 lr=8.1e-06 (0.81s/step, ~10h05m left)
[step 25290/70000] loss=0.5811 lr=8.1e-06 (0.82s/step, ~10h11m left)
[step 25300/70000] loss=0.5778 lr=8.1e-06 (0.82s/step, ~10h08m left)
[step 25310/70000] loss=0.5704 lr=8.1e-06 (0.83s/step, ~10h18m left)
[step 25320/70000] loss=0.5733 lr=8.1e-06 (0.82s/step, ~10h07m left)
[step 25330/70000] loss=0.5669 lr=8.1e-06 (0.82s/step, ~10h13m left)
[step 25340/70000] loss=0.5767 lr=8.1e-06 (0.81s/step, ~10h06m left)
[step 25350/70000] loss=0.5768 lr=8.1e-06 (0.82s/step, ~10h06m left)
[step 25360/70000] loss=0.5905 lr=8.1e-06 (0.82s/step, ~10h07m left)
[step 25370/70000] loss=0.5651 lr=8.1e-06 (0.84s/step, ~10h21m left)
[step 25380/70000] loss=0.5810 lr=8.1e-06 (0.81s/step, ~10h04m left)
[step 25390/70000] loss=0.5779 lr=8.1e-06 (0.81s/step, ~10h05m left)
[step 25400/70000] loss=0.5897 lr=8.1e-06 (0.81s/step, ~10h04m left)
[step 25410/70000] loss=0.5832 lr=8.1e-06 (0.82s/step, ~10h09m left)
[step 25420/70000] loss=0.5787 lr=8.1e-06 (0.82s/step, ~10h06m left)
[step 25430/70000] loss=0.5711 lr=8.1e-06 (0.82s/step, ~10h08m left)
[step 25440/70000] loss=0.5862 lr=8.1e-06 (0.83s/step, ~10h16m left)
[step 25450/70000] loss=0.5762 lr=8.1e-06 (0.82s/step, ~10h08m left)
[step 25460/70000] loss=0.6116 lr=8.1e-06 (0.82s/step, ~10h06m left)
[step 25470/70000] loss=0.5852 lr=8.1e-06 (0.82s/step, ~10h06m left)
[step 25480/70000] loss=0.5779 lr=8.1e-06 (0.82s/step, ~10h06m left)
[step 25490/70000] loss=0.5719 lr=8.1e-06 (0.82s/step, ~10h07m left)
[step 25500/70000] loss=0.5999 lr=8.1e-06 (0.81s/step, ~10h03m left)
[step 25510/70000] loss=0.5693 lr=8.1e-06 (0.81s/step, ~10h03m left)
[step 25520/70000] loss=0.5805 lr=8.1e-06 (0.81s/step, ~10h03m left)
[step 25530/70000] loss=0.5593 lr=8.1e-06 (0.82s/step, ~10h08m left)
[step 25540/70000] loss=0.5691 lr=8.1e-06 (0.81s/step, ~10h03m left)
[step 25550/70000] loss=0.5699 lr=8.1e-06 (0.81s/step, ~10h02m left)
[step 25560/70000] loss=0.5819 lr=8.1e-06 (0.81s/step, ~10h02m left)
[step 25570/70000] loss=0.5771 lr=8.1e-06 (0.82s/step, ~10h06m left)
[step 25580/70000] loss=0.5834 lr=8.1e-06 (0.81s/step, ~10h03m left)
[step 25590/70000] loss=0.5644 lr=8.1e-06 (0.81s/step, ~10h02m left)
[step 25600/70000] loss=0.5821 lr=8.1e-06 (0.82s/step, ~10h03m left)
[step 25610/70000] loss=0.5854 lr=8.1e-06 (0.82s/step, ~10h03m left)
[step 25620/70000] loss=0.5957 lr=8.1e-06 (0.81s/step, ~10h00m left)
[step 25630/70000] loss=0.5776 lr=8.1e-06 (0.81s/step, ~10h01m left)
[step 25640/70000] loss=0.5643 lr=8.1e-06 (0.82s/step, ~10h03m left)
[step 25650/70000] loss=0.5772 lr=8.1e-06 (0.81s/step, ~10h02m left)
[step 25660/70000] loss=0.5817 lr=8.1e-06 (0.81s/step, ~10h01m left)
[step 25670/70000] loss=0.5762 lr=8.1e-06 (0.81s/step, ~10h01m left)
[step 25680/70000] loss=0.5751 lr=8.1e-06 (0.82s/step, ~10h04m left)
[step 25690/70000] loss=0.5663 lr=8.1e-06 (0.82s/step, ~10h03m left)
[step 25700/70000] loss=0.5781 lr=8.1e-06 (0.81s/step, ~10h01m left)
[step 25710/70000] loss=0.5820 lr=8.1e-06 (0.81s/step, ~10h01m left)
[step 25720/70000] loss=0.5874 lr=8.1e-06 (0.82s/step, ~10h04m left)
[step 25730/70000] loss=0.5809 lr=8.1e-06 (0.81s/step, ~10h00m left)
[step 25740/70000] loss=0.5847 lr=8.1e-06 (0.81s/step, ~10h00m left)
[step 25750/70000] loss=0.5649 lr=8.1e-06 (0.82s/step, ~10h01m left)
[step 25760/70000] loss=0.5750 lr=8.1e-06 (0.82s/step, ~10h06m left)
[step 25770/70000] loss=0.5913 lr=8.1e-06 (0.82s/step, ~10h02m left)
[step 25780/70000] loss=0.5687 lr=8.1e-06 (0.81s/step, ~9h59m left)
[step 25790/70000] loss=0.5886 lr=8.1e-06 (0.81s/step, ~9h58m left)
[step 25800/70000] loss=0.5788 lr=8.1e-06 (0.82s/step, ~10h03m left)
[step 25810/70000] loss=0.5956 lr=8.1e-06 (0.81s/step, ~9h57m left)
[step 25820/70000] loss=0.5787 lr=8.1e-06 (0.81s/step, ~9h59m left)
[step 25830/70000] loss=0.5743 lr=8.1e-06 (0.81s/step, ~9h58m left)
[step 25840/70000] loss=0.5887 lr=8.1e-06 (0.81s/step, ~9h59m left)
[step 25850/70000] loss=0.5719 lr=8.1e-06 (0.81s/step, ~9h57m left)
[step 25860/70000] loss=0.5809 lr=8.1e-06 (0.81s/step, ~9h59m left)
[step 25870/70000] loss=0.5747 lr=8.1e-06 (0.82s/step, ~10h01m left)
[step 25880/70000] loss=0.5815 lr=8.1e-06 (0.82s/step, ~10h03m left)
[step 25890/70000] loss=0.5783 lr=8.1e-06 (0.82s/step, ~9h59m left)
[step 25900/70000] loss=0.5949 lr=8.1e-06 (0.81s/step, ~9h57m left)
[step 25910/70000] loss=0.5867 lr=8.1e-06 (0.81s/step, ~9h57m left)
[step 25920/70000] loss=0.5833 lr=8.1e-06 (0.82s/step, ~10h01m left)
[step 25930/70000] loss=0.5755 lr=8.1e-06 (0.82s/step, ~9h59m left)
[step 25940/70000] loss=0.5730 lr=8.1e-06 (0.82s/step, ~9h59m left)
[step 25950/70000] loss=0.5777 lr=8.1e-06 (0.82s/step, ~9h58m left)
[step 25960/70000] loss=0.5795 lr=8.1e-06 (0.83s/step, ~10h06m left)
[step 25970/70000] loss=0.5771 lr=8.1e-06 (0.82s/step, ~10h00m left)
[step 25980/70000] loss=0.5864 lr=8.1e-06 (0.81s/step, ~9h57m left)
[step 25990/70000] loss=0.5669 lr=8.1e-06 (0.81s/step, ~9h56m left)
[step 26000/70000] loss=0.5760 lr=8.1e-06 (0.82s/step, ~10h00m left)
[step 26010/70000] loss=0.6045 lr=8.1e-06 (0.81s/step, ~9h55m left)
[step 26020/70000] loss=0.5833 lr=8.1e-06 (0.81s/step, ~9h54m left)
[step 26030/70000] loss=0.5745 lr=8.1e-06 (0.81s/step, ~9h55m left)
[step 26040/70000] loss=0.5731 lr=8.1e-06 (0.82s/step, ~9h58m left)
[step 26050/70000] loss=0.5738 lr=8.1e-06 (0.82s/step, ~10h03m left)
[step 26060/70000] loss=0.5866 lr=8.1e-06 (0.82s/step, ~10h00m left)
[step 26070/70000] loss=0.5808 lr=8.1e-06 (0.82s/step, ~9h56m left)
[step 26080/70000] loss=0.5747 lr=8.1e-06 (0.82s/step, ~10h00m left)
[step 26090/70000] loss=0.5727 lr=8.1e-06 (0.82s/step, ~9h56m left)
[step 26100/70000] loss=0.5785 lr=8.1e-06 (0.81s/step, ~9h55m left)
[step 26110/70000] loss=0.5851 lr=8.1e-06 (0.84s/step, ~10h13m left)
[step 26120/70000] loss=0.6256 lr=8.1e-06 (0.83s/step, ~10h09m left)
[step 26130/70000] loss=0.5901 lr=8.1e-06 (0.81s/step, ~9h55m left)
[step 26140/70000] loss=0.5775 lr=8.1e-06 (0.81s/step, ~9h55m left)
[step 26150/70000] loss=0.5730 lr=8.1e-06 (0.82s/step, ~9h57m left)
[step 26160/70000] loss=0.5888 lr=8.1e-06 (0.82s/step, ~10h00m left)
[step 26170/70000] loss=0.5643 lr=8.1e-06 (0.82s/step, ~9h56m left)
[step 26180/70000] loss=0.5647 lr=8.1e-06 (0.81s/step, ~9h54m left)
[step 26190/70000] loss=0.5879 lr=8.1e-06 (0.82s/step, ~9h58m left)
[step 26200/70000] loss=0.5691 lr=8.1e-06 (0.82s/step, ~9h57m left)
[step 26210/70000] loss=0.5839 lr=8.1e-06 (0.82s/step, ~10h00m left)
[step 26220/70000] loss=0.5997 lr=8.1e-06 (0.81s/step, ~9h52m left)
[step 26230/70000] loss=0.5701 lr=8.1e-06 (0.81s/step, ~9h51m left)
[step 26240/70000] loss=0.5818 lr=8.1e-06 (0.82s/step, ~9h57m left)
[step 26250/70000] loss=0.5883 lr=8.1e-06 (0.83s/step, ~10h05m left)
[step 26260/70000] loss=0.5665 lr=8.1e-06 (0.82s/step, ~9h54m left)
[step 26270/70000] loss=0.5696 lr=8.1e-06 (0.81s/step, ~9h53m left)
[step 26280/70000] loss=0.5787 lr=8.1e-06 (0.82s/step, ~9h55m left)
[step 26290/70000] loss=0.5738 lr=8.1e-06 (0.82s/step, ~9h53m left)
[step 26300/70000] loss=0.5691 lr=8.1e-06 (0.81s/step, ~9h52m left)
[step 26310/70000] loss=0.5765 lr=8.1e-06 (0.81s/step, ~9h53m left)
[step 26320/70000] loss=0.5729 lr=8.1e-06 (0.82s/step, ~9h57m left)
[step 26330/70000] loss=0.5677 lr=8.1e-06 (0.82s/step, ~9h55m left)
[step 26340/70000] loss=0.5703 lr=8.1e-06 (0.81s/step, ~9h51m left)
[step 26350/70000] loss=0.5836 lr=8.1e-06 (0.83s/step, ~10h00m left)
[step 26360/70000] loss=0.5875 lr=8.1e-06 (0.82s/step, ~9h59m left)
[step 26370/70000] loss=0.5714 lr=8.1e-06 (0.83s/step, ~10h01m left)
[step 26380/70000] loss=0.5692 lr=8.1e-06 (0.83s/step, ~10h00m left)
[step 26390/70000] loss=0.5853 lr=8.1e-06 (0.82s/step, ~9h53m left)
[step 26400/70000] loss=0.5833 lr=8.1e-06 (0.82s/step, ~9h52m left)
[step 26410/70000] loss=0.5854 lr=8.1e-06 (0.82s/step, ~9h52m left)
[step 26420/70000] loss=0.6007 lr=8.1e-06 (0.83s/step, ~10h00m left)
[step 26430/70000] loss=0.5729 lr=8.1e-06 (0.81s/step, ~9h47m left)
[step 26440/70000] loss=0.5789 lr=8.1e-06 (0.85s/step, ~10h14m left)
[step 26450/70000] loss=0.5861 lr=8.1e-06 (0.82s/step, ~9h55m left)
[step 26460/70000] loss=0.5800 lr=8.1e-06 (0.81s/step, ~9h50m left)
[step 26470/70000] loss=0.5850 lr=8.1e-06 (0.81s/step, ~9h47m left)
[step 26480/70000] loss=0.5713 lr=8.1e-06 (0.81s/step, ~9h49m left)
[step 26490/70000] loss=0.5884 lr=8.1e-06 (0.81s/step, ~9h45m left)
[step 26500/70000] loss=0.5709 lr=8.1e-06 (0.82s/step, ~9h51m left)
[step 26510/70000] loss=0.5742 lr=8.1e-06 (0.81s/step, ~9h45m left)
[step 26520/70000] loss=0.5885 lr=8.1e-06 (0.81s/step, ~9h46m left)
[step 26530/70000] loss=0.5734 lr=8.1e-06 (0.81s/step, ~9h45m left)
[step 26540/70000] loss=0.5679 lr=8.1e-06 (0.81s/step, ~9h46m left)
[step 26550/70000] loss=0.5988 lr=8.1e-06 (0.81s/step, ~9h46m left)
[step 26560/70000] loss=0.5880 lr=8.1e-06 (0.81s/step, ~9h48m left)
[step 26570/70000] loss=0.5772 lr=8.1e-06 (0.81s/step, ~9h49m left)
[step 26580/70000] loss=0.5772 lr=8.1e-06 (0.82s/step, ~9h53m left)
[step 26590/70000] loss=0.5882 lr=8.1e-06 (0.82s/step, ~9h54m left)
[step 26600/70000] loss=0.5814 lr=8.1e-06 (0.82s/step, ~9h53m left)
[step 26610/70000] loss=0.5936 lr=8.1e-06 (0.81s/step, ~9h49m left)
[step 26620/70000] loss=0.5757 lr=8.1e-06 (0.82s/step, ~9h54m left)
[step 26630/70000] loss=0.5731 lr=8.1e-06 (0.82s/step, ~9h51m left)
[step 26640/70000] loss=0.5719 lr=8.1e-06 (0.82s/step, ~9h52m left)
[step 26650/70000] loss=0.5664 lr=8.1e-06 (0.81s/step, ~9h47m left)
[step 26660/70000] loss=0.5816 lr=8.1e-06 (0.82s/step, ~9h51m left)
[step 26670/70000] loss=0.5838 lr=8.1e-06 (0.83s/step, ~9h56m left)
[step 26680/70000] loss=0.5840 lr=8.1e-06 (0.82s/step, ~9h51m left)
[step 26690/70000] loss=0.5797 lr=8.1e-06 (0.82s/step, ~9h49m left)
[step 26700/70000] loss=0.5780 lr=8.1e-06 (0.82s/step, ~9h48m left)
[step 26710/70000] loss=0.5935 lr=8.1e-06 (0.81s/step, ~9h47m left)
[step 26720/70000] loss=0.5949 lr=8.1e-06 (0.82s/step, ~9h51m left)
[step 26730/70000] loss=0.6046 lr=8.1e-06 (0.82s/step, ~9h48m left)
[step 26740/70000] loss=0.6109 lr=8.1e-06 (0.82s/step, ~9h47m left)
[step 26750/70000] loss=0.5719 lr=8.1e-06 (0.83s/step, ~9h55m left)
[step 26760/70000] loss=0.5742 lr=8.1e-06 (0.82s/step, ~9h50m left)
[step 26770/70000] loss=0.5944 lr=8.1e-06 (0.82s/step, ~9h50m left)
[step 26780/70000] loss=0.5820 lr=8.1e-06 (0.82s/step, ~9h47m left)
[step 26790/70000] loss=0.5833 lr=8.1e-06 (0.82s/step, ~9h47m left)
[step 26800/70000] loss=0.5794 lr=8.1e-06 (0.82s/step, ~9h49m left)
[step 26810/70000] loss=0.5663 lr=8.1e-06 (0.81s/step, ~9h44m left)
[step 26820/70000] loss=0.5861 lr=8.1e-06 (0.81s/step, ~9h43m left)
[step 26830/70000] loss=0.5917 lr=8.1e-06 (0.83s/step, ~9h57m left)
[step 26840/70000] loss=0.5734 lr=8.1e-06 (0.82s/step, ~9h46m left)
[step 26850/70000] loss=0.6003 lr=8.1e-06 (0.81s/step, ~9h42m left)
[step 26860/70000] loss=0.5740 lr=8.1e-06 (0.82s/step, ~9h46m left)
[step 26870/70000] loss=0.5924 lr=8.1e-06 (0.81s/step, ~9h44m left)
[step 26880/70000] loss=0.5808 lr=8.1e-06 (0.82s/step, ~9h45m left)
[step 26890/70000] loss=0.5818 lr=8.1e-06 (0.81s/step, ~9h39m left)
[step 26900/70000] loss=0.5899 lr=8.1e-06 (0.81s/step, ~9h40m left)
[step 26910/70000] loss=0.5702 lr=8.1e-06 (0.81s/step, ~9h42m left)
[step 26920/70000] loss=0.5827 lr=8.1e-06 (0.81s/step, ~9h42m left)
[step 26930/70000] loss=0.5743 lr=8.1e-06 (0.82s/step, ~9h45m left)
[step 26940/70000] loss=0.5665 lr=8.1e-06 (0.81s/step, ~9h44m left)
[step 26950/70000] loss=0.5647 lr=8.1e-06 (0.82s/step, ~9h46m left)
[step 26960/70000] loss=0.5729 lr=8.1e-06 (0.82s/step, ~9h45m left)
[step 26970/70000] loss=0.5769 lr=8.1e-06 (0.82s/step, ~9h46m left)
[step 26980/70000] loss=0.6060 lr=8.1e-06 (0.82s/step, ~9h45m left)
[step 26990/70000] loss=0.5836 lr=8.1e-06 (0.82s/step, ~9h46m left)
[step 27000/70000] loss=0.5914 lr=8.1e-06 (0.82s/step, ~9h46m left)
[step 27010/70000] loss=0.5795 lr=8.1e-06 (0.81s/step, ~9h42m left)
[step 27020/70000] loss=0.5935 lr=8.1e-06 (0.82s/step, ~9h43m left)
[step 27030/70000] loss=0.5898 lr=8.1e-06 (0.82s/step, ~9h46m left)
[step 27040/70000] loss=0.5755 lr=8.1e-06 (0.81s/step, ~9h41m left)
[step 27050/70000] loss=0.5892 lr=8.1e-06 (0.81s/step, ~9h41m left)
[step 27060/70000] loss=0.5793 lr=8.1e-06 (0.81s/step, ~9h41m left)
[step 27070/70000] loss=0.5680 lr=8.1e-06 (0.82s/step, ~9h46m left)
[step 27080/70000] loss=0.5815 lr=8.1e-06 (0.82s/step, ~9h44m left)
[step 27090/70000] loss=0.6099 lr=8.1e-06 (0.82s/step, ~9h43m left)
[step 27100/70000] loss=0.5672 lr=8.1e-06 (0.81s/step, ~9h41m left)
[step 27110/70000] loss=0.5992 lr=8.1e-06 (0.82s/step, ~9h47m left)
[step 27120/70000] loss=0.5883 lr=8.1e-06 (0.82s/step, ~9h43m left)
[step 27130/70000] loss=0.5893 lr=8.1e-06 (0.82s/step, ~9h42m left)
[step 27140/70000] loss=0.5736 lr=8.1e-06 (0.82s/step, ~9h45m left)
[step 27150/70000] loss=0.5953 lr=8.1e-06 (0.82s/step, ~9h45m left)
[step 27160/70000] loss=0.5900 lr=8.1e-06 (0.81s/step, ~9h40m left)
[step 27170/70000] loss=0.5801 lr=8.1e-06 (0.82s/step, ~9h42m left)
[step 27180/70000] loss=0.5811 lr=8.1e-06 (0.82s/step, ~9h42m left)
[step 27190/70000] loss=0.5862 lr=8.1e-06 (0.82s/step, ~9h45m left)
[step 27200/70000] loss=0.5691 lr=8.1e-06 (0.81s/step, ~9h41m left)
[step 27210/70000] loss=0.5764 lr=8.1e-06 (0.82s/step, ~9h41m left)
[step 27220/70000] loss=0.5730 lr=8.1e-06 (0.82s/step, ~9h41m left)
[step 27230/70000] loss=0.5654 lr=8.1e-06 (0.82s/step, ~9h44m left)
[step 27240/70000] loss=0.5985 lr=8.1e-06 (0.81s/step, ~9h40m left)
[step 27250/70000] loss=0.5983 lr=8.1e-06 (0.81s/step, ~9h38m left)
[step 27260/70000] loss=0.5833 lr=8.1e-06 (0.81s/step, ~9h39m left)
[step 27270/70000] loss=0.5911 lr=8.1e-06 (0.82s/step, ~9h44m left)
[step 27280/70000] loss=0.5692 lr=8.1e-06 (0.81s/step, ~9h38m left)
[step 27290/70000] loss=0.5860 lr=8.1e-06 (0.81s/step, ~9h36m left)
[step 27300/70000] loss=0.5793 lr=8.1e-06 (0.81s/step, ~9h35m left)
[step 27310/70000] loss=0.5966 lr=8.1e-06 (0.82s/step, ~9h40m left)
[step 27320/70000] loss=0.5978 lr=8.1e-06 (0.81s/step, ~9h39m left)
[step 27330/70000] loss=0.5789 lr=8.1e-06 (0.81s/step, ~9h39m left)
[step 27340/70000] loss=0.5805 lr=8.1e-06 (0.81s/step, ~9h39m left)
[step 27350/70000] loss=0.5928 lr=8.1e-06 (0.82s/step, ~9h41m left)
[step 27360/70000] loss=0.5779 lr=8.1e-06 (0.81s/step, ~9h36m left)
[step 27370/70000] loss=0.5912 lr=8.1e-06 (0.81s/step, ~9h38m left)
[step 27380/70000] loss=0.5952 lr=8.1e-06 (0.81s/step, ~9h37m left)
[step 27390/70000] loss=0.5765 lr=8.1e-06 (0.82s/step, ~9h44m left)
[step 27400/70000] loss=0.5894 lr=8.1e-06 (0.82s/step, ~9h39m left)
[step 27410/70000] loss=0.5748 lr=8.1e-06 (0.82s/step, ~9h38m left)
[step 27420/70000] loss=0.5881 lr=8.1e-06 (0.81s/step, ~9h37m left)
[step 27430/70000] loss=0.5850 lr=8.1e-06 (0.82s/step, ~9h39m left)
[step 27440/70000] loss=0.5842 lr=8.1e-06 (0.81s/step, ~9h36m left)
[step 27450/70000] loss=0.5943 lr=8.1e-06 (0.81s/step, ~9h36m left)
[step 27460/70000] loss=0.5722 lr=8.1e-06 (0.81s/step, ~9h37m left)
[step 27470/70000] loss=0.5670 lr=8.1e-06 (0.82s/step, ~9h39m left)
[step 27480/70000] loss=0.5792 lr=8.1e-06 (0.81s/step, ~9h37m left)
[step 27490/70000] loss=0.6000 lr=8.1e-06 (0.81s/step, ~9h35m left)
[step 27500/70000] loss=0.5679 lr=8.1e-06 (0.81s/step, ~9h36m left)
[eval @ step 27500] val_loss=0.5556 train_loss=0.5773
[saved] runs/finetune_001/step_0027500.pth
[step 27510/70000] loss=0.5722 lr=8.1e-06 (0.81s/step, ~9h37m left)
[step 27520/70000] loss=0.5870 lr=8.1e-06 (0.81s/step, ~9h36m left)
[step 27530/70000] loss=0.5758 lr=8.1e-06 (0.82s/step, ~9h37m left)
[step 27540/70000] loss=0.5827 lr=8.1e-06 (0.82s/step, ~9h39m left)
[step 27550/70000] loss=0.5728 lr=8.1e-06 (0.81s/step, ~9h33m left)
[step 27560/70000] loss=0.5725 lr=8.1e-06 (0.81s/step, ~9h33m left)
[step 27570/70000] loss=0.5665 lr=8.1e-06 (0.81s/step, ~9h33m left)
[step 27580/70000] loss=0.5906 lr=8.1e-06 (0.82s/step, ~9h37m left)
[step 27590/70000] loss=0.5742 lr=8.1e-06 (0.81s/step, ~9h32m left)
[step 27600/70000] loss=0.5766 lr=8.1e-06 (0.81s/step, ~9h33m left)
[step 27610/70000] loss=0.5792 lr=8.1e-06 (0.81s/step, ~9h34m left)
[step 27620/70000] loss=0.5726 lr=8.1e-06 (0.82s/step, ~9h40m left)
[step 27630/70000] loss=0.5852 lr=8.1e-06 (0.82s/step, ~9h36m left)
[step 27640/70000] loss=0.5701 lr=8.1e-06 (0.82s/step, ~9h36m left)
[step 27650/70000] loss=0.5769 lr=8.1e-06 (0.82s/step, ~9h37m left)
[step 27660/70000] loss=0.5702 lr=8.1e-06 (0.82s/step, ~9h38m left)
[step 27670/70000] loss=0.5748 lr=8.1e-06 (0.81s/step, ~9h32m left)
[step 27680/70000] loss=0.5868 lr=8.1e-06 (0.82s/step, ~9h35m left)
[step 27690/70000] loss=0.5748 lr=8.1e-06 (0.82s/step, ~9h37m left)
[step 27700/70000] loss=0.5651 lr=8.1e-06 (0.82s/step, ~9h36m left)
[step 27710/70000] loss=0.5708 lr=8.1e-06 (0.81s/step, ~9h33m left)
[step 27720/70000] loss=0.5962 lr=8.1e-06 (0.82s/step, ~9h34m left)
[step 27730/70000] loss=0.5802 lr=8.1e-06 (0.82s/step, ~9h35m left)
[step 27740/70000] loss=0.5746 lr=8.1e-06 (0.82s/step, ~9h39m left)
[step 27750/70000] loss=0.5903 lr=8.1e-06 (0.81s/step, ~9h30m left)
[step 27760/70000] loss=0.5802 lr=8.1e-06 (0.81s/step, ~9h31m left)
[step 27770/70000] loss=0.5638 lr=8.1e-06 (0.81s/step, ~9h33m left)
[step 27780/70000] loss=0.5775 lr=8.1e-06 (0.81s/step, ~9h32m left)
[step 27790/70000] loss=0.5768 lr=8.1e-06 (0.82s/step, ~9h35m left)
[step 27800/70000] loss=0.5908 lr=8.1e-06 (0.81s/step, ~9h31m left)
[step 27810/70000] loss=0.6200 lr=8.1e-06 (0.81s/step, ~9h30m left)
[step 27820/70000] loss=0.5962 lr=8.1e-06 (0.81s/step, ~9h30m left)
[step 27830/70000] loss=0.5933 lr=8.1e-06 (0.81s/step, ~9h31m left)
[step 27840/70000] loss=0.5708 lr=8.1e-06 (0.81s/step, ~9h28m left)
[step 27850/70000] loss=0.5662 lr=8.1e-06 (0.81s/step, ~9h29m left)
[step 27860/70000] loss=0.5744 lr=8.1e-06 (0.81s/step, ~9h32m left)
[step 27870/70000] loss=0.5833 lr=8.1e-06 (0.82s/step, ~9h36m left)
[step 27880/70000] loss=0.5712 lr=8.1e-06 (0.82s/step, ~9h32m left)
[step 27890/70000] loss=0.5716 lr=8.1e-06 (0.82s/step, ~9h33m left)
[step 27900/70000] loss=0.5778 lr=8.1e-06 (0.81s/step, ~9h31m left)
[step 27910/70000] loss=0.5840 lr=8.1e-06 (0.82s/step, ~9h31m left)
[step 27920/70000] loss=0.5702 lr=8.1e-06 (0.81s/step, ~9h30m left)
[step 27930/70000] loss=0.5784 lr=8.1e-06 (0.81s/step, ~9h28m left)
[step 27940/70000] loss=0.5644 lr=8.1e-06 (0.82s/step, ~9h32m left)
[step 27950/70000] loss=0.5835 lr=8.1e-06 (0.82s/step, ~9h31m left)
[step 27960/70000] loss=0.6028 lr=8.1e-06 (0.81s/step, ~9h28m left)
[step 27970/70000] loss=0.5859 lr=8.1e-06 (0.81s/step, ~9h29m left)
[step 27980/70000] loss=0.5752 lr=8.1e-06 (0.82s/step, ~9h30m left)
[step 27990/70000] loss=0.5773 lr=8.1e-06 (0.82s/step, ~9h31m left)
[step 28000/70000] loss=0.6062 lr=8.1e-06 (0.81s/step, ~9h29m left)
[step 28010/70000] loss=0.5979 lr=8.1e-06 (0.82s/step, ~9h31m left)
[step 28020/70000] loss=0.5794 lr=8.1e-06 (0.81s/step, ~9h29m left)
[step 28030/70000] loss=0.5786 lr=8.1e-06 (0.82s/step, ~9h31m left)
[step 28040/70000] loss=0.5689 lr=8.1e-06 (0.82s/step, ~9h32m left)
[step 28050/70000] loss=0.5803 lr=8.1e-06 (0.82s/step, ~9h32m left)
[step 28060/70000] loss=0.5619 lr=8.1e-06 (0.82s/step, ~9h32m left)
[step 28070/70000] loss=0.5751 lr=8.1e-06 (0.82s/step, ~9h30m left)
[step 28080/70000] loss=0.5788 lr=8.1e-06 (0.81s/step, ~9h29m left)
[step 28090/70000] loss=0.5881 lr=8.1e-06 (0.81s/step, ~9h27m left)
[step 28100/70000] loss=0.5745 lr=8.1e-06 (0.82s/step, ~9h30m left)
[step 28110/70000] loss=0.5800 lr=8.1e-06 (0.82s/step, ~9h30m left)
[step 28120/70000] loss=0.5964 lr=8.1e-06 (0.81s/step, ~9h28m left)
[step 28130/70000] loss=0.5670 lr=8.1e-06 (0.82s/step, ~9h28m left)
[step 28140/70000] loss=0.5856 lr=8.1e-06 (0.82s/step, ~9h32m left)
[step 28150/70000] loss=0.5800 lr=8.1e-06 (0.81s/step, ~9h28m left)
[step 28160/70000] loss=0.5788 lr=8.1e-06 (0.82s/step, ~9h28m left)
[step 28170/70000] loss=0.5842 lr=8.1e-06 (0.81s/step, ~9h26m left)
[step 28180/70000] loss=0.5734 lr=8.1e-06 (0.82s/step, ~9h30m left)
[step 28190/70000] loss=0.5676 lr=8.1e-06 (0.82s/step, ~9h28m left)
[step 28200/70000] loss=0.5976 lr=8.1e-06 (0.82s/step, ~9h28m left)
[step 28210/70000] loss=0.6007 lr=8.1e-06 (0.82s/step, ~9h28m left)
[step 28220/70000] loss=0.5782 lr=8.1e-06 (0.82s/step, ~9h31m left)
[step 28230/70000] loss=0.5778 lr=8.1e-06 (0.82s/step, ~9h30m left)
[step 28240/70000] loss=0.5742 lr=8.1e-06 (0.81s/step, ~9h26m left)
[step 28250/70000] loss=0.5986 lr=8.1e-06 (0.82s/step, ~9h27m left)
[step 28260/70000] loss=0.5744 lr=8.1e-06 (0.82s/step, ~9h30m left)
[step 28270/70000] loss=0.5939 lr=8.1e-06 (0.82s/step, ~9h29m left)
[step 28280/70000] loss=0.5786 lr=8.1e-06 (0.81s/step, ~9h26m left)
[step 28290/70000] loss=0.6006 lr=8.1e-06 (0.81s/step, ~9h26m left)
[step 28300/70000] loss=0.5710 lr=8.1e-06 (0.82s/step, ~9h28m left)
[step 28310/70000] loss=0.5763 lr=8.1e-06 (0.82s/step, ~9h29m left)
[step 28320/70000] loss=0.5804 lr=8.1e-06 (0.82s/step, ~9h26m left)
[step 28330/70000] loss=0.5719 lr=8.1e-06 (0.81s/step, ~9h24m left)
[step 28340/70000] loss=0.5759 lr=8.1e-06 (0.82s/step, ~9h26m left)
[step 28350/70000] loss=0.5738 lr=8.1e-06 (0.82s/step, ~9h28m left)
[step 28360/70000] loss=0.5712 lr=8.1e-06 (0.82s/step, ~9h26m left)
[step 28370/70000] loss=0.5684 lr=8.1e-06 (0.81s/step, ~9h23m left)
[step 28380/70000] loss=0.5812 lr=8.1e-06 (0.81s/step, ~9h22m left)
[step 28390/70000] loss=0.5742 lr=8.1e-06 (0.82s/step, ~9h26m left)
[step 28400/70000] loss=0.5953 lr=8.1e-06 (0.81s/step, ~9h21m left)
[step 28410/70000] loss=0.5668 lr=8.1e-06 (0.82s/step, ~9h25m left)
[step 28420/70000] loss=0.5751 lr=8.1e-06 (0.82s/step, ~9h26m left)
[step 28430/70000] loss=0.5934 lr=8.1e-06 (0.82s/step, ~9h28m left)
[step 28440/70000] loss=0.5795 lr=8.1e-06 (0.82s/step, ~9h24m left)
[step 28450/70000] loss=0.5752 lr=8.1e-06 (0.82s/step, ~9h25m left)
[step 28460/70000] loss=0.5801 lr=8.1e-06 (0.81s/step, ~9h23m left)
[step 28470/70000] loss=0.5869 lr=8.1e-06 (0.82s/step, ~9h27m left)
[step 28480/70000] loss=0.5974 lr=8.1e-06 (0.81s/step, ~9h23m left)
[step 28490/70000] loss=0.5846 lr=8.1e-06 (0.82s/step, ~9h24m left)
[step 28500/70000] loss=0.5842 lr=8.1e-06 (0.81s/step, ~9h22m left)
[step 28510/70000] loss=0.5686 lr=8.1e-06 (0.82s/step, ~9h25m left)
[step 28520/70000] loss=0.5689 lr=8.1e-06 (0.81s/step, ~9h21m left)
[step 28530/70000] loss=0.5840 lr=8.1e-06 (0.82s/step, ~9h24m left)
[step 28540/70000] loss=0.5817 lr=8.1e-06 (0.82s/step, ~9h24m left)
[step 28550/70000] loss=0.5922 lr=8.1e-06 (0.82s/step, ~9h25m left)
[step 28560/70000] loss=0.5784 lr=8.1e-06 (0.81s/step, ~9h22m left)
[step 28570/70000] loss=0.6006 lr=8.1e-06 (0.82s/step, ~9h24m left)
[step 28580/70000] loss=0.5724 lr=8.1e-06 (0.81s/step, ~9h20m left)
[step 28590/70000] loss=0.5718 lr=8.1e-06 (0.82s/step, ~9h25m left)
[step 28600/70000] loss=0.5717 lr=8.1e-06 (0.81s/step, ~9h21m left)
[step 28610/70000] loss=0.5816 lr=8.1e-06 (0.82s/step, ~9h25m left)
[step 28620/70000] loss=0.5718 lr=8.1e-06 (0.82s/step, ~9h26m left)
[step 28630/70000] loss=0.5750 lr=8.1e-06 (0.82s/step, ~9h24m left)
[step 28640/70000] loss=0.5715 lr=8.1e-06 (0.82s/step, ~9h27m left)
[step 28650/70000] loss=0.5694 lr=8.1e-06 (0.81s/step, ~9h21m left)
[step 28660/70000] loss=0.5693 lr=8.1e-06 (0.82s/step, ~9h23m left)
[step 28670/70000] loss=0.5675 lr=8.1e-06 (0.82s/step, ~9h22m left)
[step 28680/70000] loss=0.5916 lr=8.1e-06 (0.82s/step, ~9h23m left)
[step 28690/70000] loss=0.5681 lr=8.1e-06 (0.82s/step, ~9h23m left)
[step 28700/70000] loss=0.5715 lr=8.1e-06 (0.82s/step, ~9h26m left)
[step 28710/70000] loss=0.5978 lr=8.1e-06 (0.82s/step, ~9h23m left)
[step 28720/70000] loss=0.5668 lr=8.1e-06 (0.82s/step, ~9h24m left)
[step 28730/70000] loss=0.5819 lr=8.1e-06 (0.82s/step, ~9h23m left)
[step 28740/70000] loss=0.5809 lr=8.1e-06 (0.82s/step, ~9h24m left)
[step 28750/70000] loss=0.5740 lr=8.1e-06 (0.82s/step, ~9h20m left)
[step 28760/70000] loss=0.5799 lr=8.1e-06 (0.82s/step, ~9h24m left)
[step 28770/70000] loss=0.5710 lr=8.1e-06 (0.82s/step, ~9h24m left)
[step 28780/70000] loss=0.5821 lr=8.1e-06 (0.82s/step, ~9h24m left)
[step 28790/70000] loss=0.5846 lr=8.1e-06 (0.82s/step, ~9h21m left)
[step 28800/70000] loss=0.6043 lr=8.1e-06 (0.82s/step, ~9h21m left)
[step 28810/70000] loss=0.5776 lr=8.1e-06 (0.82s/step, ~9h22m left)
[step 28820/70000] loss=0.5799 lr=8.1e-06 (0.82s/step, ~9h25m left)
[step 28830/70000] loss=0.5920 lr=8.1e-06 (0.82s/step, ~9h22m left)
[step 28840/70000] loss=0.5733 lr=8.1e-06 (0.82s/step, ~9h24m left)
[step 28850/70000] loss=0.5852 lr=8.1e-06 (0.82s/step, ~9h21m left)
[step 28860/70000] loss=0.5873 lr=8.1e-06 (0.83s/step, ~9h26m left)
[step 28870/70000] loss=0.5747 lr=8.1e-06 (0.82s/step, ~9h22m left)
[step 28880/70000] loss=0.5701 lr=8.1e-06 (0.82s/step, ~9h20m left)
[step 28890/70000] loss=0.5847 lr=8.1e-06 (0.82s/step, ~9h18m left)
[step 28900/70000] loss=0.5869 lr=8.1e-06 (0.82s/step, ~9h21m left)
[step 28910/70000] loss=0.5705 lr=8.1e-06 (0.82s/step, ~9h18m left)
[step 28920/70000] loss=0.5843 lr=8.1e-06 (0.82s/step, ~9h20m left)
[step 28930/70000] loss=0.5765 lr=8.1e-06 (0.82s/step, ~9h18m left)
[step 28940/70000] loss=0.5637 lr=8.1e-06 (0.82s/step, ~9h21m left)
[step 28950/70000] loss=0.5836 lr=8.1e-06 (0.82s/step, ~9h18m left)
[step 28960/70000] loss=0.5908 lr=8.1e-06 (0.82s/step, ~9h18m left)
[step 28970/70000] loss=0.5804 lr=8.1e-06 (0.82s/step, ~9h17m left)
[step 28980/70000] loss=0.5731 lr=8.1e-06 (0.82s/step, ~9h21m left)
[step 28990/70000] loss=0.5792 lr=8.1e-06 (0.82s/step, ~9h17m left)
[step 29000/70000] loss=0.5746 lr=8.1e-06 (0.82s/step, ~9h17m left)
[step 29010/70000] loss=0.5927 lr=8.1e-06 (0.82s/step, ~9h19m left)
[step 29020/70000] loss=0.5691 lr=8.1e-06 (0.82s/step, ~9h22m left)
[step 29030/70000] loss=0.5596 lr=8.1e-06 (0.81s/step, ~9h13m left)
[step 29040/70000] loss=0.5669 lr=8.1e-06 (0.81s/step, ~9h14m left)
[step 29050/70000] loss=0.6022 lr=8.1e-06 (0.81s/step, ~9h14m left)
[step 29060/70000] loss=0.5651 lr=8.1e-06 (0.82s/step, ~9h19m left)
[step 29070/70000] loss=0.5950 lr=8.1e-06 (0.82s/step, ~9h19m left)
[step 29080/70000] loss=0.6047 lr=8.1e-06 (0.82s/step, ~9h16m left)
[step 29090/70000] loss=0.5707 lr=8.1e-06 (0.82s/step, ~9h19m left)
[step 29100/70000] loss=0.5829 lr=8.1e-06 (0.82s/step, ~9h20m left)
[step 29110/70000] loss=0.5781 lr=8.1e-06 (0.82s/step, ~9h19m left)
[step 29120/70000] loss=0.5710 lr=8.1e-06 (0.82s/step, ~9h21m left)
[step 29130/70000] loss=0.5823 lr=8.1e-06 (0.82s/step, ~9h18m left)
[step 29140/70000] loss=0.5746 lr=8.1e-06 (0.82s/step, ~9h20m left)
[step 29150/70000] loss=0.5868 lr=8.1e-06 (0.82s/step, ~9h17m left)
[step 29160/70000] loss=0.5910 lr=8.1e-06 (0.82s/step, ~9h15m left)
[step 29170/70000] loss=0.5754 lr=8.1e-06 (0.82s/step, ~9h16m left)
[step 29180/70000] loss=0.5929 lr=8.1e-06 (0.82s/step, ~9h17m left)
[step 29190/70000] loss=0.5859 lr=8.1e-06 (0.82s/step, ~9h15m left)
[step 29200/70000] loss=0.6013 lr=8.1e-06 (0.82s/step, ~9h15m left)
[step 29210/70000] loss=0.5889 lr=8.1e-06 (0.82s/step, ~9h16m left)
[step 29220/70000] loss=0.5810 lr=8.1e-06 (0.82s/step, ~9h17m left)
[step 29230/70000] loss=0.5767 lr=8.1e-06 (0.82s/step, ~9h17m left)
[step 29240/70000] loss=0.5848 lr=8.1e-06 (0.82s/step, ~9h16m left)
[step 29250/70000] loss=0.5736 lr=8.1e-06 (0.82s/step, ~9h18m left)
[step 29260/70000] loss=0.5723 lr=8.1e-06 (0.82s/step, ~9h16m left)
[step 29270/70000] loss=0.5779 lr=8.1e-06 (0.82s/step, ~9h15m left)
[step 29280/70000] loss=0.5952 lr=8.1e-06 (0.82s/step, ~9h15m left)
[step 29290/70000] loss=0.5706 lr=8.1e-06 (0.82s/step, ~9h17m left)
[step 29300/70000] loss=0.5693 lr=8.1e-06 (0.82s/step, ~9h19m left)
[step 29310/70000] loss=0.5771 lr=8.1e-06 (0.82s/step, ~9h16m left)
[step 29320/70000] loss=0.5888 lr=8.1e-06 (0.82s/step, ~9h13m left)
[step 29330/70000] loss=0.5825 lr=8.1e-06 (0.82s/step, ~9h12m left)
[step 29340/70000] loss=0.5727 lr=8.1e-06 (0.82s/step, ~9h16m left)
[step 29350/70000] loss=0.5854 lr=8.1e-06 (0.82s/step, ~9h13m left)
[step 29360/70000] loss=0.5732 lr=8.1e-06 (0.82s/step, ~9h12m left)
[step 29370/70000] loss=0.5798 lr=8.1e-06 (0.82s/step, ~9h12m left)
[step 29380/70000] loss=0.5795 lr=8.1e-06 (0.82s/step, ~9h16m left)
[step 29390/70000] loss=0.5971 lr=8.1e-06 (0.81s/step, ~9h11m left)
[step 29400/70000] loss=0.5771 lr=8.1e-06 (0.82s/step, ~9h11m left)
[step 29410/70000] loss=0.5787 lr=8.1e-06 (0.82s/step, ~9h12m left)
[step 29420/70000] loss=0.5954 lr=8.1e-06 (0.82s/step, ~9h16m left)
[step 29430/70000] loss=0.5784 lr=8.1e-06 (0.82s/step, ~9h12m left)
[step 29440/70000] loss=0.5849 lr=8.1e-06 (0.82s/step, ~9h15m left)
[step 29450/70000] loss=0.5942 lr=8.1e-06 (0.82s/step, ~9h14m left)
[step 29460/70000] loss=0.5764 lr=8.1e-06 (0.82s/step, ~9h15m left)
[step 29470/70000] loss=0.5757 lr=8.1e-06 (0.82s/step, ~9h12m left)
[step 29480/70000] loss=0.5837 lr=8.1e-06 (0.82s/step, ~9h13m left)
[step 29490/70000] loss=0.5881 lr=8.1e-06 (0.82s/step, ~9h10m left)
[step 29500/70000] loss=0.5854 lr=8.1e-06 (0.82s/step, ~9h13m left)
[step 29510/70000] loss=0.5877 lr=8.1e-06 (0.82s/step, ~9h10m left)
[step 29520/70000] loss=0.5963 lr=8.1e-06 (0.82s/step, ~9h09m left)
[step 29530/70000] loss=0.5755 lr=8.1e-06 (0.82s/step, ~9h09m left)
[step 29540/70000] loss=0.5793 lr=8.1e-06 (0.82s/step, ~9h13m left)
[step 29550/70000] loss=0.5807 lr=8.1e-06 (0.82s/step, ~9h10m left)
[step 29560/70000] loss=0.5809 lr=8.1e-06 (0.81s/step, ~9h08m left)
[step 29570/70000] loss=0.5709 lr=8.1e-06 (0.81s/step, ~9h07m left)
[step 29580/70000] loss=0.5736 lr=8.1e-06 (0.82s/step, ~9h11m left)
[step 29590/70000] loss=0.5594 lr=8.1e-06 (0.81s/step, ~9h07m left)
[step 29600/70000] loss=0.5845 lr=8.1e-06 (0.82s/step, ~9h09m left)
[step 29610/70000] loss=0.5858 lr=8.1e-06 (0.81s/step, ~9h07m left)
[step 29620/70000] loss=0.5812 lr=8.1e-06 (0.82s/step, ~9h12m left)
[step 29630/70000] loss=0.5996 lr=8.1e-06 (0.82s/step, ~9h09m left)
[step 29640/70000] loss=0.5962 lr=8.1e-06 (0.81s/step, ~9h06m left)
[step 29650/70000] loss=0.5714 lr=8.1e-06 (0.82s/step, ~9h10m left)
[step 29660/70000] loss=0.5816 lr=8.1e-06 (0.82s/step, ~9h11m left)
[step 29670/70000] loss=0.5882 lr=8.1e-06 (0.82s/step, ~9h09m left)
[step 29680/70000] loss=0.5808 lr=8.1e-06 (0.82s/step, ~9h11m left)
[step 29690/70000] loss=0.5899 lr=8.1e-06 (0.82s/step, ~9h10m left)
[step 29700/70000] loss=0.5881 lr=8.1e-06 (0.82s/step, ~9h11m left)
[step 29710/70000] loss=0.5793 lr=8.1e-06 (0.81s/step, ~9h06m left)
[step 29720/70000] loss=0.5882 lr=8.1e-06 (0.81s/step, ~9h06m left)
[step 29730/70000] loss=0.5962 lr=8.1e-06 (0.82s/step, ~9h07m left)
[step 29740/70000] loss=0.6002 lr=8.1e-06 (0.82s/step, ~9h10m left)
[step 29750/70000] loss=0.5826 lr=8.1e-06 (0.81s/step, ~9h06m left)
[step 29760/70000] loss=0.5812 lr=8.1e-06 (0.81s/step, ~9h05m left)
[step 29770/70000] loss=0.5688 lr=8.1e-06 (0.81s/step, ~9h05m left)
[step 29780/70000] loss=0.5864 lr=8.1e-06 (0.82s/step, ~9h09m left)
[step 29790/70000] loss=0.5809 lr=8.1e-06 (0.82s/step, ~9h07m left)
[step 29800/70000] loss=0.5875 lr=8.1e-06 (0.81s/step, ~9h03m left)
[step 29810/70000] loss=0.5758 lr=8.1e-06 (0.81s/step, ~9h05m left)
[step 29820/70000] loss=0.5706 lr=8.1e-06 (0.82s/step, ~9h08m left)
[step 29830/70000] loss=0.5868 lr=8.1e-06 (0.81s/step, ~9h03m left)
[step 29840/70000] loss=0.5808 lr=8.1e-06 (0.81s/step, ~9h03m left)
[step 29850/70000] loss=0.5808 lr=8.1e-06 (0.81s/step, ~9h05m left)
[step 29860/70000] loss=0.5934 lr=8.1e-06 (0.82s/step, ~9h06m left)
[step 29870/70000] loss=0.5900 lr=8.1e-06 (0.81s/step, ~9h03m left)
[step 29880/70000] loss=0.5961 lr=8.1e-06 (0.81s/step, ~9h03m left)
[step 29890/70000] loss=0.5658 lr=8.1e-06 (0.81s/step, ~9h03m left)
[step 29900/70000] loss=0.5756 lr=8.1e-06 (0.82s/step, ~9h07m left)
[step 29910/70000] loss=0.5702 lr=8.1e-06 (0.82s/step, ~9h05m left)
[step 29920/70000] loss=0.5753 lr=8.1e-06 (0.82s/step, ~9h05m left)
[step 29930/70000] loss=0.5868 lr=8.1e-06 (0.82s/step, ~9h04m left)
[step 29940/70000] loss=0.6050 lr=8.1e-06 (0.82s/step, ~9h04m left)
[step 29950/70000] loss=0.5751 lr=8.1e-06 (0.81s/step, ~9h03m left)
[step 29960/70000] loss=0.5761 lr=8.1e-06 (0.81s/step, ~9h03m left)
[step 29970/70000] loss=0.5767 lr=8.1e-06 (0.82s/step, ~9h04m left)
[step 29980/70000] loss=0.5664 lr=8.1e-06 (0.82s/step, ~9h04m left)
[step 29990/70000] loss=0.5967 lr=8.1e-06 (0.81s/step, ~9h02m left)
[lr decay @ step 30000] lr=7.29e-06
[step 30000/70000] loss=0.5856 lr=7.3e-06 (0.82s/step, ~9h04m left)
[eval @ step 30000] val_loss=0.5562 train_loss=0.5803
[saved] runs/finetune_001/step_0030000.pth
[step 30010/70000] loss=0.5786 lr=7.3e-06 (0.81s/step, ~9h02m left)
[step 30020/70000] loss=0.5906 lr=7.3e-06 (0.82s/step, ~9h03m left)
[step 30030/70000] loss=0.5720 lr=7.3e-06 (0.81s/step, ~9h02m left)
[step 30040/70000] loss=0.5813 lr=7.3e-06 (0.82s/step, ~9h08m left)
[step 30050/70000] loss=0.5759 lr=7.3e-06 (0.82s/step, ~9h03m left)
[step 30060/70000] loss=0.5783 lr=7.3e-06 (0.81s/step, ~9h01m left)
[step 30070/70000] loss=0.5887 lr=7.3e-06 (0.82s/step, ~9h02m left)
[step 30080/70000] loss=0.5640 lr=7.3e-06 (0.82s/step, ~9h05m left)
[step 30090/70000] loss=0.5598 lr=7.3e-06 (0.82s/step, ~9h02m left)
[step 30100/70000] loss=0.5757 lr=7.3e-06 (0.81s/step, ~9h01m left)
[step 30110/70000] loss=0.5982 lr=7.3e-06 (0.81s/step, ~9h00m left)
[step 30120/70000] loss=0.5625 lr=7.3e-06 (0.82s/step, ~9h04m left)
[step 30130/70000] loss=0.5792 lr=7.3e-06 (0.82s/step, ~9h02m left)
[step 30140/70000] loss=0.5951 lr=7.3e-06 (0.81s/step, ~9h00m left)
[step 30150/70000] loss=0.5991 lr=7.3e-06 (0.81s/step, ~8h59m left)
[step 30160/70000] loss=0.5800 lr=7.3e-06 (0.82s/step, ~9h01m left)
[step 30170/70000] loss=0.5815 lr=7.3e-06 (0.81s/step, ~8h59m left)
[step 30180/70000] loss=0.5740 lr=7.3e-06 (0.82s/step, ~9h01m left)
[step 30190/70000] loss=0.5837 lr=7.3e-06 (0.82s/step, ~9h01m left)
[step 30200/70000] loss=0.5791 lr=7.3e-06 (0.82s/step, ~9h02m left)
[step 30210/70000] loss=0.5859 lr=7.3e-06 (0.81s/step, ~9h00m left)
[step 30220/70000] loss=0.5950 lr=7.3e-06 (0.82s/step, ~9h01m left)
[step 30230/70000] loss=0.5842 lr=7.3e-06 (0.82s/step, ~9h00m left)
[step 30240/70000] loss=0.5845 lr=7.3e-06 (0.82s/step, ~9h03m left)
[step 30250/70000] loss=0.5774 lr=7.3e-06 (0.81s/step, ~8h59m left)
[step 30260/70000] loss=0.5817 lr=7.3e-06 (0.81s/step, ~8h59m left)
[step 30270/70000] loss=0.5773 lr=7.3e-06 (0.82s/step, ~9h00m left)
[step 30280/70000] loss=0.5726 lr=7.3e-06 (0.82s/step, ~9h02m left)
[step 30290/70000] loss=0.5805 lr=7.3e-06 (0.82s/step, ~9h01m left)
[step 30300/70000] loss=0.5731 lr=7.3e-06 (0.82s/step, ~9h00m left)
[step 30310/70000] loss=0.5648 lr=7.3e-06 (0.82s/step, ~8h59m left)
[step 30320/70000] loss=0.5839 lr=7.3e-06 (0.82s/step, ~9h02m left)
[step 30330/70000] loss=0.5880 lr=7.3e-06 (0.81s/step, ~8h58m left)
[step 30340/70000] loss=0.6010 lr=7.3e-06 (0.82s/step, ~9h00m left)
[step 30350/70000] loss=0.5991 lr=7.3e-06 (0.82s/step, ~9h00m left)
[step 30360/70000] loss=0.5878 lr=7.3e-06 (0.82s/step, ~9h03m left)
[step 30370/70000] loss=0.5914 lr=7.3e-06 (0.82s/step, ~9h00m left)
[step 30380/70000] loss=0.5833 lr=7.3e-06 (0.82s/step, ~8h59m left)
[step 30390/70000] loss=0.5788 lr=7.3e-06 (0.81s/step, ~8h56m left)
[step 30400/70000] loss=0.5886 lr=7.3e-06 (0.82s/step, ~9h01m left)
[step 30410/70000] loss=0.5670 lr=7.3e-06 (0.82s/step, ~8h57m left)
[step 30420/70000] loss=0.5636 lr=7.3e-06 (0.82s/step, ~8h59m left)
[step 30430/70000] loss=0.5884 lr=7.3e-06 (0.82s/step, ~9h01m left)
[step 30440/70000] loss=0.5686 lr=7.3e-06 (0.83s/step, ~9h04m left)
[step 30450/70000] loss=0.5834 lr=7.3e-06 (0.82s/step, ~8h59m left)
[step 30460/70000] loss=0.5739 lr=7.3e-06 (0.82s/step, ~8h57m left)
[step 30470/70000] loss=0.5938 lr=7.3e-06 (0.82s/step, ~8h57m left)
[step 30480/70000] loss=0.5709 lr=7.3e-06 (0.82s/step, ~8h58m left)
[step 30490/70000] loss=0.5864 lr=7.3e-06 (0.81s/step, ~8h53m left)
[step 30500/70000] loss=0.5824 lr=7.3e-06 (0.81s/step, ~8h54m left)
[step 30510/70000] loss=0.5771 lr=7.3e-06 (0.81s/step, ~8h54m left)
[step 30520/70000] loss=0.5855 lr=7.3e-06 (0.82s/step, ~8h57m left)
[step 30530/70000] loss=0.5776 lr=7.3e-06 (0.81s/step, ~8h54m left)
[step 30540/70000] loss=0.5819 lr=7.3e-06 (0.81s/step, ~8h53m left)
[step 30550/70000] loss=0.5689 lr=7.3e-06 (0.82s/step, ~8h57m left)
[step 30560/70000] loss=0.5828 lr=7.3e-06 (0.82s/step, ~8h56m left)
[step 30570/70000] loss=0.5866 lr=7.3e-06 (0.81s/step, ~8h53m left)
[step 30580/70000] loss=0.5920 lr=7.3e-06 (0.81s/step, ~8h52m left)
[step 30590/70000] loss=0.5826 lr=7.3e-06 (0.81s/step, ~8h51m left)
[step 30600/70000] loss=0.5925 lr=7.3e-06 (0.81s/step, ~8h54m left)
[step 30610/70000] loss=0.5823 lr=7.3e-06 (0.81s/step, ~8h51m left)
[step 30620/70000] loss=0.5813 lr=7.3e-06 (0.82s/step, ~8h55m left)
[step 30630/70000] loss=0.5938 lr=7.3e-06 (0.83s/step, ~9h03m left)
[step 30640/70000] loss=0.5847 lr=7.3e-06 (0.82s/step, ~8h58m left)
[step 30650/70000] loss=0.5919 lr=7.3e-06 (0.82s/step, ~8h54m left)
[step 30660/70000] loss=0.5909 lr=7.3e-06 (0.82s/step, ~8h55m left)
[step 30670/70000] loss=0.5903 lr=7.3e-06 (0.82s/step, ~8h56m left)
[step 30680/70000] loss=0.5838 lr=7.3e-06 (0.82s/step, ~8h58m left)
[step 30690/70000] loss=0.5809 lr=7.3e-06 (0.82s/step, ~8h54m left)
[step 30700/70000] loss=0.5659 lr=7.3e-06 (0.81s/step, ~8h53m left)
[step 30710/70000] loss=0.5753 lr=7.3e-06 (0.82s/step, ~8h54m left)
[step 30720/70000] loss=0.5730 lr=7.3e-06 (0.82s/step, ~8h57m left)
[step 30730/70000] loss=0.5771 lr=7.3e-06 (0.81s/step, ~8h52m left)
[step 30740/70000] loss=0.5678 lr=7.3e-06 (0.81s/step, ~8h52m left)
[step 30750/70000] loss=0.5897 lr=7.3e-06 (0.81s/step, ~8h51m left)
[step 30760/70000] loss=0.5878 lr=7.3e-06 (0.82s/step, ~8h54m left)
[step 30770/70000] loss=0.5836 lr=7.3e-06 (0.81s/step, ~8h51m left)
[step 30780/70000] loss=0.5655 lr=7.3e-06 (0.81s/step, ~8h50m left)
[step 30790/70000] loss=0.5820 lr=7.3e-06 (0.81s/step, ~8h51m left)
[step 30800/70000] loss=0.5893 lr=7.3e-06 (0.82s/step, ~8h54m left)
[step 30810/70000] loss=0.6045 lr=7.3e-06 (0.81s/step, ~8h52m left)
[step 30820/70000] loss=0.5767 lr=7.3e-06 (0.82s/step, ~8h52m left)
[step 30830/70000] loss=0.5867 lr=7.3e-06 (0.82s/step, ~8h52m left)
[step 30840/70000] loss=0.5735 lr=7.3e-06 (0.82s/step, ~8h53m left)
[step 30850/70000] loss=0.5775 lr=7.3e-06 (0.82s/step, ~8h54m left)
[step 30860/70000] loss=0.5740 lr=7.3e-06 (0.81s/step, ~8h51m left)
[step 30870/70000] loss=0.5919 lr=7.3e-06 (0.81s/step, ~8h51m left)
[step 30880/70000] loss=0.5765 lr=7.3e-06 (0.82s/step, ~8h52m left)
[step 30890/70000] loss=0.5687 lr=7.3e-06 (0.81s/step, ~8h48m left)
[step 30900/70000] loss=0.5802 lr=7.3e-06 (0.81s/step, ~8h48m left)
[step 30910/70000] loss=0.5786 lr=7.3e-06 (0.81s/step, ~8h47m left)
[step 30920/70000] loss=0.5769 lr=7.3e-06 (0.82s/step, ~8h53m left)
[step 30930/70000] loss=0.5852 lr=7.3e-06 (0.82s/step, ~8h51m left)
[step 30940/70000] loss=0.5910 lr=7.3e-06 (0.81s/step, ~8h49m left)
[step 30950/70000] loss=0.5843 lr=7.3e-06 (0.81s/step, ~8h49m left)
[step 30960/70000] loss=0.5858 lr=7.3e-06 (0.81s/step, ~8h50m left)
[step 30970/70000] loss=0.5710 lr=7.3e-06 (0.81s/step, ~8h49m left)
[step 30980/70000] loss=0.5791 lr=7.3e-06 (0.81s/step, ~8h45m left)
[step 30990/70000] loss=0.5873 lr=7.3e-06 (0.81s/step, ~8h46m left)
[step 31000/70000] loss=0.5785 lr=7.3e-06 (0.82s/step, ~8h49m left)
[step 31010/70000] loss=0.5802 lr=7.3e-06 (0.81s/step, ~8h47m left)
[step 31020/70000] loss=0.5716 lr=7.3e-06 (0.81s/step, ~8h48m left)
[step 31030/70000] loss=0.5730 lr=7.3e-06 (0.81s/step, ~8h47m left)
[step 31040/70000] loss=0.5804 lr=7.3e-06 (0.82s/step, ~8h50m left)
[step 31050/70000] loss=0.5808 lr=7.3e-06 (0.81s/step, ~8h47m left)
[step 31060/70000] loss=0.5634 lr=7.3e-06 (0.82s/step, ~8h49m left)
[step 31070/70000] loss=0.5790 lr=7.3e-06 (0.81s/step, ~8h48m left)
[step 31080/70000] loss=0.5664 lr=7.3e-06 (0.82s/step, ~8h50m left)
[step 31090/70000] loss=0.5689 lr=7.3e-06 (0.81s/step, ~8h47m left)
[step 31100/70000] loss=0.5724 lr=7.3e-06 (0.81s/step, ~8h48m left)
[step 31110/70000] loss=0.5875 lr=7.3e-06 (0.82s/step, ~8h48m left)
[step 31120/70000] loss=0.5816 lr=7.3e-06 (0.82s/step, ~8h51m left)
[step 31130/70000] loss=0.5968 lr=7.3e-06 (0.81s/step, ~8h46m left)
[step 31140/70000] loss=0.5692 lr=7.3e-06 (0.82s/step, ~8h48m left)
[step 31150/70000] loss=0.5848 lr=7.3e-06 (0.81s/step, ~8h47m left)
[step 31160/70000] loss=0.5829 lr=7.3e-06 (0.82s/step, ~8h51m left)
[step 31170/70000] loss=0.5741 lr=7.3e-06 (0.82s/step, ~8h48m left)
[step 31180/70000] loss=0.5834 lr=7.3e-06 (0.82s/step, ~8h47m left)
[step 31190/70000] loss=0.5793 lr=7.3e-06 (0.82s/step, ~8h47m left)
[step 31200/70000] loss=0.5764 lr=7.3e-06 (0.82s/step, ~8h52m left)
[step 31210/70000] loss=0.5670 lr=7.3e-06 (0.82s/step, ~8h48m left)
[step 31220/70000] loss=0.5758 lr=7.3e-06 (0.82s/step, ~8h48m left)
[step 31230/70000] loss=0.5737 lr=7.3e-06 (0.82s/step, ~8h47m left)
[step 31240/70000] loss=0.5791 lr=7.3e-06 (0.83s/step, ~8h54m left)
[step 31250/70000] loss=0.5742 lr=7.3e-06 (0.82s/step, ~8h51m left)
[step 31260/70000] loss=0.5643 lr=7.3e-06 (0.82s/step, ~8h47m left)
[step 31270/70000] loss=0.5972 lr=7.3e-06 (0.81s/step, ~8h45m left)
[step 31280/70000] loss=0.5550 lr=7.3e-06 (0.82s/step, ~8h47m left)
[step 31290/70000] loss=0.5555 lr=7.3e-06 (0.82s/step, ~8h48m left)
[step 31300/70000] loss=0.5833 lr=7.3e-06 (0.82s/step, ~8h50m left)
[step 31310/70000] loss=0.5994 lr=7.3e-06 (0.82s/step, ~8h48m left)
[step 31320/70000] loss=0.5816 lr=7.3e-06 (0.82s/step, ~8h48m left)
[step 31330/70000] loss=0.5750 lr=7.3e-06 (0.82s/step, ~8h49m left)
[step 31340/70000] loss=0.5728 lr=7.3e-06 (0.82s/step, ~8h50m left)
[step 31350/70000] loss=0.5647 lr=7.3e-06 (0.82s/step, ~8h46m left)
[step 31360/70000] loss=0.6057 lr=7.3e-06 (0.82s/step, ~8h48m left)
[step 31370/70000] loss=0.5806 lr=7.3e-06 (0.82s/step, ~8h47m left)
[step 31380/70000] loss=0.5660 lr=7.3e-06 (0.82s/step, ~8h46m left)
[step 31390/70000] loss=0.5711 lr=7.3e-06 (0.81s/step, ~8h44m left)
[step 31400/70000] loss=0.5770 lr=7.3e-06 (0.81s/step, ~8h43m left)
[step 31410/70000] loss=0.5945 lr=7.3e-06 (0.82s/step, ~8h48m left)
[step 31420/70000] loss=0.5763 lr=7.3e-06 (0.82s/step, ~8h44m left)
[step 31430/70000] loss=0.5821 lr=7.3e-06 (0.82s/step, ~8h44m left)
[step 31440/70000] loss=0.5893 lr=7.3e-06 (0.82s/step, ~8h47m left)
[step 31450/70000] loss=0.5763 lr=7.3e-06 (0.82s/step, ~8h46m left)
[step 31460/70000] loss=0.5824 lr=7.3e-06 (0.82s/step, ~8h46m left)
[step 31470/70000] loss=0.5612 lr=7.3e-06 (0.82s/step, ~8h46m left)
[step 31480/70000] loss=0.5993 lr=7.3e-06 (0.82s/step, ~8h44m left)
[step 31490/70000] loss=0.5861 lr=7.3e-06 (0.82s/step, ~8h47m left)
[step 31500/70000] loss=0.5655 lr=7.3e-06 (0.81s/step, ~8h40m left)
[step 31510/70000] loss=0.5844 lr=7.3e-06 (0.81s/step, ~8h40m left)
[step 31520/70000] loss=0.5746 lr=7.3e-06 (0.82s/step, ~8h42m left)
[step 31530/70000] loss=0.5799 lr=7.3e-06 (0.83s/step, ~8h49m left)
[step 31540/70000] loss=0.5592 lr=7.3e-06 (0.82s/step, ~8h44m left)
[step 31550/70000] loss=0.5889 lr=7.3e-06 (0.82s/step, ~8h46m left)
[step 31560/70000] loss=0.6015 lr=7.3e-06 (0.82s/step, ~8h42m left)
[step 31570/70000] loss=0.5871 lr=7.3e-06 (0.82s/step, ~8h42m left)
[step 31580/70000] loss=0.5711 lr=7.3e-06 (0.82s/step, ~8h43m left)
[step 31590/70000] loss=0.5660 lr=7.3e-06 (0.82s/step, ~8h42m left)
[step 31600/70000] loss=0.5775 lr=7.3e-06 (0.82s/step, ~8h42m left)
[step 31610/70000] loss=0.5692 lr=7.3e-06 (0.82s/step, ~8h42m left)
[step 31620/70000] loss=0.5691 lr=7.3e-06 (0.81s/step, ~8h40m left)
[step 31630/70000] loss=0.5771 lr=7.3e-06 (0.81s/step, ~8h41m left)
[step 31640/70000] loss=0.5602 lr=7.3e-06 (0.82s/step, ~8h44m left)
[step 31650/70000] loss=0.5860 lr=7.3e-06 (0.82s/step, ~8h42m left)
[step 31660/70000] loss=0.5864 lr=7.3e-06 (0.82s/step, ~8h41m left)
[step 31670/70000] loss=0.5607 lr=7.3e-06 (0.81s/step, ~8h40m left)
[step 31680/70000] loss=0.5819 lr=7.3e-06 (0.82s/step, ~8h41m left)
[step 31690/70000] loss=0.5652 lr=7.3e-06 (0.81s/step, ~8h39m left)
[step 31700/70000] loss=0.5780 lr=7.3e-06 (0.81s/step, ~8h39m left)
[step 31710/70000] loss=0.5926 lr=7.3e-06 (0.81s/step, ~8h38m left)
[step 31720/70000] loss=0.5747 lr=7.3e-06 (0.81s/step, ~8h39m left)
[step 31730/70000] loss=0.5659 lr=7.3e-06 (0.82s/step, ~8h42m left)
[step 31740/70000] loss=0.5706 lr=7.3e-06 (0.81s/step, ~8h39m left)
[step 31750/70000] loss=0.5655 lr=7.3e-06 (0.82s/step, ~8h39m left)
[step 31760/70000] loss=0.5628 lr=7.3e-06 (0.81s/step, ~8h39m left)
[step 31770/70000] loss=0.5762 lr=7.3e-06 (0.82s/step, ~8h42m left)
[step 31780/70000] loss=0.5811 lr=7.3e-06 (0.81s/step, ~8h37m left)
[step 31790/70000] loss=0.5947 lr=7.3e-06 (0.81s/step, ~8h38m left)
[step 31800/70000] loss=0.5680 lr=7.3e-06 (0.81s/step, ~8h37m left)
[step 31810/70000] loss=0.5711 lr=7.3e-06 (0.82s/step, ~8h39m left)
[step 31820/70000] loss=0.5821 lr=7.3e-06 (0.82s/step, ~8h38m left)
[step 31830/70000] loss=0.5678 lr=7.3e-06 (0.82s/step, ~8h39m left)
[step 31840/70000] loss=0.5731 lr=7.3e-06 (0.82s/step, ~8h38m left)
[step 31850/70000] loss=0.5657 lr=7.3e-06 (0.82s/step, ~8h39m left)
[step 31860/70000] loss=0.5947 lr=7.3e-06 (0.81s/step, ~8h35m left)
[step 31870/70000] loss=0.5799 lr=7.3e-06 (0.81s/step, ~8h35m left)
[step 31880/70000] loss=0.5885 lr=7.3e-06 (0.81s/step, ~8h35m left)
[step 31890/70000] loss=0.5686 lr=7.3e-06 (0.82s/step, ~8h38m left)
[step 31900/70000] loss=0.5783 lr=7.3e-06 (0.82s/step, ~8h38m left)
[step 31910/70000] loss=0.5878 lr=7.3e-06 (0.82s/step, ~8h40m left)
[step 31920/70000] loss=0.5929 lr=7.3e-06 (0.82s/step, ~8h40m left)
[step 31930/70000] loss=0.5707 lr=7.3e-06 (0.82s/step, ~8h40m left)
[step 31940/70000] loss=0.5970 lr=7.3e-06 (0.82s/step, ~8h38m left)
[step 31950/70000] loss=0.5890 lr=7.3e-06 (0.82s/step, ~8h40m left)
[step 31960/70000] loss=0.5712 lr=7.3e-06 (0.82s/step, ~8h39m left)
[step 31970/70000] loss=0.5674 lr=7.3e-06 (0.82s/step, ~8h41m left)
[step 31980/70000] loss=0.5877 lr=7.3e-06 (0.82s/step, ~8h36m left)
[step 31990/70000] loss=0.5936 lr=7.3e-06 (0.82s/step, ~8h36m left)
[step 32000/70000] loss=0.5755 lr=7.3e-06 (0.81s/step, ~8h35m left)
[step 32010/70000] loss=0.5755 lr=7.3e-06 (0.82s/step, ~8h37m left)
[step 32020/70000] loss=0.5796 lr=7.3e-06 (0.82s/step, ~8h35m left)
[step 32030/70000] loss=0.5863 lr=7.3e-06 (0.82s/step, ~8h36m left)
[step 32040/70000] loss=0.5614 lr=7.3e-06 (0.82s/step, ~8h36m left)
[step 32050/70000] loss=0.5823 lr=7.3e-06 (0.82s/step, ~8h39m left)
[step 32060/70000] loss=0.5877 lr=7.3e-06 (0.82s/step, ~8h39m left)
[step 32070/70000] loss=0.5721 lr=7.3e-06 (0.82s/step, ~8h36m left)
[step 32080/70000] loss=0.5693 lr=7.3e-06 (0.82s/step, ~8h37m left)
[step 32090/70000] loss=0.5831 lr=7.3e-06 (0.82s/step, ~8h39m left)
[step 32100/70000] loss=0.5857 lr=7.3e-06 (0.81s/step, ~8h34m left)
[step 32110/70000] loss=0.5658 lr=7.3e-06 (0.82s/step, ~8h34m left)
[step 32120/70000] loss=0.5727 lr=7.3e-06 (0.81s/step, ~8h34m left)
[step 32130/70000] loss=0.5667 lr=7.3e-06 (0.82s/step, ~8h35m left)
[step 32140/70000] loss=0.5735 lr=7.3e-06 (0.82s/step, ~8h36m left)
[step 32150/70000] loss=0.5801 lr=7.3e-06 (0.82s/step, ~8h35m left)
[step 32160/70000] loss=0.5632 lr=7.3e-06 (0.82s/step, ~8h39m left)
[step 32170/70000] loss=0.5697 lr=7.3e-06 (0.82s/step, ~8h34m left)
[step 32180/70000] loss=0.5772 lr=7.3e-06 (0.82s/step, ~8h34m left)
[step 32190/70000] loss=0.6004 lr=7.3e-06 (0.82s/step, ~8h36m left)
[step 32200/70000] loss=0.5747 lr=7.3e-06 (0.82s/step, ~8h35m left)
[step 32210/70000] loss=0.5679 lr=7.3e-06 (0.81s/step, ~8h31m left)
[step 32220/70000] loss=0.5994 lr=7.3e-06 (0.81s/step, ~8h32m left)
[step 32230/70000] loss=0.5753 lr=7.3e-06 (0.81s/step, ~8h31m left)
[step 32240/70000] loss=0.5803 lr=7.3e-06 (0.81s/step, ~8h32m left)
[step 32250/70000] loss=0.5696 lr=7.3e-06 (0.81s/step, ~8h31m left)
[step 32260/70000] loss=0.5841 lr=7.3e-06 (0.81s/step, ~8h32m left)
[step 32270/70000] loss=0.5859 lr=7.3e-06 (0.81s/step, ~8h31m left)
[step 32280/70000] loss=0.5876 lr=7.3e-06 (0.82s/step, ~8h36m left)
[step 32290/70000] loss=0.5655 lr=7.3e-06 (0.82s/step, ~8h35m left)
[step 32300/70000] loss=0.6116 lr=7.3e-06 (0.82s/step, ~8h32m left)
[step 32310/70000] loss=0.5692 lr=7.3e-06 (0.82s/step, ~8h32m left)
[step 32320/70000] loss=0.5832 lr=7.3e-06 (0.82s/step, ~8h35m left)
[step 32330/70000] loss=0.5722 lr=7.3e-06 (0.82s/step, ~8h34m left)
[step 32340/70000] loss=0.5831 lr=7.3e-06 (0.82s/step, ~8h37m left)
[step 32350/70000] loss=0.5648 lr=7.3e-06 (0.82s/step, ~8h35m left)
[step 32360/70000] loss=0.5902 lr=7.3e-06 (0.82s/step, ~8h34m left)
[step 32370/70000] loss=0.5888 lr=7.3e-06 (0.82s/step, ~8h32m left)
[step 32380/70000] loss=0.5680 lr=7.3e-06 (0.82s/step, ~8h32m left)
[step 32390/70000] loss=0.6127 lr=7.3e-06 (0.82s/step, ~8h32m left)
[step 32400/70000] loss=0.5707 lr=7.3e-06 (0.82s/step, ~8h35m left)
[step 32410/70000] loss=0.5694 lr=7.3e-06 (0.82s/step, ~8h33m left)
[step 32420/70000] loss=0.5741 lr=7.3e-06 (0.82s/step, ~8h34m left)
[step 32430/70000] loss=0.5743 lr=7.3e-06 (0.82s/step, ~8h31m left)
[step 32440/70000] loss=0.5900 lr=7.3e-06 (0.83s/step, ~8h37m left)
[step 32450/70000] loss=0.5838 lr=7.3e-06 (0.82s/step, ~8h32m left)
[step 32460/70000] loss=0.6018 lr=7.3e-06 (0.81s/step, ~8h29m left)
[step 32470/70000] loss=0.5736 lr=7.3e-06 (0.82s/step, ~8h32m left)
[step 32480/70000] loss=0.5629 lr=7.3e-06 (0.82s/step, ~8h33m left)
[step 32490/70000] loss=0.5806 lr=7.3e-06 (0.82s/step, ~8h29m left)
[step 32500/70000] loss=0.5786 lr=7.3e-06 (0.82s/step, ~8h30m left)
[eval @ step 32500] val_loss=0.5559 train_loss=0.5795
[saved] runs/finetune_001/step_0032500.pth
[step 32510/70000] loss=0.5914 lr=7.3e-06 (0.82s/step, ~8h31m left)
[step 32520/70000] loss=0.5775 lr=7.3e-06 (0.82s/step, ~8h30m left)
[step 32530/70000] loss=0.5847 lr=7.3e-06 (0.82s/step, ~8h30m left)
[step 32540/70000] loss=0.5928 lr=7.3e-06 (0.82s/step, ~8h30m left)
[step 32550/70000] loss=0.5807 lr=7.3e-06 (0.82s/step, ~8h30m left)
[step 32560/70000] loss=0.5685 lr=7.3e-06 (0.82s/step, ~8h30m left)
[step 32570/70000] loss=0.5988 lr=7.3e-06 (0.82s/step, ~8h29m left)
[step 32580/70000] loss=0.5799 lr=7.3e-06 (0.82s/step, ~8h31m left)
[step 32590/70000] loss=0.5888 lr=7.3e-06 (0.82s/step, ~8h33m left)
[step 32600/70000] loss=0.5685 lr=7.3e-06 (0.81s/step, ~8h27m left)
[step 32610/70000] loss=0.5921 lr=7.3e-06 (0.82s/step, ~8h29m left)
[step 32620/70000] loss=0.5770 lr=7.3e-06 (0.82s/step, ~8h28m left)
[step 32630/70000] loss=0.5910 lr=7.3e-06 (0.82s/step, ~8h32m left)
[step 32640/70000] loss=0.5771 lr=7.3e-06 (0.82s/step, ~8h29m left)
[step 32650/70000] loss=0.5742 lr=7.3e-06 (0.82s/step, ~8h28m left)
[step 32660/70000] loss=0.5735 lr=7.3e-06 (0.82s/step, ~8h29m left)
[step 32670/70000] loss=0.5878 lr=7.3e-06 (0.82s/step, ~8h31m left)
[step 32680/70000] loss=0.5685 lr=7.3e-06 (0.82s/step, ~8h30m left)
[step 32690/70000] loss=0.5677 lr=7.3e-06 (0.82s/step, ~8h29m left)
[step 32700/70000] loss=0.5732 lr=7.3e-06 (0.82s/step, ~8h28m left)
[step 32710/70000] loss=0.5667 lr=7.3e-06 (0.82s/step, ~8h30m left)
[step 32720/70000] loss=0.5822 lr=7.3e-06 (0.82s/step, ~8h27m left)
[step 32730/70000] loss=0.5789 lr=7.3e-06 (0.82s/step, ~8h27m left)
[step 32740/70000] loss=0.5810 lr=7.3e-06 (0.82s/step, ~8h26m left)
[step 32750/70000] loss=0.5709 lr=7.3e-06 (0.82s/step, ~8h29m left)
[step 32760/70000] loss=0.5961 lr=7.3e-06 (0.82s/step, ~8h28m left)
[step 32770/70000] loss=0.5717 lr=7.3e-06 (0.82s/step, ~8h26m left)
[step 32780/70000] loss=0.5807 lr=7.3e-06 (0.82s/step, ~8h29m left)
[step 32790/70000] loss=0.5696 lr=7.3e-06 (0.82s/step, ~8h27m left)
[step 32800/70000] loss=0.5814 lr=7.3e-06 (0.82s/step, ~8h26m left)
[step 32810/70000] loss=0.5748 lr=7.3e-06 (0.82s/step, ~8h26m left)
[step 32820/70000] loss=0.5929 lr=7.3e-06 (0.82s/step, ~8h28m left)
[step 32830/70000] loss=0.5771 lr=7.3e-06 (0.82s/step, ~8h25m left)
[step 32840/70000] loss=0.5935 lr=7.3e-06 (0.82s/step, ~8h26m left)
[step 32850/70000] loss=0.5762 lr=7.3e-06 (0.82s/step, ~8h27m left)
[step 32860/70000] loss=0.5668 lr=7.3e-06 (0.83s/step, ~8h32m left)
[step 32870/70000] loss=0.5808 lr=7.3e-06 (0.83s/step, ~8h30m left)
[step 32880/70000] loss=0.6046 lr=7.3e-06 (0.82s/step, ~8h27m left)
[step 32890/70000] loss=0.5730 lr=7.3e-06 (0.82s/step, ~8h25m left)
[step 32900/70000] loss=0.5737 lr=7.3e-06 (0.82s/step, ~8h25m left)
[step 32910/70000] loss=0.5985 lr=7.3e-06 (0.82s/step, ~8h24m left)
[step 32920/70000] loss=0.5735 lr=7.3e-06 (0.82s/step, ~8h26m left)
[step 32930/70000] loss=0.5858 lr=7.3e-06 (0.82s/step, ~8h27m left)
[step 32940/70000] loss=0.5720 lr=7.3e-06 (0.82s/step, ~8h26m left)
[step 32950/70000] loss=0.5786 lr=7.3e-06 (0.82s/step, ~8h27m left)
[step 32960/70000] loss=0.5744 lr=7.3e-06 (0.82s/step, ~8h25m left)
[step 32970/70000] loss=0.5706 lr=7.3e-06 (0.82s/step, ~8h26m left)
[step 32980/70000] loss=0.5716 lr=7.3e-06 (0.82s/step, ~8h26m left)
[step 32990/70000] loss=0.5697 lr=7.3e-06 (0.82s/step, ~8h24m left)
[step 33000/70000] loss=0.5887 lr=7.3e-06 (0.82s/step, ~8h25m left)
[step 33010/70000] loss=0.5735 lr=7.3e-06 (0.82s/step, ~8h23m left)
[step 33020/70000] loss=0.5850 lr=7.3e-06 (0.82s/step, ~8h24m left)
[step 33030/70000] loss=0.5888 lr=7.3e-06 (0.81s/step, ~8h21m left)
[step 33040/70000] loss=0.5841 lr=7.3e-06 (0.81s/step, ~8h18m left)
[step 33050/70000] loss=0.5806 lr=7.3e-06 (0.81s/step, ~8h17m left)
[step 33060/70000] loss=0.5661 lr=7.3e-06 (0.81s/step, ~8h19m left)
[step 33070/70000] loss=0.5605 lr=7.3e-06 (0.81s/step, ~8h20m left)
[step 33080/70000] loss=0.5741 lr=7.3e-06 (0.82s/step, ~8h23m left)
[step 33090/70000] loss=0.5868 lr=7.3e-06 (0.82s/step, ~8h22m left)
[step 33100/70000] loss=0.5753 lr=7.3e-06 (0.82s/step, ~8h23m left)
[step 33110/70000] loss=0.5919 lr=7.3e-06 (0.82s/step, ~8h22m left)
[step 33120/70000] loss=0.5789 lr=7.3e-06 (0.82s/step, ~8h23m left)
[step 33130/70000] loss=0.6075 lr=7.3e-06 (0.81s/step, ~8h20m left)
[step 33140/70000] loss=0.5726 lr=7.3e-06 (0.82s/step, ~8h22m left)
[step 33150/70000] loss=0.5767 lr=7.3e-06 (0.82s/step, ~8h21m left)
[step 33160/70000] loss=0.5841 lr=7.3e-06 (0.81s/step, ~8h18m left)
[step 33170/70000] loss=0.5765 lr=7.3e-06 (0.81s/step, ~8h19m left)
[step 33180/70000] loss=0.5881 lr=7.3e-06 (0.83s/step, ~8h27m left)
[step 33190/70000] loss=0.5704 lr=7.3e-06 (0.81s/step, ~8h19m left)
[step 33200/70000] loss=0.5850 lr=7.3e-06 (0.81s/step, ~8h18m left)
[step 33210/70000] loss=0.5860 lr=7.3e-06 (0.81s/step, ~8h17m left)
[step 33220/70000] loss=0.5824 lr=7.3e-06 (0.82s/step, ~8h20m left)
[step 33230/70000] loss=0.5869 lr=7.3e-06 (0.82s/step, ~8h20m left)
[step 33240/70000] loss=0.5752 lr=7.3e-06 (0.82s/step, ~8h22m left)
[step 33250/70000] loss=0.5726 lr=7.3e-06 (0.82s/step, ~8h21m left)
[step 33260/70000] loss=0.5744 lr=7.3e-06 (0.82s/step, ~8h21m left)
[step 33270/70000] loss=0.5635 lr=7.3e-06 (0.82s/step, ~8h20m left)
[step 33280/70000] loss=0.5792 lr=7.3e-06 (0.82s/step, ~8h19m left)
[step 33290/70000] loss=0.5912 lr=7.3e-06 (0.82s/step, ~8h19m left)
[step 33300/70000] loss=0.5921 lr=7.3e-06 (0.82s/step, ~8h20m left)
[step 33310/70000] loss=0.5781 lr=7.3e-06 (0.82s/step, ~8h20m left)
[step 33320/70000] loss=0.5619 lr=7.3e-06 (0.82s/step, ~8h19m left)
[step 33330/70000] loss=0.5704 lr=7.3e-06 (0.82s/step, ~8h19m left)
[step 33340/70000] loss=0.5764 lr=7.3e-06 (0.82s/step, ~8h21m left)
[step 33350/70000] loss=0.5708 lr=7.3e-06 (0.82s/step, ~8h19m left)
[step 33360/70000] loss=0.6081 lr=7.3e-06 (0.82s/step, ~8h19m left)
[step 33370/70000] loss=0.5595 lr=7.3e-06 (0.82s/step, ~8h20m left)
[step 33380/70000] loss=0.5701 lr=7.3e-06 (0.82s/step, ~8h21m left)
[step 33390/70000] loss=0.5759 lr=7.3e-06 (0.82s/step, ~8h22m left)
[step 33400/70000] loss=0.5809 lr=7.3e-06 (0.82s/step, ~8h21m left)
[step 33410/70000] loss=0.5629 lr=7.3e-06 (0.82s/step, ~8h19m left)
[step 33420/70000] loss=0.5836 lr=7.3e-06 (0.82s/step, ~8h20m left)
[step 33430/70000] loss=0.5782 lr=7.3e-06 (0.81s/step, ~8h14m left)
[step 33440/70000] loss=0.5739 lr=7.3e-06 (0.81s/step, ~8h14m left)
[step 33450/70000] loss=0.5942 lr=7.3e-06 (0.81s/step, ~8h13m left)
[step 33460/70000] loss=0.5769 lr=7.3e-06 (0.82s/step, ~8h20m left)
[step 33470/70000] loss=0.5725 lr=7.3e-06 (0.82s/step, ~8h17m left)
[step 33480/70000] loss=0.5902 lr=7.3e-06 (0.82s/step, ~8h19m left)
[step 33490/70000] loss=0.6010 lr=7.3e-06 (0.82s/step, ~8h17m left)
[step 33500/70000] loss=0.5779 lr=7.3e-06 (0.81s/step, ~8h14m left)
[step 33510/70000] loss=0.5705 lr=7.3e-06 (0.81s/step, ~8h15m left)
[step 33520/70000] loss=0.5739 lr=7.3e-06 (0.82s/step, ~8h16m left)
[step 33530/70000] loss=0.5793 lr=7.3e-06 (0.82s/step, ~8h17m left)
[step 33540/70000] loss=0.5747 lr=7.3e-06 (0.82s/step, ~8h16m left)
[step 33550/70000] loss=0.5670 lr=7.3e-06 (0.81s/step, ~8h14m left)
[step 33560/70000] loss=0.5828 lr=7.3e-06 (0.82s/step, ~8h17m left)
[step 33570/70000] loss=0.5967 lr=7.3e-06 (0.82s/step, ~8h15m left)
[step 33580/70000] loss=0.5828 lr=7.3e-06 (0.82s/step, ~8h15m left)
[step 33590/70000] loss=0.5746 lr=7.3e-06 (0.82s/step, ~8h15m left)
[step 33600/70000] loss=0.5779 lr=7.3e-06 (0.82s/step, ~8h14m left)
[step 33610/70000] loss=0.5720 lr=7.3e-06 (0.82s/step, ~8h16m left)
[step 33620/70000] loss=0.5886 lr=7.3e-06 (0.82s/step, ~8h14m left)
[step 33630/70000] loss=0.5704 lr=7.3e-06 (0.81s/step, ~8h12m left)
[step 33640/70000] loss=0.5771 lr=7.3e-06 (0.81s/step, ~8h10m left)
[step 33650/70000] loss=0.5853 lr=7.3e-06 (0.81s/step, ~8h12m left)
[step 33660/70000] loss=0.5753 lr=7.3e-06 (0.81s/step, ~8h12m left)
[step 33670/70000] loss=0.5928 lr=7.3e-06 (0.81s/step, ~8h11m left)
[step 33680/70000] loss=0.5671 lr=7.3e-06 (0.81s/step, ~8h11m left)
[step 33690/70000] loss=0.5754 lr=7.3e-06 (0.81s/step, ~8h12m left)
[step 33700/70000] loss=0.5835 lr=7.3e-06 (0.81s/step, ~8h10m left)
[step 33710/70000] loss=0.5676 lr=7.3e-06 (0.81s/step, ~8h10m left)
[step 33720/70000] loss=0.5882 lr=7.3e-06 (0.82s/step, ~8h14m left)
[step 33730/70000] loss=0.5852 lr=7.3e-06 (0.82s/step, ~8h16m left)
[step 33740/70000] loss=0.5726 lr=7.3e-06 (0.82s/step, ~8h12m left)
[step 33750/70000] loss=0.5778 lr=7.3e-06 (0.82s/step, ~8h17m left)
[step 33760/70000] loss=0.5852 lr=7.3e-06 (0.82s/step, ~8h17m left)
[step 33770/70000] loss=0.5686 lr=7.3e-06 (0.81s/step, ~8h12m left)
[step 33780/70000] loss=0.5740 lr=7.3e-06 (0.81s/step, ~8h10m left)
[step 33790/70000] loss=0.5867 lr=7.3e-06 (0.82s/step, ~8h12m left)
[step 33800/70000] loss=0.5851 lr=7.3e-06 (0.82s/step, ~8h15m left)
[step 33810/70000] loss=0.5657 lr=7.3e-06 (0.82s/step, ~8h14m left)
[step 33820/70000] loss=0.5845 lr=7.3e-06 (0.82s/step, ~8h13m left)
[step 33830/70000] loss=0.5806 lr=7.3e-06 (0.82s/step, ~8h12m left)
[step 33840/70000] loss=0.5822 lr=7.3e-06 (0.82s/step, ~8h13m left)
[step 33850/70000] loss=0.5797 lr=7.3e-06 (0.82s/step, ~8h13m left)
[step 33860/70000] loss=0.5779 lr=7.3e-06 (0.81s/step, ~8h07m left)
[step 33870/70000] loss=0.5909 lr=7.3e-06 (0.81s/step, ~8h07m left)
[step 33880/70000] loss=0.5716 lr=7.3e-06 (0.81s/step, ~8h09m left)
[step 33890/70000] loss=0.5885 lr=7.3e-06 (0.81s/step, ~8h07m left)
[step 33900/70000] loss=0.5835 lr=7.3e-06 (0.81s/step, ~8h08m left)
[step 33910/70000] loss=0.5665 lr=7.3e-06 (0.81s/step, ~8h09m left)
[step 33920/70000] loss=0.5814 lr=7.3e-06 (0.81s/step, ~8h09m left)
[step 33930/70000] loss=0.5723 lr=7.3e-06 (0.81s/step, ~8h09m left)
[step 33940/70000] loss=0.5862 lr=7.3e-06 (0.82s/step, ~8h10m left)
[step 33950/70000] loss=0.5837 lr=7.3e-06 (0.82s/step, ~8h10m left)
[step 33960/70000] loss=0.5875 lr=7.3e-06 (0.82s/step, ~8h11m left)
[step 33970/70000] loss=0.5743 lr=7.3e-06 (0.82s/step, ~8h09m left)
[step 33980/70000] loss=0.5906 lr=7.3e-06 (0.82s/step, ~8h11m left)
[step 33990/70000] loss=0.5768 lr=7.3e-06 (0.82s/step, ~8h15m left)
[step 34000/70000] loss=0.5787 lr=7.3e-06 (0.82s/step, ~8h10m left)
[step 34010/70000] loss=0.5789 lr=7.3e-06 (0.81s/step, ~8h08m left)
[step 34020/70000] loss=0.5753 lr=7.3e-06 (0.81s/step, ~8h06m left)
[step 34030/70000] loss=0.5981 lr=7.3e-06 (0.82s/step, ~8h10m left)
[step 34040/70000] loss=0.5691 lr=7.3e-06 (0.81s/step, ~8h08m left)
[step 34050/70000] loss=0.6020 lr=7.3e-06 (0.81s/step, ~8h07m left)
[step 34060/70000] loss=0.5811 lr=7.3e-06 (0.81s/step, ~8h05m left)
[step 34070/70000] loss=0.5786 lr=7.3e-06 (0.82s/step, ~8h08m left)
[step 34080/70000] loss=0.5790 lr=7.3e-06 (0.81s/step, ~8h07m left)
[step 34090/70000] loss=0.5882 lr=7.3e-06 (0.81s/step, ~8h07m left)
[step 34100/70000] loss=0.5605 lr=7.3e-06 (0.81s/step, ~8h05m left)
[step 34110/70000] loss=0.5917 lr=7.3e-06 (0.81s/step, ~8h07m left)
[step 34120/70000] loss=0.5739 lr=7.3e-06 (0.81s/step, ~8h06m left)
[step 34130/70000] loss=0.5852 lr=7.3e-06 (0.81s/step, ~8h05m left)
[step 34140/70000] loss=0.5821 lr=7.3e-06 (0.81s/step, ~8h05m left)
[step 34150/70000] loss=0.5956 lr=7.3e-06 (0.81s/step, ~8h05m left)
[step 34160/70000] loss=0.5814 lr=7.3e-06 (0.81s/step, ~8h03m left)
[step 34170/70000] loss=0.5768 lr=7.3e-06 (0.81s/step, ~8h02m left)
[step 34180/70000] loss=0.5741 lr=7.3e-06 (0.81s/step, ~8h04m left)
[step 34190/70000] loss=0.5715 lr=7.3e-06 (0.81s/step, ~8h02m left)
[step 34200/70000] loss=0.5901 lr=7.3e-06 (0.81s/step, ~8h03m left)
[step 34210/70000] loss=0.5759 lr=7.3e-06 (0.81s/step, ~8h04m left)
[step 34220/70000] loss=0.5811 lr=7.3e-06 (0.82s/step, ~8h08m left)
[step 34230/70000] loss=0.6055 lr=7.3e-06 (0.82s/step, ~8h07m left)
[step 34240/70000] loss=0.5871 lr=7.3e-06 (0.82s/step, ~8h08m left)
[step 34250/70000] loss=0.5733 lr=7.3e-06 (0.82s/step, ~8h07m left)
[step 34260/70000] loss=0.5721 lr=7.3e-06 (0.82s/step, ~8h06m left)
[step 34270/70000] loss=0.5769 lr=7.3e-06 (0.82s/step, ~8h05m left)
[step 34280/70000] loss=0.5758 lr=7.3e-06 (0.82s/step, ~8h05m left)
[step 34290/70000] loss=0.5800 lr=7.3e-06 (0.81s/step, ~8h04m left)
[step 34300/70000] loss=0.6043 lr=7.3e-06 (0.82s/step, ~8h06m left)
[step 34310/70000] loss=0.5774 lr=7.3e-06 (0.82s/step, ~8h06m left)
[step 34320/70000] loss=0.5923 lr=7.3e-06 (0.82s/step, ~8h05m left)
[step 34330/70000] loss=0.5682 lr=7.3e-06 (0.82s/step, ~8h05m left)
[step 34340/70000] loss=0.5665 lr=7.3e-06 (0.82s/step, ~8h06m left)
[step 34350/70000] loss=0.5705 lr=7.3e-06 (0.82s/step, ~8h04m left)
[step 34360/70000] loss=0.5908 lr=7.3e-06 (0.82s/step, ~8h06m left)
[step 34370/70000] loss=0.5918 lr=7.3e-06 (0.82s/step, ~8h07m left)
[step 34380/70000] loss=0.5731 lr=7.3e-06 (0.82s/step, ~8h05m left)
[step 34390/70000] loss=0.5743 lr=7.3e-06 (0.81s/step, ~8h03m left)
[step 34400/70000] loss=0.5817 lr=7.3e-06 (0.82s/step, ~8h03m left)
[step 34410/70000] loss=0.5864 lr=7.3e-06 (0.82s/step, ~8h07m left)
[step 34420/70000] loss=0.5803 lr=7.3e-06 (0.82s/step, ~8h05m left)
[step 34430/70000] loss=0.5737 lr=7.3e-06 (0.82s/step, ~8h08m left)
[step 34440/70000] loss=0.5822 lr=7.3e-06 (0.82s/step, ~8h07m left)
[step 34450/70000] loss=0.5706 lr=7.3e-06 (0.83s/step, ~8h10m left)
[step 34460/70000] loss=0.5691 lr=7.3e-06 (0.83s/step, ~8h09m left)
[step 34470/70000] loss=0.5754 lr=7.3e-06 (0.83s/step, ~8h11m left)
[step 34480/70000] loss=0.6056 lr=7.3e-06 (0.82s/step, ~8h07m left)
[step 34490/70000] loss=0.5959 lr=7.3e-06 (0.82s/step, ~8h07m left)
[step 34500/70000] loss=0.5728 lr=7.3e-06 (0.82s/step, ~8h05m left)
[step 34510/70000] loss=0.5796 lr=7.3e-06 (0.82s/step, ~8h05m left)
[step 34520/70000] loss=0.5717 lr=7.3e-06 (0.82s/step, ~8h07m left)
[step 34530/70000] loss=0.5846 lr=7.3e-06 (0.83s/step, ~8h11m left)
[step 34540/70000] loss=0.5802 lr=7.3e-06 (0.82s/step, ~8h07m left)
[step 34550/70000] loss=0.5711 lr=7.3e-06 (0.83s/step, ~8h08m left)
[step 34560/70000] loss=0.5777 lr=7.3e-06 (0.83s/step, ~8h08m left)
[step 34570/70000] loss=0.5875 lr=7.3e-06 (0.83s/step, ~8h10m left)
[step 34580/70000] loss=0.5586 lr=7.3e-06 (0.83s/step, ~8h09m left)
[step 34590/70000] loss=0.5768 lr=7.3e-06 (0.83s/step, ~8h07m left)
[step 34600/70000] loss=0.5824 lr=7.3e-06 (0.83s/step, ~8h09m left)
[step 34610/70000] loss=0.5738 lr=7.3e-06 (0.83s/step, ~8h08m left)
[step 34620/70000] loss=0.5779 lr=7.3e-06 (0.83s/step, ~8h06m left)
[step 34630/70000] loss=0.5976 lr=7.3e-06 (0.83s/step, ~8h07m left)
[step 34640/70000] loss=0.5973 lr=7.3e-06 (0.83s/step, ~8h08m left)
[step 34650/70000] loss=0.6015 lr=7.3e-06 (0.83s/step, ~8h06m left)
[step 34660/70000] loss=0.5816 lr=7.3e-06 (0.83s/step, ~8h07m left)
[step 34670/70000] loss=0.5799 lr=7.3e-06 (0.82s/step, ~8h04m left)
[step 34680/70000] loss=0.5860 lr=7.3e-06 (0.83s/step, ~8h06m left)
[step 34690/70000] loss=0.5694 lr=7.3e-06 (0.82s/step, ~8h04m left)
[step 34700/70000] loss=0.6042 lr=7.3e-06 (0.83s/step, ~8h05m left)
[step 34710/70000] loss=0.5759 lr=7.3e-06 (0.83s/step, ~8h07m left)
[step 34720/70000] loss=0.5964 lr=7.3e-06 (0.83s/step, ~8h10m left)
[step 34730/70000] loss=0.5846 lr=7.3e-06 (0.83s/step, ~8h06m left)
[step 34740/70000] loss=0.5774 lr=7.3e-06 (0.84s/step, ~8h12m left)
[step 34750/70000] loss=0.5756 lr=7.3e-06 (0.83s/step, ~8h06m left)
[step 34760/70000] loss=0.5770 lr=7.3e-06 (0.83s/step, ~8h07m left)
[step 34770/70000] loss=0.5759 lr=7.3e-06 (0.83s/step, ~8h05m left)
[step 34780/70000] loss=0.5732 lr=7.3e-06 (0.83s/step, ~8h05m left)
[step 34790/70000] loss=0.6015 lr=7.3e-06 (0.82s/step, ~8h02m left)
[step 34800/70000] loss=0.5796 lr=7.3e-06 (0.82s/step, ~8h00m left)
[step 34810/70000] loss=0.5732 lr=7.3e-06 (0.82s/step, ~8h00m left)
[step 34820/70000] loss=0.5991 lr=7.3e-06 (0.81s/step, ~7h57m left)
[step 34830/70000] loss=0.5789 lr=7.3e-06 (0.82s/step, ~7h58m left)
[step 34840/70000] loss=0.5809 lr=7.3e-06 (0.82s/step, ~7h59m left)
[step 34850/70000] loss=0.5953 lr=7.3e-06 (0.82s/step, ~7h57m left)
[step 34860/70000] loss=0.5778 lr=7.3e-06 (0.82s/step, ~7h58m left)
[step 34870/70000] loss=0.5833 lr=7.3e-06 (0.82s/step, ~8h00m left)
[step 34880/70000] loss=0.5771 lr=7.3e-06 (0.82s/step, ~7h59m left)
[step 34890/70000] loss=0.5773 lr=7.3e-06 (0.82s/step, ~7h59m left)
[step 34900/70000] loss=0.5907 lr=7.3e-06 (0.82s/step, ~8h00m left)
[step 34910/70000] loss=0.5838 lr=7.3e-06 (0.82s/step, ~7h58m left)
[step 34920/70000] loss=0.5633 lr=7.3e-06 (0.82s/step, ~7h57m left)
[step 34930/70000] loss=0.5800 lr=7.3e-06 (0.82s/step, ~7h57m left)
[step 34940/70000] loss=0.5843 lr=7.3e-06 (0.82s/step, ~7h56m left)
[step 34950/70000] loss=0.5671 lr=7.3e-06 (0.82s/step, ~7h59m left)
[step 34960/70000] loss=0.5623 lr=7.3e-06 (0.82s/step, ~7h58m left)
[step 34970/70000] loss=0.5775 lr=7.3e-06 (0.82s/step, ~7h58m left)
[step 34980/70000] loss=0.5748 lr=7.3e-06 (0.82s/step, ~7h59m left)
[step 34990/70000] loss=0.5764 lr=7.3e-06 (0.82s/step, ~7h56m left)
[step 35000/70000] loss=0.5699 lr=7.3e-06 (0.81s/step, ~7h55m left)
[eval @ step 35000] val_loss=0.5559 train_loss=0.5722
[saved] runs/finetune_001/step_0035000.pth
[step 35010/70000] loss=0.5791 lr=7.3e-06 (0.83s/step, ~8h01m left)
[step 35020/70000] loss=0.5942 lr=7.3e-06 (0.81s/step, ~7h54m left)
[step 35030/70000] loss=0.5867 lr=7.3e-06 (0.81s/step, ~7h53m left)
[step 35040/70000] loss=0.5747 lr=7.3e-06 (0.81s/step, ~7h52m left)
[step 35050/70000] loss=0.5843 lr=7.3e-06 (0.81s/step, ~7h54m left)
[step 35060/70000] loss=0.6013 lr=7.3e-06 (0.81s/step, ~7h50m left)
[step 35070/70000] loss=0.5870 lr=7.3e-06 (0.81s/step, ~7h50m left)
[step 35080/70000] loss=0.5803 lr=7.3e-06 (0.81s/step, ~7h51m left)
[step 35090/70000] loss=0.5850 lr=7.3e-06 (0.81s/step, ~7h52m left)
[step 35100/70000] loss=0.5989 lr=7.3e-06 (0.81s/step, ~7h50m left)
[step 35110/70000] loss=0.5788 lr=7.3e-06 (0.81s/step, ~7h52m left)
[step 35120/70000] loss=0.5777 lr=7.3e-06 (0.82s/step, ~7h54m left)
[step 35130/70000] loss=0.5724 lr=7.3e-06 (0.81s/step, ~7h52m left)
[step 35140/70000] loss=0.5819 lr=7.3e-06 (0.82s/step, ~7h55m left)
[step 35150/70000] loss=0.5748 lr=7.3e-06 (0.82s/step, ~7h54m left)
[step 35160/70000] loss=0.5741 lr=7.3e-06 (0.82s/step, ~7h58m left)
[step 35170/70000] loss=0.5794 lr=7.3e-06 (0.82s/step, ~7h54m left)
[step 35180/70000] loss=0.5810 lr=7.3e-06 (0.81s/step, ~7h51m left)
[step 35190/70000] loss=0.5927 lr=7.3e-06 (0.81s/step, ~7h50m left)
[step 35200/70000] loss=0.5812 lr=7.3e-06 (0.81s/step, ~7h51m left)
[step 35210/70000] loss=0.5820 lr=7.3e-06 (0.81s/step, ~7h50m left)
[step 35220/70000] loss=0.5950 lr=7.3e-06 (0.81s/step, ~7h50m left)
[step 35230/70000] loss=0.5610 lr=7.3e-06 (0.81s/step, ~7h49m left)
[step 35240/70000] loss=0.5892 lr=7.3e-06 (0.82s/step, ~7h53m left)
[step 35250/70000] loss=0.5877 lr=7.3e-06 (0.81s/step, ~7h51m left)
[step 35260/70000] loss=0.5986 lr=7.3e-06 (0.82s/step, ~7h52m left)
[step 35270/70000] loss=0.5698 lr=7.3e-06 (0.82s/step, ~7h52m left)
[step 35280/70000] loss=0.5981 lr=7.3e-06 (0.82s/step, ~7h54m left)
[step 35290/70000] loss=0.5938 lr=7.3e-06 (0.82s/step, ~7h52m left)
[step 35300/70000] loss=0.5921 lr=7.3e-06 (0.82s/step, ~7h51m left)
[step 35310/70000] loss=0.5611 lr=7.3e-06 (0.82s/step, ~7h51m left)
[step 35320/70000] loss=0.5829 lr=7.3e-06 (0.81s/step, ~7h49m left)
[step 35330/70000] loss=0.5903 lr=7.3e-06 (0.81s/step, ~7h48m left)
[step 35340/70000] loss=0.5743 lr=7.3e-06 (0.81s/step, ~7h50m left)
[step 35350/70000] loss=0.5889 lr=7.3e-06 (0.82s/step, ~7h50m left)
[step 35360/70000] loss=0.5775 lr=7.3e-06 (0.82s/step, ~7h51m left)
[step 35370/70000] loss=0.5706 lr=7.3e-06 (0.82s/step, ~7h51m left)
[step 35380/70000] loss=0.5726 lr=7.3e-06 (0.82s/step, ~7h51m left)
[step 35390/70000] loss=0.5678 lr=7.3e-06 (0.82s/step, ~7h52m left)
[step 35400/70000] loss=0.5930 lr=7.3e-06 (0.81s/step, ~7h48m left)
[step 35410/70000] loss=0.5788 lr=7.3e-06 (0.81s/step, ~7h49m left)
[step 35420/70000] loss=0.5843 lr=7.3e-06 (0.81s/step, ~7h48m left)
[step 35430/70000] loss=0.5924 lr=7.3e-06 (0.82s/step, ~7h52m left)
[step 35440/70000] loss=0.5764 lr=7.3e-06 (0.81s/step, ~7h48m left)
[step 35450/70000] loss=0.5835 lr=7.3e-06 (0.81s/step, ~7h48m left)
[step 35460/70000] loss=0.5826 lr=7.3e-06 (0.82s/step, ~7h50m left)
[step 35470/70000] loss=0.5763 lr=7.3e-06 (0.82s/step, ~7h50m left)
[step 35480/70000] loss=0.6043 lr=7.3e-06 (0.82s/step, ~7h53m left)
[step 35490/70000] loss=0.5734 lr=7.3e-06 (0.82s/step, ~7h49m left)
[step 35500/70000] loss=0.5918 lr=7.3e-06 (0.82s/step, ~7h51m left)
[step 35510/70000] loss=0.5813 lr=7.3e-06 (0.81s/step, ~7h47m left)
[step 35520/70000] loss=0.5708 lr=7.3e-06 (0.82s/step, ~7h49m left)
[step 35530/70000] loss=0.5808 lr=7.3e-06 (0.82s/step, ~7h52m left)
[step 35540/70000] loss=0.5928 lr=7.3e-06 (0.82s/step, ~7h51m left)
[step 35550/70000] loss=0.5777 lr=7.3e-06 (0.82s/step, ~7h48m left)
[step 35560/70000] loss=0.5776 lr=7.3e-06 (0.82s/step, ~7h50m left)
[step 35570/70000] loss=0.5887 lr=7.3e-06 (0.82s/step, ~7h50m left)
[step 35580/70000] loss=0.5726 lr=7.3e-06 (0.82s/step, ~7h50m left)
[step 35590/70000] loss=0.5733 lr=7.3e-06 (0.82s/step, ~7h51m left)
[step 35600/70000] loss=0.5793 lr=7.3e-06 (0.82s/step, ~7h49m left)
[step 35610/70000] loss=0.5905 lr=7.3e-06 (0.82s/step, ~7h50m left)
[step 35620/70000] loss=0.5780 lr=7.3e-06 (0.83s/step, ~7h52m left)
[step 35630/70000] loss=0.5724 lr=7.3e-06 (0.82s/step, ~7h49m left)
[step 35640/70000] loss=0.5754 lr=7.3e-06 (0.82s/step, ~7h50m left)
[step 35650/70000] loss=0.5771 lr=7.3e-06 (0.82s/step, ~7h50m left)
[step 35660/70000] loss=0.5843 lr=7.3e-06 (0.82s/step, ~7h48m left)
[step 35670/70000] loss=0.5792 lr=7.3e-06 (0.82s/step, ~7h47m left)
[step 35680/70000] loss=0.5967 lr=7.3e-06 (0.82s/step, ~7h47m left)
[step 35690/70000] loss=0.5890 lr=7.3e-06 (0.82s/step, ~7h48m left)
[step 35700/70000] loss=0.5699 lr=7.3e-06 (0.82s/step, ~7h46m left)
[step 35710/70000] loss=0.5865 lr=7.3e-06 (0.82s/step, ~7h45m left)
[step 35720/70000] loss=0.5811 lr=7.3e-06 (0.81s/step, ~7h45m left)
[step 35730/70000] loss=0.5587 lr=7.3e-06 (0.82s/step, ~7h45m left)
[step 35740/70000] loss=0.5958 lr=7.3e-06 (0.81s/step, ~7h43m left)
[step 35750/70000] loss=0.5815 lr=7.3e-06 (0.81s/step, ~7h43m left)
[step 35760/70000] loss=0.5760 lr=7.3e-06 (0.81s/step, ~7h44m left)
[step 35770/70000] loss=0.5788 lr=7.3e-06 (0.82s/step, ~7h45m left)
[step 35780/70000] loss=0.5643 lr=7.3e-06 (0.82s/step, ~7h47m left)
[step 35790/70000] loss=0.5860 lr=7.3e-06 (0.82s/step, ~7h45m left)
[step 35800/70000] loss=0.5741 lr=7.3e-06 (0.82s/step, ~7h45m left)
[step 35810/70000] loss=0.5670 lr=7.3e-06 (0.82s/step, ~7h45m left)
[step 35820/70000] loss=0.5726 lr=7.3e-06 (0.81s/step, ~7h43m left)
[step 35830/70000] loss=0.5787 lr=7.3e-06 (0.81s/step, ~7h42m left)
[step 35840/70000] loss=0.5947 lr=7.3e-06 (0.82s/step, ~7h45m left)
[step 35850/70000] loss=0.5853 lr=7.3e-06 (0.82s/step, ~7h44m left)
[step 35860/70000] loss=0.5750 lr=7.3e-06 (0.82s/step, ~7h44m left)
[step 35870/70000] loss=0.5577 lr=7.3e-06 (0.82s/step, ~7h45m left)
[step 35880/70000] loss=0.5931 lr=7.3e-06 (0.82s/step, ~7h47m left)
[step 35890/70000] loss=0.5931 lr=7.3e-06 (0.82s/step, ~7h45m left)
[step 35900/70000] loss=0.5862 lr=7.3e-06 (0.82s/step, ~7h45m left)
[step 35910/70000] loss=0.5942 lr=7.3e-06 (0.82s/step, ~7h44m left)
[step 35920/70000] loss=0.5791 lr=7.3e-06 (0.82s/step, ~7h46m left)
[step 35930/70000] loss=0.5662 lr=7.3e-06 (0.82s/step, ~7h44m left)
[step 35940/70000] loss=0.5662 lr=7.3e-06 (0.82s/step, ~7h45m left)
[step 35950/70000] loss=0.5984 lr=7.3e-06 (0.82s/step, ~7h45m left)
[step 35960/70000] loss=0.5756 lr=7.3e-06 (0.82s/step, ~7h45m left)
[step 35970/70000] loss=0.5712 lr=7.3e-06 (0.82s/step, ~7h43m left)
[step 35980/70000] loss=0.5734 lr=7.3e-06 (0.82s/step, ~7h45m left)
[step 35990/70000] loss=0.5718 lr=7.3e-06 (0.82s/step, ~7h44m left)
[step 36000/70000] loss=0.5692 lr=7.3e-06 (0.82s/step, ~7h44m left)
[step 36010/70000] loss=0.5746 lr=7.3e-06 (0.82s/step, ~7h44m left)
[step 36020/70000] loss=0.5779 lr=7.3e-06 (0.82s/step, ~7h44m left)
[step 36030/70000] loss=0.5828 lr=7.3e-06 (0.82s/step, ~7h44m left)
[step 36040/70000] loss=0.5805 lr=7.3e-06 (0.82s/step, ~7h43m left)
[step 36050/70000] loss=0.5645 lr=7.3e-06 (0.82s/step, ~7h42m left)
[step 36060/70000] loss=0.5827 lr=7.3e-06 (0.82s/step, ~7h43m left)
[step 36070/70000] loss=0.5748 lr=7.3e-06 (0.82s/step, ~7h43m left)
[step 36080/70000] loss=0.5741 lr=7.3e-06 (0.82s/step, ~7h41m left)
[step 36090/70000] loss=0.5840 lr=7.3e-06 (0.82s/step, ~7h42m left)
[step 36100/70000] loss=0.5868 lr=7.3e-06 (0.82s/step, ~7h43m left)
[step 36110/70000] loss=0.5685 lr=7.3e-06 (0.82s/step, ~7h42m left)
[step 36120/70000] loss=0.5748 lr=7.3e-06 (0.82s/step, ~7h44m left)
[step 36130/70000] loss=0.5677 lr=7.3e-06 (0.82s/step, ~7h41m left)
[step 36140/70000] loss=0.5829 lr=7.3e-06 (0.82s/step, ~7h43m left)
[step 36150/70000] loss=0.5766 lr=7.3e-06 (0.83s/step, ~7h45m left)
[step 36160/70000] loss=0.5753 lr=7.3e-06 (0.82s/step, ~7h43m left)
[step 36170/70000] loss=0.5801 lr=7.3e-06 (0.82s/step, ~7h40m left)
[step 36180/70000] loss=0.5680 lr=7.3e-06 (0.82s/step, ~7h43m left)
[step 36190/70000] loss=0.5632 lr=7.3e-06 (0.82s/step, ~7h41m left)
[step 36200/70000] loss=0.5704 lr=7.3e-06 (0.82s/step, ~7h41m left)
[step 36210/70000] loss=0.5797 lr=7.3e-06 (0.82s/step, ~7h41m left)
[step 36220/70000] loss=0.5763 lr=7.3e-06 (0.82s/step, ~7h40m left)
[step 36230/70000] loss=0.5955 lr=7.3e-06 (0.82s/step, ~7h38m left)
[step 36240/70000] loss=0.5746 lr=7.3e-06 (0.82s/step, ~7h39m left)
[step 36250/70000] loss=0.5686 lr=7.3e-06 (0.81s/step, ~7h37m left)
[step 36260/70000] loss=0.5630 lr=7.3e-06 (0.82s/step, ~7h39m left)
[step 36270/70000] loss=0.5852 lr=7.3e-06 (0.82s/step, ~7h39m left)
[step 36280/70000] loss=0.5821 lr=7.3e-06 (0.82s/step, ~7h38m left)
[step 36290/70000] loss=0.5906 lr=7.3e-06 (0.82s/step, ~7h42m left)
[step 36300/70000] loss=0.5805 lr=7.3e-06 (0.82s/step, ~7h40m left)
[step 36310/70000] loss=0.5791 lr=7.3e-06 (0.82s/step, ~7h40m left)
[step 36320/70000] loss=0.5877 lr=7.3e-06 (0.82s/step, ~7h40m left)
[step 36330/70000] loss=0.5650 lr=7.3e-06 (0.82s/step, ~7h39m left)
[step 36340/70000] loss=0.5860 lr=7.3e-06 (0.82s/step, ~7h37m left)
[step 36350/70000] loss=0.6024 lr=7.3e-06 (0.81s/step, ~7h36m left)
[step 36360/70000] loss=0.5723 lr=7.3e-06 (0.82s/step, ~7h39m left)
[step 36370/70000] loss=0.5691 lr=7.3e-06 (0.82s/step, ~7h39m left)
[step 36380/70000] loss=0.5992 lr=7.3e-06 (0.82s/step, ~7h38m left)
[step 36390/70000] loss=0.5777 lr=7.3e-06 (0.82s/step, ~7h38m left)
[step 36400/70000] loss=0.5882 lr=7.3e-06 (0.81s/step, ~7h36m left)
[step 36410/70000] loss=0.5722 lr=7.3e-06 (0.82s/step, ~7h38m left)
[step 36420/70000] loss=0.5990 lr=7.3e-06 (0.82s/step, ~7h39m left)
[step 36430/70000] loss=0.5894 lr=7.3e-06 (0.82s/step, ~7h41m left)
[step 36440/70000] loss=0.5738 lr=7.3e-06 (0.82s/step, ~7h41m left)
[step 36450/70000] loss=0.5789 lr=7.3e-06 (0.82s/step, ~7h40m left)
[step 36460/70000] loss=0.5754 lr=7.3e-06 (0.82s/step, ~7h40m left)
[step 36470/70000] loss=0.5774 lr=7.3e-06 (0.82s/step, ~7h38m left)
[step 36480/70000] loss=0.5645 lr=7.3e-06 (0.82s/step, ~7h37m left)
[step 36490/70000] loss=0.5952 lr=7.3e-06 (0.82s/step, ~7h38m left)
[step 36500/70000] loss=0.5952 lr=7.3e-06 (0.81s/step, ~7h34m left)
[step 36510/70000] loss=0.5774 lr=7.3e-06 (0.82s/step, ~7h35m left)
[step 36520/70000] loss=0.5587 lr=7.3e-06 (0.81s/step, ~7h34m left)
[step 36530/70000] loss=0.5774 lr=7.3e-06 (0.82s/step, ~7h37m left)
[step 36540/70000] loss=0.5776 lr=7.3e-06 (0.82s/step, ~7h35m left)
[step 36550/70000] loss=0.5666 lr=7.3e-06 (0.82s/step, ~7h36m left)
[step 36560/70000] loss=0.5783 lr=7.3e-06 (0.82s/step, ~7h35m left)
[step 36570/70000] loss=0.5823 lr=7.3e-06 (0.82s/step, ~7h35m left)
[step 36580/70000] loss=0.5741 lr=7.3e-06 (0.81s/step, ~7h32m left)
[step 36590/70000] loss=0.5798 lr=7.3e-06 (0.82s/step, ~7h36m left)
[step 36600/70000] loss=0.5704 lr=7.3e-06 (0.83s/step, ~7h40m left)
[step 36610/70000] loss=0.5738 lr=7.3e-06 (0.83s/step, ~7h39m left)
[step 36620/70000] loss=0.5954 lr=7.3e-06 (0.82s/step, ~7h34m left)
[step 36630/70000] loss=0.5839 lr=7.3e-06 (0.82s/step, ~7h35m left)
[step 36640/70000] loss=0.5804 lr=7.3e-06 (0.82s/step, ~7h36m left)
[step 36650/70000] loss=0.5768 lr=7.3e-06 (0.82s/step, ~7h36m left)
[step 36660/70000] loss=0.5909 lr=7.3e-06 (0.83s/step, ~7h38m left)
[step 36670/70000] loss=0.5912 lr=7.3e-06 (0.82s/step, ~7h34m left)
[step 36680/70000] loss=0.5999 lr=7.3e-06 (0.83s/step, ~7h39m left)
[step 36690/70000] loss=0.5968 lr=7.3e-06 (0.82s/step, ~7h35m left)
[step 36700/70000] loss=0.5738 lr=7.3e-06 (0.82s/step, ~7h35m left)
[step 36710/70000] loss=0.5995 lr=7.3e-06 (0.82s/step, ~7h34m left)
[step 36720/70000] loss=0.5868 lr=7.3e-06 (0.82s/step, ~7h37m left)
[step 36730/70000] loss=0.5787 lr=7.3e-06 (0.82s/step, ~7h32m left)
[step 36740/70000] loss=0.5849 lr=7.3e-06 (0.82s/step, ~7h34m left)
[step 36750/70000] loss=0.5939 lr=7.3e-06 (0.82s/step, ~7h34m left)
[step 36760/70000] loss=0.5792 lr=7.3e-06 (0.83s/step, ~7h37m left)
[step 36770/70000] loss=0.5945 lr=7.3e-06 (0.81s/step, ~7h31m left)
[step 36780/70000] loss=0.5855 lr=7.3e-06 (0.81s/step, ~7h30m left)
[step 36790/70000] loss=0.5810 lr=7.3e-06 (0.82s/step, ~7h31m left)
[step 36800/70000] loss=0.5795 lr=7.3e-06 (0.82s/step, ~7h32m left)
[step 36810/70000] loss=0.5807 lr=7.3e-06 (0.81s/step, ~7h30m left)
[step 36820/70000] loss=0.5821 lr=7.3e-06 (0.82s/step, ~7h33m left)
[step 36830/70000] loss=0.5693 lr=7.3e-06 (0.82s/step, ~7h33m left)
[step 36840/70000] loss=0.5635 lr=7.3e-06 (0.82s/step, ~7h30m left)
[step 36850/70000] loss=0.5864 lr=7.3e-06 (0.81s/step, ~7h29m left)
[step 36860/70000] loss=0.5694 lr=7.3e-06 (0.82s/step, ~7h30m left)
[step 36870/70000] loss=0.5810 lr=7.3e-06 (0.82s/step, ~7h32m left)
[step 36880/70000] loss=0.5798 lr=7.3e-06 (0.82s/step, ~7h30m left)
[step 36890/70000] loss=0.5865 lr=7.3e-06 (0.82s/step, ~7h31m left)
[step 36900/70000] loss=0.5819 lr=7.3e-06 (0.82s/step, ~7h30m left)
[step 36910/70000] loss=0.5726 lr=7.3e-06 (0.82s/step, ~7h31m left)
[step 36920/70000] loss=0.5758 lr=7.3e-06 (0.81s/step, ~7h26m left)
[step 36930/70000] loss=0.5781 lr=7.3e-06 (0.81s/step, ~7h25m left)
[step 36940/70000] loss=0.5770 lr=7.3e-06 (0.82s/step, ~7h30m left)
[step 36950/70000] loss=0.5669 lr=7.3e-06 (0.82s/step, ~7h31m left)
[step 36960/70000] loss=0.5875 lr=7.3e-06 (0.82s/step, ~7h29m left)
[step 36970/70000] loss=0.5785 lr=7.3e-06 (0.82s/step, ~7h28m left)
[step 36980/70000] loss=0.5875 lr=7.3e-06 (0.82s/step, ~7h28m left)
[step 36990/70000] loss=0.5748 lr=7.3e-06 (0.82s/step, ~7h28m left)
[step 37000/70000] loss=0.5812 lr=7.3e-06 (0.81s/step, ~7h26m left)
[step 37010/70000] loss=0.5589 lr=7.3e-06 (0.81s/step, ~7h27m left)
[step 37020/70000] loss=0.5817 lr=7.3e-06 (0.81s/step, ~7h25m left)
[step 37030/70000] loss=0.5869 lr=7.3e-06 (0.82s/step, ~7h28m left)
[step 37040/70000] loss=0.5752 lr=7.3e-06 (0.82s/step, ~7h29m left)
[step 37050/70000] loss=0.5802 lr=7.3e-06 (0.82s/step, ~7h30m left)
[step 37060/70000] loss=0.5718 lr=7.3e-06 (0.82s/step, ~7h31m left)
[step 37070/70000] loss=0.5924 lr=7.3e-06 (0.82s/step, ~7h27m left)
[step 37080/70000] loss=0.5762 lr=7.3e-06 (0.81s/step, ~7h26m left)
[step 37090/70000] loss=0.5763 lr=7.3e-06 (0.81s/step, ~7h26m left)
[step 37100/70000] loss=0.5918 lr=7.3e-06 (0.82s/step, ~7h28m left)
[step 37110/70000] loss=0.6036 lr=7.3e-06 (0.82s/step, ~7h27m left)
[step 37120/70000] loss=0.5767 lr=7.3e-06 (0.81s/step, ~7h26m left)
[step 37130/70000] loss=0.5822 lr=7.3e-06 (0.82s/step, ~7h28m left)
[step 37140/70000] loss=0.5853 lr=7.3e-06 (0.82s/step, ~7h29m left)
[step 37150/70000] loss=0.5857 lr=7.3e-06 (0.82s/step, ~7h28m left)
[step 37160/70000] loss=0.5758 lr=7.3e-06 (0.81s/step, ~7h26m left)
[step 37170/70000] loss=0.5778 lr=7.3e-06 (0.82s/step, ~7h26m left)
[step 37180/70000] loss=0.5853 lr=7.3e-06 (0.82s/step, ~7h29m left)
[step 37190/70000] loss=0.5698 lr=7.3e-06 (0.81s/step, ~7h25m left)
[step 37200/70000] loss=0.5716 lr=7.3e-06 (0.81s/step, ~7h23m left)
[step 37210/70000] loss=0.5759 lr=7.3e-06 (0.81s/step, ~7h24m left)
[step 37220/70000] loss=0.5681 lr=7.3e-06 (0.82s/step, ~7h27m left)
[step 37230/70000] loss=0.5760 lr=7.3e-06 (0.81s/step, ~7h24m left)
[step 37240/70000] loss=0.5746 lr=7.3e-06 (0.81s/step, ~7h24m left)
[step 37250/70000] loss=0.5996 lr=7.3e-06 (0.81s/step, ~7h22m left)
[step 37260/70000] loss=0.5712 lr=7.3e-06 (0.81s/step, ~7h23m left)
[step 37270/70000] loss=0.5682 lr=7.3e-06 (0.82s/step, ~7h26m left)
[step 37280/70000] loss=0.5999 lr=7.3e-06 (0.82s/step, ~7h26m left)
[step 37290/70000] loss=0.5830 lr=7.3e-06 (0.82s/step, ~7h28m left)
[step 37300/70000] loss=0.5732 lr=7.3e-06 (0.83s/step, ~7h29m left)
[step 37310/70000] loss=0.5765 lr=7.3e-06 (0.82s/step, ~7h26m left)
[step 37320/70000] loss=0.5932 lr=7.3e-06 (0.82s/step, ~7h26m left)
[step 37330/70000] loss=0.5728 lr=7.3e-06 (0.82s/step, ~7h27m left)
[step 37340/70000] loss=0.6010 lr=7.3e-06 (0.82s/step, ~7h26m left)
[step 37350/70000] loss=0.5800 lr=7.3e-06 (0.82s/step, ~7h25m left)
[step 37360/70000] loss=0.5734 lr=7.3e-06 (0.82s/step, ~7h25m left)
[step 37370/70000] loss=0.5659 lr=7.3e-06 (0.82s/step, ~7h25m left)
[step 37380/70000] loss=0.5781 lr=7.3e-06 (0.82s/step, ~7h24m left)
[step 37390/70000] loss=0.5651 lr=7.3e-06 (0.82s/step, ~7h23m left)
[step 37400/70000] loss=0.5737 lr=7.3e-06 (0.82s/step, ~7h23m left)
[step 37410/70000] loss=0.5590 lr=7.3e-06 (0.82s/step, ~7h24m left)
[step 37420/70000] loss=0.6105 lr=7.3e-06 (0.82s/step, ~7h23m left)
[step 37430/70000] loss=0.5757 lr=7.3e-06 (0.82s/step, ~7h22m left)
[step 37440/70000] loss=0.5755 lr=7.3e-06 (0.82s/step, ~7h24m left)
[step 37450/70000] loss=0.5769 lr=7.3e-06 (0.82s/step, ~7h24m left)
[step 37460/70000] loss=0.5778 lr=7.3e-06 (0.82s/step, ~7h23m left)
[step 37470/70000] loss=0.5831 lr=7.3e-06 (0.82s/step, ~7h24m left)
[step 37480/70000] loss=0.6038 lr=7.3e-06 (0.82s/step, ~7h22m left)
[step 37490/70000] loss=0.5753 lr=7.3e-06 (0.82s/step, ~7h21m left)
[step 37500/70000] loss=0.5823 lr=7.3e-06 (0.82s/step, ~7h22m left)
[eval @ step 37500] val_loss=0.5546 train_loss=0.5845
[saved] runs/finetune_001/step_0037500.pth
[step 37510/70000] loss=0.5690 lr=7.3e-06 (0.82s/step, ~7h26m left)
[step 37520/70000] loss=0.5710 lr=7.3e-06 (0.83s/step, ~7h27m left)
[step 37530/70000] loss=0.5864 lr=7.3e-06 (0.83s/step, ~7h26m left)
[step 37540/70000] loss=0.5649 lr=7.3e-06 (0.83s/step, ~7h26m left)
[step 37550/70000] loss=0.5906 lr=7.3e-06 (0.82s/step, ~7h26m left)
[step 37560/70000] loss=0.5670 lr=7.3e-06 (0.82s/step, ~7h21m left)
[step 37570/70000] loss=0.6086 lr=7.3e-06 (0.82s/step, ~7h24m left)
[step 37580/70000] loss=0.5778 lr=7.3e-06 (0.82s/step, ~7h24m left)
[step 37590/70000] loss=0.5781 lr=7.3e-06 (0.82s/step, ~7h22m left)
[step 37600/70000] loss=0.5810 lr=7.3e-06 (0.82s/step, ~7h23m left)
[step 37610/70000] loss=0.5772 lr=7.3e-06 (0.82s/step, ~7h23m left)
[step 37620/70000] loss=0.5909 lr=7.3e-06 (0.82s/step, ~7h24m left)
[step 37630/70000] loss=0.5814 lr=7.3e-06 (0.82s/step, ~7h22m left)
[step 37640/70000] loss=0.5850 lr=7.3e-06 (0.82s/step, ~7h24m left)
[step 37650/70000] loss=0.5914 lr=7.3e-06 (0.82s/step, ~7h24m left)
[step 37660/70000] loss=0.5787 lr=7.3e-06 (0.82s/step, ~7h23m left)
[step 37670/70000] loss=0.5666 lr=7.3e-06 (0.82s/step, ~7h19m left)
[step 37680/70000] loss=0.5874 lr=7.3e-06 (0.82s/step, ~7h20m left)
[step 37690/70000] loss=0.5801 lr=7.3e-06 (0.82s/step, ~7h21m left)
[step 37700/70000] loss=0.5621 lr=7.3e-06 (0.82s/step, ~7h20m left)
[step 37710/70000] loss=0.5755 lr=7.3e-06 (0.82s/step, ~7h20m left)
[step 37720/70000] loss=0.5835 lr=7.3e-06 (0.82s/step, ~7h20m left)
[step 37730/70000] loss=0.5909 lr=7.3e-06 (0.83s/step, ~7h23m left)
[step 37740/70000] loss=0.5805 lr=7.3e-06 (0.82s/step, ~7h19m left)
[step 37750/70000] loss=0.5847 lr=7.3e-06 (0.82s/step, ~7h20m left)
[step 37760/70000] loss=0.5719 lr=7.3e-06 (0.82s/step, ~7h22m left)
[step 37770/70000] loss=0.5777 lr=7.3e-06 (0.82s/step, ~7h21m left)
[step 37780/70000] loss=0.5759 lr=7.3e-06 (0.82s/step, ~7h19m left)
[step 37790/70000] loss=0.5617 lr=7.3e-06 (0.82s/step, ~7h19m left)
[step 37800/70000] loss=0.5730 lr=7.3e-06 (0.82s/step, ~7h21m left)
[step 37810/70000] loss=0.5883 lr=7.3e-06 (0.82s/step, ~7h20m left)
[step 37820/70000] loss=0.5642 lr=7.3e-06 (0.82s/step, ~7h20m left)
[step 37830/70000] loss=0.5961 lr=7.3e-06 (0.82s/step, ~7h19m left)
[step 37840/70000] loss=0.5860 lr=7.3e-06 (0.83s/step, ~7h23m left)
[step 37850/70000] loss=0.5997 lr=7.3e-06 (0.82s/step, ~7h19m left)
[step 37860/70000] loss=0.5731 lr=7.3e-06 (0.82s/step, ~7h19m left)
[step 37870/70000] loss=0.5679 lr=7.3e-06 (0.82s/step, ~7h19m left)
[step 37880/70000] loss=0.5877 lr=7.3e-06 (0.82s/step, ~7h21m left)
[step 37890/70000] loss=0.5812 lr=7.3e-06 (0.82s/step, ~7h18m left)
[step 37900/70000] loss=0.6000 lr=7.3e-06 (0.82s/step, ~7h19m left)
[step 37910/70000] loss=0.5573 lr=7.3e-06 (0.83s/step, ~7h21m left)
[step 37920/70000] loss=0.5877 lr=7.3e-06 (0.82s/step, ~7h19m left)
[step 37930/70000] loss=0.5885 lr=7.3e-06 (0.82s/step, ~7h18m left)
[step 37940/70000] loss=0.5812 lr=7.3e-06 (0.82s/step, ~7h17m left)
[step 37950/70000] loss=0.5904 lr=7.3e-06 (0.82s/step, ~7h18m left)
[step 37960/70000] loss=0.5789 lr=7.3e-06 (0.82s/step, ~7h17m left)
[step 37970/70000] loss=0.5772 lr=7.3e-06 (0.82s/step, ~7h18m left)
[step 37980/70000] loss=0.5901 lr=7.3e-06 (0.82s/step, ~7h18m left)
[step 37990/70000] loss=0.5732 lr=7.3e-06 (0.82s/step, ~7h19m left)
[step 38000/70000] loss=0.5864 lr=7.3e-06 (0.82s/step, ~7h19m left)
[step 38010/70000] loss=0.5843 lr=7.3e-06 (0.82s/step, ~7h19m left)
[step 38020/70000] loss=0.5728 lr=7.3e-06 (0.82s/step, ~7h18m left)
[step 38030/70000] loss=0.5747 lr=7.3e-06 (0.82s/step, ~7h17m left)
[step 38040/70000] loss=0.5920 lr=7.3e-06 (0.82s/step, ~7h16m left)
[step 38050/70000] loss=0.5993 lr=7.3e-06 (0.82s/step, ~7h16m left)
[step 38060/70000] loss=0.5792 lr=7.3e-06 (0.82s/step, ~7h17m left)
[step 38070/70000] loss=0.5784 lr=7.3e-06 (0.82s/step, ~7h17m left)
[step 38080/70000] loss=0.5795 lr=7.3e-06 (0.82s/step, ~7h16m left)
[step 38090/70000] loss=0.5832 lr=7.3e-06 (0.82s/step, ~7h16m left)
[step 38100/70000] loss=0.6098 lr=7.3e-06 (0.82s/step, ~7h17m left)
[step 38110/70000] loss=0.5649 lr=7.3e-06 (0.82s/step, ~7h14m left)
[step 38120/70000] loss=0.5880 lr=7.3e-06 (0.82s/step, ~7h14m left)
[step 38130/70000] loss=0.5705 lr=7.3e-06 (0.82s/step, ~7h16m left)
[step 38140/70000] loss=0.5795 lr=7.3e-06 (0.82s/step, ~7h16m left)
[step 38150/70000] loss=0.5775 lr=7.3e-06 (0.82s/step, ~7h14m left)
[step 38160/70000] loss=0.5762 lr=7.3e-06 (0.82s/step, ~7h14m left)
[step 38170/70000] loss=0.6013 lr=7.3e-06 (0.82s/step, ~7h12m left)
[step 38180/70000] loss=0.5806 lr=7.3e-06 (0.82s/step, ~7h13m left)
[step 38190/70000] loss=0.5696 lr=7.3e-06 (0.82s/step, ~7h12m left)
[step 38200/70000] loss=0.5613 lr=7.3e-06 (0.82s/step, ~7h13m left)
[step 38210/70000] loss=0.6022 lr=7.3e-06 (0.82s/step, ~7h12m left)
[step 38220/70000] loss=0.5794 lr=7.3e-06 (0.82s/step, ~7h11m left)
[step 38230/70000] loss=0.5710 lr=7.3e-06 (0.81s/step, ~7h10m left)
[step 38240/70000] loss=0.5775 lr=7.3e-06 (0.81s/step, ~7h09m left)
[step 38250/70000] loss=0.5581 lr=7.3e-06 (0.82s/step, ~7h11m left)
[step 38260/70000] loss=0.5765 lr=7.3e-06 (0.81s/step, ~7h09m left)
[step 38270/70000] loss=0.5992 lr=7.3e-06 (0.82s/step, ~7h11m left)
[step 38280/70000] loss=0.5936 lr=7.3e-06 (0.81s/step, ~7h10m left)
[step 38290/70000] loss=0.5905 lr=7.3e-06 (0.82s/step, ~7h12m left)
[step 38300/70000] loss=0.5820 lr=7.3e-06 (0.82s/step, ~7h11m left)
[step 38310/70000] loss=0.5924 lr=7.3e-06 (0.82s/step, ~7h12m left)
[step 38320/70000] loss=0.6136 lr=7.3e-06 (0.82s/step, ~7h13m left)
[step 38330/70000] loss=0.5684 lr=7.3e-06 (0.82s/step, ~7h10m left)
[step 38340/70000] loss=0.5702 lr=7.3e-06 (0.82s/step, ~7h10m left)
[step 38350/70000] loss=0.5940 lr=7.3e-06 (0.81s/step, ~7h09m left)
[step 38360/70000] loss=0.5630 lr=7.3e-06 (0.82s/step, ~7h11m left)
[step 38370/70000] loss=0.5829 lr=7.3e-06 (0.82s/step, ~7h10m left)
[step 38380/70000] loss=0.5673 lr=7.3e-06 (0.82s/step, ~7h11m left)
[step 38390/70000] loss=0.5966 lr=7.3e-06 (0.82s/step, ~7h11m left)
[step 38400/70000] loss=0.5827 lr=7.3e-06 (0.82s/step, ~7h13m left)
[step 38410/70000] loss=0.5769 lr=7.3e-06 (0.82s/step, ~7h12m left)
[step 38420/70000] loss=0.5840 lr=7.3e-06 (0.82s/step, ~7h10m left)
[step 38430/70000] loss=0.5888 lr=7.3e-06 (0.82s/step, ~7h13m left)
[step 38440/70000] loss=0.5582 lr=7.3e-06 (0.82s/step, ~7h10m left)
[step 38450/70000] loss=0.5704 lr=7.3e-06 (0.82s/step, ~7h10m left)
[step 38460/70000] loss=0.5719 lr=7.3e-06 (0.82s/step, ~7h10m left)
[step 38470/70000] loss=0.5775 lr=7.3e-06 (0.82s/step, ~7h11m left)
[step 38480/70000] loss=0.5697 lr=7.3e-06 (0.82s/step, ~7h10m left)
[step 38490/70000] loss=0.5814 lr=7.3e-06 (0.82s/step, ~7h09m left)
[step 38500/70000] loss=0.5647 lr=7.3e-06 (0.82s/step, ~7h10m left)
[step 38510/70000] loss=0.5761 lr=7.3e-06 (0.82s/step, ~7h10m left)
[step 38520/70000] loss=0.5674 lr=7.3e-06 (0.82s/step, ~7h09m left)
[step 38530/70000] loss=0.5742 lr=7.3e-06 (0.81s/step, ~7h07m left)
[step 38540/70000] loss=0.5757 lr=7.3e-06 (0.82s/step, ~7h08m left)
[step 38550/70000] loss=0.5599 lr=7.3e-06 (0.82s/step, ~7h09m left)
[step 38560/70000] loss=0.5804 lr=7.3e-06 (0.82s/step, ~7h09m left)
[step 38570/70000] loss=0.5667 lr=7.3e-06 (0.82s/step, ~7h10m left)
[step 38580/70000] loss=0.5724 lr=7.3e-06 (0.82s/step, ~7h10m left)
[step 38590/70000] loss=0.5756 lr=7.3e-06 (0.82s/step, ~7h10m left)
[step 38600/70000] loss=0.6059 lr=7.3e-06 (0.82s/step, ~7h08m left)
[step 38610/70000] loss=0.5863 lr=7.3e-06 (0.82s/step, ~7h08m left)
[step 38620/70000] loss=0.5888 lr=7.3e-06 (0.82s/step, ~7h08m left)
[step 38630/70000] loss=0.5822 lr=7.3e-06 (0.82s/step, ~7h07m left)
[step 38640/70000] loss=0.5825 lr=7.3e-06 (0.82s/step, ~7h08m left)
[step 38650/70000] loss=0.5815 lr=7.3e-06 (0.82s/step, ~7h07m left)
[step 38660/70000] loss=0.5769 lr=7.3e-06 (0.82s/step, ~7h09m left)
[step 38670/70000] loss=0.5729 lr=7.3e-06 (0.82s/step, ~7h07m left)
[step 38680/70000] loss=0.5678 lr=7.3e-06 (0.82s/step, ~7h08m left)
[step 38690/70000] loss=0.5852 lr=7.3e-06 (0.82s/step, ~7h09m left)
[step 38700/70000] loss=0.6044 lr=7.3e-06 (0.82s/step, ~7h08m left)
[step 38710/70000] loss=0.5914 lr=7.3e-06 (0.82s/step, ~7h08m left)
[step 38720/70000] loss=0.5612 lr=7.3e-06 (0.82s/step, ~7h07m left)
[step 38730/70000] loss=0.5727 lr=7.3e-06 (0.82s/step, ~7h09m left)
[step 38740/70000] loss=0.5908 lr=7.3e-06 (0.82s/step, ~7h07m left)
[step 38750/70000] loss=0.5726 lr=7.3e-06 (0.82s/step, ~7h07m left)
[step 38760/70000] loss=0.5642 lr=7.3e-06 (0.82s/step, ~7h06m left)
[step 38770/70000] loss=0.5982 lr=7.3e-06 (0.82s/step, ~7h08m left)
[step 38780/70000] loss=0.5856 lr=7.3e-06 (0.82s/step, ~7h08m left)
[step 38790/70000] loss=0.5787 lr=7.3e-06 (0.82s/step, ~7h06m left)
[step 38800/70000] loss=0.5806 lr=7.3e-06 (0.82s/step, ~7h06m left)
[step 38810/70000] loss=0.5863 lr=7.3e-06 (0.82s/step, ~7h05m left)
[step 38820/70000] loss=0.5650 lr=7.3e-06 (0.82s/step, ~7h07m left)
[step 38830/70000] loss=0.5702 lr=7.3e-06 (0.82s/step, ~7h06m left)
[step 38840/70000] loss=0.5707 lr=7.3e-06 (0.82s/step, ~7h08m left)
[step 38850/70000] loss=0.5654 lr=7.3e-06 (0.82s/step, ~7h05m left)
[step 38860/70000] loss=0.5905 lr=7.3e-06 (0.82s/step, ~7h07m left)
[step 38870/70000] loss=0.5727 lr=7.3e-06 (0.82s/step, ~7h07m left)
[step 38880/70000] loss=0.5962 lr=7.3e-06 (0.82s/step, ~7h06m left)
[step 38890/70000] loss=0.5873 lr=7.3e-06 (0.82s/step, ~7h04m left)
[step 38900/70000] loss=0.6006 lr=7.3e-06 (0.82s/step, ~7h05m left)
[step 38910/70000] loss=0.5799 lr=7.3e-06 (0.82s/step, ~7h04m left)
[step 38920/70000] loss=0.5924 lr=7.3e-06 (0.82s/step, ~7h02m left)
[step 38930/70000] loss=0.5886 lr=7.3e-06 (0.82s/step, ~7h03m left)
[step 38940/70000] loss=0.5826 lr=7.3e-06 (0.82s/step, ~7h06m left)
[step 38950/70000] loss=0.5711 lr=7.3e-06 (0.82s/step, ~7h06m left)
[step 38960/70000] loss=0.5815 lr=7.3e-06 (0.82s/step, ~7h03m left)
[step 38970/70000] loss=0.5677 lr=7.3e-06 (0.82s/step, ~7h05m left)
[step 38980/70000] loss=0.5789 lr=7.3e-06 (0.82s/step, ~7h04m left)
[step 38990/70000] loss=0.5854 lr=7.3e-06 (0.82s/step, ~7h03m left)
[step 39000/70000] loss=0.5836 lr=7.3e-06 (0.82s/step, ~7h02m left)
[step 39010/70000] loss=0.5707 lr=7.3e-06 (0.82s/step, ~7h01m left)
[step 39020/70000] loss=0.5788 lr=7.3e-06 (0.82s/step, ~7h02m left)
[step 39030/70000] loss=0.5758 lr=7.3e-06 (0.81s/step, ~7h00m left)
[step 39040/70000] loss=0.5818 lr=7.3e-06 (0.82s/step, ~7h01m left)
[step 39050/70000] loss=0.5811 lr=7.3e-06 (0.82s/step, ~7h02m left)
[step 39060/70000] loss=0.5885 lr=7.3e-06 (0.82s/step, ~7h01m left)
[step 39070/70000] loss=0.5754 lr=7.3e-06 (0.82s/step, ~7h00m left)
[step 39080/70000] loss=0.5796 lr=7.3e-06 (0.82s/step, ~7h00m left)
[step 39090/70000] loss=0.5617 lr=7.3e-06 (0.82s/step, ~7h03m left)
[step 39100/70000] loss=0.5896 lr=7.3e-06 (0.82s/step, ~7h02m left)
[step 39110/70000] loss=0.5811 lr=7.3e-06 (0.82s/step, ~7h01m left)
[step 39120/70000] loss=0.5854 lr=7.3e-06 (0.82s/step, ~7h03m left)
[step 39130/70000] loss=0.5668 lr=7.3e-06 (0.85s/step, ~7h15m left)
[step 39140/70000] loss=0.5806 lr=7.3e-06 (0.82s/step, ~7h01m left)
[step 39150/70000] loss=0.5824 lr=7.3e-06 (0.82s/step, ~7h00m left)
[step 39160/70000] loss=0.6086 lr=7.3e-06 (0.82s/step, ~7h00m left)
[step 39170/70000] loss=0.5618 lr=7.3e-06 (0.82s/step, ~7h01m left)
[step 39180/70000] loss=0.5862 lr=7.3e-06 (0.82s/step, ~7h00m left)
[step 39190/70000] loss=0.5769 lr=7.3e-06 (0.82s/step, ~7h00m left)
[step 39200/70000] loss=0.5714 lr=7.3e-06 (0.82s/step, ~7h00m left)
[step 39210/70000] loss=0.5750 lr=7.3e-06 (0.82s/step, ~7h00m left)
[step 39220/70000] loss=0.5748 lr=7.3e-06 (0.82s/step, ~6h59m left)
[step 39230/70000] loss=0.5757 lr=7.3e-06 (0.82s/step, ~7h00m left)
[step 39240/70000] loss=0.5695 lr=7.3e-06 (0.82s/step, ~7h00m left)
[step 39250/70000] loss=0.5902 lr=7.3e-06 (0.82s/step, ~7h00m left)
[step 39260/70000] loss=0.5649 lr=7.3e-06 (0.82s/step, ~6h59m left)
[step 39270/70000] loss=0.5946 lr=7.3e-06 (0.82s/step, ~7h01m left)
[step 39280/70000] loss=0.5777 lr=7.3e-06 (0.82s/step, ~6h58m left)
[step 39290/70000] loss=0.5690 lr=7.3e-06 (0.82s/step, ~6h59m left)
[step 39300/70000] loss=0.5725 lr=7.3e-06 (0.82s/step, ~6h59m left)
[step 39310/70000] loss=0.5618 lr=7.3e-06 (0.82s/step, ~7h01m left)
[step 39320/70000] loss=0.5766 lr=7.3e-06 (0.82s/step, ~7h00m left)
[step 39330/70000] loss=0.5747 lr=7.3e-06 (0.82s/step, ~6h59m left)
[step 39340/70000] loss=0.5760 lr=7.3e-06 (0.82s/step, ~6h58m left)
[step 39350/70000] loss=0.5656 lr=7.3e-06 (0.82s/step, ~6h58m left)
[step 39360/70000] loss=0.5730 lr=7.3e-06 (0.82s/step, ~6h57m left)
[step 39370/70000] loss=0.5856 lr=7.3e-06 (0.82s/step, ~6h57m left)
[step 39380/70000] loss=0.5708 lr=7.3e-06 (0.82s/step, ~6h58m left)
[step 39390/70000] loss=0.5783 lr=7.3e-06 (0.82s/step, ~6h58m left)
[step 39400/70000] loss=0.5744 lr=7.3e-06 (0.82s/step, ~6h58m left)
[step 39410/70000] loss=0.5900 lr=7.3e-06 (0.82s/step, ~6h59m left)
[step 39420/70000] loss=0.5853 lr=7.3e-06 (0.82s/step, ~6h58m left)
[step 39430/70000] loss=0.5677 lr=7.3e-06 (0.82s/step, ~6h58m left)
[step 39440/70000] loss=0.5694 lr=7.3e-06 (0.82s/step, ~6h57m left)
[step 39450/70000] loss=0.5669 lr=7.3e-06 (0.82s/step, ~6h57m left)
[step 39460/70000] loss=0.5858 lr=7.3e-06 (0.82s/step, ~6h57m left)
[step 39470/70000] loss=0.5697 lr=7.3e-06 (0.82s/step, ~6h56m left)
[step 39480/70000] loss=0.5779 lr=7.3e-06 (0.82s/step, ~6h58m left)
[step 39490/70000] loss=0.5771 lr=7.3e-06 (0.82s/step, ~6h58m left)
[step 39500/70000] loss=0.5648 lr=7.3e-06 (0.82s/step, ~6h57m left)
[step 39510/70000] loss=0.5737 lr=7.3e-06 (0.82s/step, ~6h56m left)
[step 39520/70000] loss=0.5692 lr=7.3e-06 (0.82s/step, ~6h57m left)
[step 39530/70000] loss=0.6114 lr=7.3e-06 (0.82s/step, ~6h57m left)
[step 39540/70000] loss=0.5762 lr=7.3e-06 (0.82s/step, ~6h56m left)
[step 39550/70000] loss=0.5766 lr=7.3e-06 (0.82s/step, ~6h56m left)
[step 39560/70000] loss=0.5675 lr=7.3e-06 (0.82s/step, ~6h56m left)
[step 39570/70000] loss=0.5709 lr=7.3e-06 (0.82s/step, ~6h57m left)
[step 39580/70000] loss=0.5813 lr=7.3e-06 (0.82s/step, ~6h55m left)
[step 39590/70000] loss=0.5832 lr=7.3e-06 (0.82s/step, ~6h53m left)
[step 39600/70000] loss=0.5626 lr=7.3e-06 (0.82s/step, ~6h53m left)
[step 39610/70000] loss=0.5906 lr=7.3e-06 (0.82s/step, ~6h54m left)
[step 39620/70000] loss=0.5761 lr=7.3e-06 (0.82s/step, ~6h54m left)
[step 39630/70000] loss=0.5902 lr=7.3e-06 (0.82s/step, ~6h53m left)
[step 39640/70000] loss=0.5792 lr=7.3e-06 (0.82s/step, ~6h53m left)
[step 39650/70000] loss=0.5741 lr=7.3e-06 (0.82s/step, ~6h53m left)
[step 39660/70000] loss=0.5913 lr=7.3e-06 (0.82s/step, ~6h54m left)
[step 39670/70000] loss=0.5666 lr=7.3e-06 (0.82s/step, ~6h53m left)
[step 39680/70000] loss=0.5742 lr=7.3e-06 (0.82s/step, ~6h54m left)
[step 39690/70000] loss=0.5721 lr=7.3e-06 (0.82s/step, ~6h53m left)
[step 39700/70000] loss=0.5728 lr=7.3e-06 (0.82s/step, ~6h54m left)
[step 39710/70000] loss=0.5722 lr=7.3e-06 (0.82s/step, ~6h54m left)
[step 39720/70000] loss=0.5831 lr=7.3e-06 (0.82s/step, ~6h54m left)
[step 39730/70000] loss=0.5952 lr=7.3e-06 (0.82s/step, ~6h54m left)
[step 39740/70000] loss=0.5704 lr=7.3e-06 (0.82s/step, ~6h54m left)
[step 39750/70000] loss=0.5950 lr=7.3e-06 (0.82s/step, ~6h54m left)
[step 39760/70000] loss=0.5816 lr=7.3e-06 (0.82s/step, ~6h54m left)
[step 39770/70000] loss=0.5797 lr=7.3e-06 (0.82s/step, ~6h51m left)
[step 39780/70000] loss=0.5758 lr=7.3e-06 (0.82s/step, ~6h51m left)
[step 39790/70000] loss=0.5762 lr=7.3e-06 (0.82s/step, ~6h51m left)
[step 39800/70000] loss=0.5837 lr=7.3e-06 (0.82s/step, ~6h52m left)
[step 39810/70000] loss=0.5808 lr=7.3e-06 (0.82s/step, ~6h54m left)
[step 39820/70000] loss=0.5935 lr=7.3e-06 (0.82s/step, ~6h52m left)
[step 39830/70000] loss=0.5908 lr=7.3e-06 (0.82s/step, ~6h50m left)
[step 39840/70000] loss=0.5820 lr=7.3e-06 (0.82s/step, ~6h49m left)
[step 39850/70000] loss=0.5734 lr=7.3e-06 (0.82s/step, ~6h50m left)
[step 39860/70000] loss=0.5875 lr=7.3e-06 (0.82s/step, ~6h50m left)
[step 39870/70000] loss=0.5832 lr=7.3e-06 (0.82s/step, ~6h49m left)
[step 39880/70000] loss=0.5938 lr=7.3e-06 (0.82s/step, ~6h49m left)
[step 39890/70000] loss=0.5809 lr=7.3e-06 (0.82s/step, ~6h49m left)
[step 39900/70000] loss=0.5685 lr=7.3e-06 (0.82s/step, ~6h50m left)
[step 39910/70000] loss=0.5707 lr=7.3e-06 (0.82s/step, ~6h50m left)
[step 39920/70000] loss=0.5833 lr=7.3e-06 (0.82s/step, ~6h50m left)
[step 39930/70000] loss=0.5946 lr=7.3e-06 (0.82s/step, ~6h50m left)
[step 39940/70000] loss=0.5808 lr=7.3e-06 (0.82s/step, ~6h50m left)
[step 39950/70000] loss=0.5808 lr=7.3e-06 (0.82s/step, ~6h49m left)
[step 39960/70000] loss=0.5812 lr=7.3e-06 (0.82s/step, ~6h50m left)
[step 39970/70000] loss=0.5917 lr=7.3e-06 (0.83s/step, ~6h53m left)
[step 39980/70000] loss=0.5756 lr=7.3e-06 (0.82s/step, ~6h48m left)
[step 39990/70000] loss=0.5849 lr=7.3e-06 (0.82s/step, ~6h48m left)
[lr decay @ step 40000] lr=6.56e-06
[step 40000/70000] loss=0.5768 lr=6.6e-06 (0.82s/step, ~6h52m left)
[eval @ step 40000] val_loss=0.5559 train_loss=0.5820
[saved] runs/finetune_001/step_0040000.pth
[step 40010/70000] loss=0.5903 lr=6.6e-06 (0.82s/step, ~6h50m left)
[step 40020/70000] loss=0.5772 lr=6.6e-06 (0.82s/step, ~6h50m left)
[step 40030/70000] loss=0.5911 lr=6.6e-06 (0.82s/step, ~6h50m left)
[step 40040/70000] loss=0.5632 lr=6.6e-06 (0.82s/step, ~6h49m left)
[step 40050/70000] loss=0.5845 lr=6.6e-06 (0.82s/step, ~6h50m left)
[step 40060/70000] loss=0.5817 lr=6.6e-06 (0.82s/step, ~6h49m left)
[step 40070/70000] loss=0.5789 lr=6.6e-06 (0.82s/step, ~6h48m left)
[step 40080/70000] loss=0.5694 lr=6.6e-06 (0.82s/step, ~6h48m left)
[step 40090/70000] loss=0.5766 lr=6.6e-06 (0.82s/step, ~6h48m left)
[step 40100/70000] loss=0.5746 lr=6.6e-06 (0.82s/step, ~6h47m left)
[step 40110/70000] loss=0.5791 lr=6.6e-06 (0.82s/step, ~6h47m left)
[step 40120/70000] loss=0.5956 lr=6.6e-06 (0.82s/step, ~6h47m left)
[step 40130/70000] loss=0.5740 lr=6.6e-06 (0.82s/step, ~6h48m left)
[step 40140/70000] loss=0.5786 lr=6.6e-06 (0.82s/step, ~6h48m left)
[step 40150/70000] loss=0.6040 lr=6.6e-06 (0.82s/step, ~6h49m left)
[step 40160/70000] loss=0.5921 lr=6.6e-06 (0.82s/step, ~6h48m left)
[step 40170/70000] loss=0.5579 lr=6.6e-06 (0.82s/step, ~6h49m left)
[step 40180/70000] loss=0.5681 lr=6.6e-06 (0.82s/step, ~6h48m left)
[step 40190/70000] loss=0.5823 lr=6.6e-06 (0.82s/step, ~6h47m left)
[step 40200/70000] loss=0.5782 lr=6.6e-06 (0.82s/step, ~6h46m left)
[step 40210/70000] loss=0.5754 lr=6.6e-06 (0.82s/step, ~6h49m left)
[step 40220/70000] loss=0.5779 lr=6.6e-06 (0.82s/step, ~6h45m left)
[step 40230/70000] loss=0.5799 lr=6.6e-06 (0.82s/step, ~6h45m left)
[step 40240/70000] loss=0.5868 lr=6.6e-06 (0.82s/step, ~6h45m left)
[step 40250/70000] loss=0.5739 lr=6.6e-06 (0.82s/step, ~6h44m left)
[step 40260/70000] loss=0.5855 lr=6.6e-06 (0.81s/step, ~6h43m left)
[step 40270/70000] loss=0.5706 lr=6.6e-06 (0.81s/step, ~6h43m left)
[step 40280/70000] loss=0.5823 lr=6.6e-06 (0.82s/step, ~6h44m left)
[step 40290/70000] loss=0.5623 lr=6.6e-06 (0.82s/step, ~6h44m left)
[step 40300/70000] loss=0.5782 lr=6.6e-06 (0.82s/step, ~6h43m left)
[step 40310/70000] loss=0.5883 lr=6.6e-06 (0.82s/step, ~6h44m left)
[step 40320/70000] loss=0.5916 lr=6.6e-06 (0.82s/step, ~6h44m left)
[step 40330/70000] loss=0.5855 lr=6.6e-06 (0.83s/step, ~6h48m left)
[step 40340/70000] loss=0.5736 lr=6.6e-06 (0.82s/step, ~6h45m left)
[step 40350/70000] loss=0.5684 lr=6.6e-06 (0.82s/step, ~6h45m left)
[step 40360/70000] loss=0.5703 lr=6.6e-06 (0.82s/step, ~6h46m left)
[step 40370/70000] loss=0.5841 lr=6.6e-06 (0.82s/step, ~6h45m left)
[step 40380/70000] loss=0.5622 lr=6.6e-06 (0.82s/step, ~6h44m left)
[step 40390/70000] loss=0.5685 lr=6.6e-06 (0.82s/step, ~6h45m left)
[step 40400/70000] loss=0.5855 lr=6.6e-06 (0.82s/step, ~6h45m left)
[step 40410/70000] loss=0.5797 lr=6.6e-06 (0.82s/step, ~6h45m left)
[step 40420/70000] loss=0.5946 lr=6.6e-06 (0.82s/step, ~6h44m left)
[step 40430/70000] loss=0.5726 lr=6.6e-06 (0.82s/step, ~6h44m left)
[step 40440/70000] loss=0.5815 lr=6.6e-06 (0.82s/step, ~6h44m left)
[step 40450/70000] loss=0.5829 lr=6.6e-06 (0.82s/step, ~6h43m left)
[step 40460/70000] loss=0.5704 lr=6.6e-06 (0.82s/step, ~6h44m left)
[step 40470/70000] loss=0.5828 lr=6.6e-06 (0.82s/step, ~6h43m left)
[step 40480/70000] loss=0.5827 lr=6.6e-06 (0.82s/step, ~6h44m left)
[step 40490/70000] loss=0.5957 lr=6.6e-06 (0.82s/step, ~6h43m left)
[step 40500/70000] loss=0.5854 lr=6.6e-06 (0.82s/step, ~6h44m left)
[step 40510/70000] loss=0.5861 lr=6.6e-06 (0.83s/step, ~6h45m left)
[step 40520/70000] loss=0.5793 lr=6.6e-06 (0.82s/step, ~6h42m left)
[step 40530/70000] loss=0.5885 lr=6.6e-06 (0.83s/step, ~6h45m left)
[step 40540/70000] loss=0.5621 lr=6.6e-06 (0.82s/step, ~6h44m left)
[step 40550/70000] loss=0.5664 lr=6.6e-06 (0.82s/step, ~6h44m left)
[step 40560/70000] loss=0.5891 lr=6.6e-06 (0.83s/step, ~6h46m left)
[step 40570/70000] loss=0.5678 lr=6.6e-06 (0.83s/step, ~6h45m left)
[step 40580/70000] loss=0.5753 lr=6.6e-06 (0.82s/step, ~6h44m left)
[step 40590/70000] loss=0.5799 lr=6.6e-06 (0.82s/step, ~6h44m left)
[step 40600/70000] loss=0.5720 lr=6.6e-06 (0.83s/step, ~6h45m left)
[step 40610/70000] loss=0.5680 lr=6.6e-06 (0.83s/step, ~6h44m left)
[step 40620/70000] loss=0.5840 lr=6.6e-06 (0.82s/step, ~6h41m left)
[step 40630/70000] loss=0.5888 lr=6.6e-06 (0.82s/step, ~6h39m left)
[step 40640/70000] loss=0.5729 lr=6.6e-06 (0.82s/step, ~6h39m left)
[step 40650/70000] loss=0.5958 lr=6.6e-06 (0.82s/step, ~6h41m left)
[step 40660/70000] loss=0.5807 lr=6.6e-06 (0.82s/step, ~6h40m left)
[step 40670/70000] loss=0.5885 lr=6.6e-06 (0.82s/step, ~6h39m left)
[step 40680/70000] loss=0.5797 lr=6.6e-06 (0.82s/step, ~6h41m left)
[step 40690/70000] loss=0.5603 lr=6.6e-06 (0.82s/step, ~6h42m left)
[step 40700/70000] loss=0.5934 lr=6.6e-06 (0.82s/step, ~6h38m left)
[step 40710/70000] loss=0.5836 lr=6.6e-06 (0.82s/step, ~6h38m left)
[step 40720/70000] loss=0.5768 lr=6.6e-06 (0.82s/step, ~6h38m left)
[step 40730/70000] loss=0.5682 lr=6.6e-06 (0.82s/step, ~6h40m left)
[step 40740/70000] loss=0.5833 lr=6.6e-06 (0.82s/step, ~6h39m left)
[step 40750/70000] loss=0.5786 lr=6.6e-06 (0.82s/step, ~6h41m left)
[step 40760/70000] loss=0.5600 lr=6.6e-06 (0.82s/step, ~6h40m left)
[step 40770/70000] loss=0.6007 lr=6.6e-06 (0.82s/step, ~6h39m left)
[step 40780/70000] loss=0.5892 lr=6.6e-06 (0.82s/step, ~6h38m left)
[step 40790/70000] loss=0.5911 lr=6.6e-06 (0.82s/step, ~6h38m left)
[step 40800/70000] loss=0.5905 lr=6.6e-06 (0.82s/step, ~6h40m left)
[step 40810/70000] loss=0.5771 lr=6.6e-06 (0.82s/step, ~6h39m left)
[step 40820/70000] loss=0.5695 lr=6.6e-06 (0.82s/step, ~6h39m left)
[step 40830/70000] loss=0.5689 lr=6.6e-06 (0.82s/step, ~6h41m left)
[step 40840/70000] loss=0.5676 lr=6.6e-06 (0.82s/step, ~6h39m left)
[step 40850/70000] loss=0.5740 lr=6.6e-06 (0.82s/step, ~6h38m left)
[step 40860/70000] loss=0.5928 lr=6.6e-06 (0.82s/step, ~6h37m left)
[step 40870/70000] loss=0.5920 lr=6.6e-06 (0.82s/step, ~6h37m left)
[step 40880/70000] loss=0.5917 lr=6.6e-06 (0.82s/step, ~6h37m left)
[step 40890/70000] loss=0.6085 lr=6.6e-06 (0.82s/step, ~6h36m left)
[step 40900/70000] loss=0.5750 lr=6.6e-06 (0.82s/step, ~6h38m left)
[step 40910/70000] loss=0.5765 lr=6.6e-06 (0.82s/step, ~6h39m left)
[step 40920/70000] loss=0.5865 lr=6.6e-06 (0.82s/step, ~6h38m left)
[step 40930/70000] loss=0.5692 lr=6.6e-06 (0.82s/step, ~6h38m left)
[step 40940/70000] loss=0.5715 lr=6.6e-06 (0.82s/step, ~6h39m left)
[step 40950/70000] loss=0.5838 lr=6.6e-06 (0.82s/step, ~6h37m left)
[step 40960/70000] loss=0.5786 lr=6.6e-06 (0.82s/step, ~6h36m left)
[step 40970/70000] loss=0.5781 lr=6.6e-06 (0.82s/step, ~6h36m left)
[step 40980/70000] loss=0.5675 lr=6.6e-06 (0.82s/step, ~6h38m left)
[step 40990/70000] loss=0.6065 lr=6.6e-06 (0.82s/step, ~6h35m left)
[step 41000/70000] loss=0.5825 lr=6.6e-06 (0.82s/step, ~6h34m left)
[step 41010/70000] loss=0.5902 lr=6.6e-06 (0.82s/step, ~6h35m left)
[step 41020/70000] loss=0.5870 lr=6.6e-06 (0.82s/step, ~6h38m left)
[step 41030/70000] loss=0.5849 lr=6.6e-06 (0.82s/step, ~6h37m left)
[step 41040/70000] loss=0.5896 lr=6.6e-06 (0.82s/step, ~6h35m left)
[step 41050/70000] loss=0.5894 lr=6.6e-06 (0.82s/step, ~6h35m left)
[step 41060/70000] loss=0.5842 lr=6.6e-06 (0.82s/step, ~6h37m left)
[step 41070/70000] loss=0.5631 lr=6.6e-06 (0.82s/step, ~6h34m left)
[step 41080/70000] loss=0.5679 lr=6.6e-06 (0.82s/step, ~6h34m left)
[step 41090/70000] loss=0.5671 lr=6.6e-06 (0.82s/step, ~6h36m left)
[step 41100/70000] loss=0.5781 lr=6.6e-06 (0.82s/step, ~6h35m left)
[step 41110/70000] loss=0.5752 lr=6.6e-06 (0.82s/step, ~6h34m left)
[step 41120/70000] loss=0.5735 lr=6.6e-06 (0.82s/step, ~6h33m left)
[step 41130/70000] loss=0.5863 lr=6.6e-06 (0.82s/step, ~6h35m left)
[step 41140/70000] loss=0.5706 lr=6.6e-06 (0.82s/step, ~6h33m left)
[step 41150/70000] loss=0.5829 lr=6.6e-06 (0.82s/step, ~6h33m left)
[step 41160/70000] loss=0.5826 lr=6.6e-06 (0.82s/step, ~6h33m left)
[step 41170/70000] loss=0.5815 lr=6.6e-06 (0.82s/step, ~6h33m left)
[step 41180/70000] loss=0.5844 lr=6.6e-06 (0.82s/step, ~6h33m left)
[step 41190/70000] loss=0.5689 lr=6.6e-06 (0.82s/step, ~6h36m left)
[step 41200/70000] loss=0.5775 lr=6.6e-06 (0.82s/step, ~6h35m left)
[step 41210/70000] loss=0.5890 lr=6.6e-06 (0.83s/step, ~6h37m left)
[step 41220/70000] loss=0.5796 lr=6.6e-06 (0.82s/step, ~6h34m left)
[step 41230/70000] loss=0.5726 lr=6.6e-06 (0.83s/step, ~6h36m left)
[step 41240/70000] loss=0.5921 lr=6.6e-06 (0.83s/step, ~6h36m left)
[step 41250/70000] loss=0.5840 lr=6.6e-06 (0.82s/step, ~6h33m left)
[step 41260/70000] loss=0.5871 lr=6.6e-06 (0.82s/step, ~6h33m left)
[step 41270/70000] loss=0.5652 lr=6.6e-06 (0.82s/step, ~6h34m left)
[step 41280/70000] loss=0.5639 lr=6.6e-06 (0.82s/step, ~6h33m left)
[step 41290/70000] loss=0.5890 lr=6.6e-06 (0.82s/step, ~6h32m left)
[step 41300/70000] loss=0.5942 lr=6.6e-06 (0.82s/step, ~6h33m left)
[step 41310/70000] loss=0.5675 lr=6.6e-06 (0.82s/step, ~6h32m left)
[step 41320/70000] loss=0.5827 lr=6.6e-06 (0.82s/step, ~6h32m left)
[step 41330/70000] loss=0.5728 lr=6.6e-06 (0.82s/step, ~6h31m left)
[step 41340/70000] loss=0.5707 lr=6.6e-06 (0.82s/step, ~6h31m left)
[step 41350/70000] loss=0.5715 lr=6.6e-06 (0.83s/step, ~6h34m left)
[step 41360/70000] loss=0.5733 lr=6.6e-06 (0.82s/step, ~6h33m left)
[step 41370/70000] loss=0.5918 lr=6.6e-06 (0.82s/step, ~6h32m left)
[step 41380/70000] loss=0.5604 lr=6.6e-06 (0.82s/step, ~6h33m left)
[step 41390/70000] loss=0.5752 lr=6.6e-06 (0.83s/step, ~6h33m left)
[step 41400/70000] loss=0.5681 lr=6.6e-06 (0.82s/step, ~6h30m left)
[step 41410/70000] loss=0.5752 lr=6.6e-06 (0.82s/step, ~6h30m left)
[step 41420/70000] loss=0.5764 lr=6.6e-06 (0.82s/step, ~6h30m left)
[step 41430/70000] loss=0.5943 lr=6.6e-06 (0.82s/step, ~6h32m left)
[step 41440/70000] loss=0.5929 lr=6.6e-06 (0.82s/step, ~6h30m left)
[step 41450/70000] loss=0.5729 lr=6.6e-06 (0.82s/step, ~6h31m left)
[step 41460/70000] loss=0.5771 lr=6.6e-06 (0.83s/step, ~6h33m left)
[step 41470/70000] loss=0.5679 lr=6.6e-06 (0.82s/step, ~6h31m left)
[step 41480/70000] loss=0.5852 lr=6.6e-06 (0.82s/step, ~6h30m left)
[step 41490/70000] loss=0.5671 lr=6.6e-06 (0.82s/step, ~6h30m left)
[step 41500/70000] loss=0.5914 lr=6.6e-06 (0.82s/step, ~6h30m left)
[step 41510/70000] loss=0.5864 lr=6.6e-06 (0.82s/step, ~6h30m left)
[step 41520/70000] loss=0.5777 lr=6.6e-06 (0.82s/step, ~6h29m left)
[step 41530/70000] loss=0.5659 lr=6.6e-06 (0.82s/step, ~6h29m left)
[step 41540/70000] loss=0.5838 lr=6.6e-06 (0.82s/step, ~6h30m left)
[step 41550/70000] loss=0.5746 lr=6.6e-06 (0.82s/step, ~6h29m left)
[step 41560/70000] loss=0.6037 lr=6.6e-06 (0.82s/step, ~6h29m left)
[step 41570/70000] loss=0.5800 lr=6.6e-06 (0.82s/step, ~6h30m left)
[step 41580/70000] loss=0.5677 lr=6.6e-06 (0.82s/step, ~6h28m left)
[step 41590/70000] loss=0.5668 lr=6.6e-06 (0.82s/step, ~6h29m left)
[step 41600/70000] loss=0.5849 lr=6.6e-06 (0.82s/step, ~6h28m left)
[step 41610/70000] loss=0.5785 lr=6.6e-06 (0.83s/step, ~6h31m left)
[step 41620/70000] loss=0.5893 lr=6.6e-06 (0.82s/step, ~6h28m left)
[step 41630/70000] loss=0.5773 lr=6.6e-06 (0.82s/step, ~6h27m left)
[step 41640/70000] loss=0.6036 lr=6.6e-06 (0.82s/step, ~6h28m left)
[step 41650/70000] loss=0.5957 lr=6.6e-06 (0.83s/step, ~6h31m left)
[step 41660/70000] loss=0.5815 lr=6.6e-06 (0.82s/step, ~6h28m left)
[step 41670/70000] loss=0.5788 lr=6.6e-06 (0.82s/step, ~6h26m left)
[step 41680/70000] loss=0.5738 lr=6.6e-06 (0.82s/step, ~6h27m left)
[step 41690/70000] loss=0.5608 lr=6.6e-06 (0.82s/step, ~6h26m left)
[step 41700/70000] loss=0.5669 lr=6.6e-06 (0.82s/step, ~6h25m left)
[step 41710/70000] loss=0.5689 lr=6.6e-06 (0.82s/step, ~6h27m left)
[step 41720/70000] loss=0.5806 lr=6.6e-06 (0.83s/step, ~6h29m left)
[step 41730/70000] loss=0.5663 lr=6.6e-06 (0.82s/step, ~6h26m left)
[step 41740/70000] loss=0.5717 lr=6.6e-06 (0.82s/step, ~6h26m left)
[step 41750/70000] loss=0.5926 lr=6.6e-06 (0.82s/step, ~6h25m left)
[step 41760/70000] loss=0.5704 lr=6.6e-06 (0.82s/step, ~6h28m left)
[step 41770/70000] loss=0.5840 lr=6.6e-06 (0.82s/step, ~6h25m left)
[step 41780/70000] loss=0.5926 lr=6.6e-06 (0.82s/step, ~6h25m left)
[step 41790/70000] loss=0.5848 lr=6.6e-06 (0.83s/step, ~6h28m left)
[step 41800/70000] loss=0.5890 lr=6.6e-06 (0.82s/step, ~6h27m left)
[step 41810/70000] loss=0.5888 lr=6.6e-06 (0.82s/step, ~6h26m left)
[step 41820/70000] loss=0.5911 lr=6.6e-06 (0.82s/step, ~6h25m left)
[step 41830/70000] loss=0.5842 lr=6.6e-06 (0.83s/step, ~6h28m left)
[step 41840/70000] loss=0.5730 lr=6.6e-06 (0.82s/step, ~6h25m left)
[step 41850/70000] loss=0.5578 lr=6.6e-06 (0.82s/step, ~6h25m left)
[step 41860/70000] loss=0.5739 lr=6.6e-06 (0.82s/step, ~6h25m left)
[step 41870/70000] loss=0.5831 lr=6.6e-06 (0.82s/step, ~6h26m left)
[step 41880/70000] loss=0.5862 lr=6.6e-06 (0.82s/step, ~6h25m left)
[step 41890/70000] loss=0.5758 lr=6.6e-06 (0.82s/step, ~6h25m left)
[step 41900/70000] loss=0.5782 lr=6.6e-06 (0.82s/step, ~6h26m left)
[step 41910/70000] loss=0.5653 lr=6.6e-06 (0.82s/step, ~6h24m left)
[step 41920/70000] loss=0.5878 lr=6.6e-06 (0.82s/step, ~6h24m left)
[step 41930/70000] loss=0.5962 lr=6.6e-06 (0.82s/step, ~6h23m left)
[step 41940/70000] loss=0.5830 lr=6.6e-06 (0.82s/step, ~6h25m left)
[step 41950/70000] loss=0.5778 lr=6.6e-06 (0.82s/step, ~6h22m left)
[step 41960/70000] loss=0.5776 lr=6.6e-06 (0.82s/step, ~6h22m left)
[step 41970/70000] loss=0.5930 lr=6.6e-06 (0.82s/step, ~6h22m left)
[step 41980/70000] loss=0.6019 lr=6.6e-06 (0.82s/step, ~6h23m left)
[step 41990/70000] loss=0.5629 lr=6.6e-06 (0.82s/step, ~6h22m left)
[step 42000/70000] loss=0.5714 lr=6.6e-06 (0.82s/step, ~6h23m left)
[step 42010/70000] loss=0.5821 lr=6.6e-06 (0.82s/step, ~6h23m left)
[step 42020/70000] loss=0.5695 lr=6.6e-06 (0.83s/step, ~6h25m left)
[step 42030/70000] loss=0.6155 lr=6.6e-06 (0.82s/step, ~6h22m left)
[step 42040/70000] loss=0.5852 lr=6.6e-06 (0.82s/step, ~6h22m left)
[step 42050/70000] loss=0.5706 lr=6.6e-06 (0.83s/step, ~6h24m left)
[step 42060/70000] loss=0.5841 lr=6.6e-06 (0.82s/step, ~6h24m left)
[step 42070/70000] loss=0.5829 lr=6.6e-06 (0.82s/step, ~6h21m left)
[step 42080/70000] loss=0.5853 lr=6.6e-06 (0.82s/step, ~6h21m left)
[step 42090/70000] loss=0.5737 lr=6.6e-06 (0.82s/step, ~6h23m left)
[step 42100/70000] loss=0.6026 lr=6.6e-06 (0.82s/step, ~6h21m left)
[step 42110/70000] loss=0.5666 lr=6.6e-06 (0.82s/step, ~6h22m left)
[step 42120/70000] loss=0.5843 lr=6.6e-06 (0.82s/step, ~6h22m left)
[step 42130/70000] loss=0.5766 lr=6.6e-06 (0.83s/step, ~6h24m left)
[step 42140/70000] loss=0.5866 lr=6.6e-06 (0.82s/step, ~6h21m left)
[step 42150/70000] loss=0.5641 lr=6.6e-06 (0.82s/step, ~6h20m left)
[step 42160/70000] loss=0.5809 lr=6.6e-06 (0.82s/step, ~6h21m left)
[step 42170/70000] loss=0.5777 lr=6.6e-06 (0.82s/step, ~6h19m left)
[step 42180/70000] loss=0.5655 lr=6.6e-06 (0.82s/step, ~6h19m left)
[step 42190/70000] loss=0.5960 lr=6.6e-06 (0.82s/step, ~6h18m left)
[step 42200/70000] loss=0.5626 lr=6.6e-06 (0.82s/step, ~6h21m left)
[step 42210/70000] loss=0.5654 lr=6.6e-06 (0.82s/step, ~6h20m left)
[step 42220/70000] loss=0.5767 lr=6.6e-06 (0.82s/step, ~6h21m left)
[step 42230/70000] loss=0.5816 lr=6.6e-06 (0.82s/step, ~6h21m left)
[step 42240/70000] loss=0.6137 lr=6.6e-06 (0.83s/step, ~6h22m left)
[step 42250/70000] loss=0.5736 lr=6.6e-06 (0.82s/step, ~6h19m left)
[step 42260/70000] loss=0.5843 lr=6.6e-06 (0.82s/step, ~6h20m left)
[step 42270/70000] loss=0.5789 lr=6.6e-06 (0.83s/step, ~6h21m left)
[step 42280/70000] loss=0.5890 lr=6.6e-06 (0.82s/step, ~6h19m left)
[step 42290/70000] loss=0.5593 lr=6.6e-06 (0.82s/step, ~6h17m left)
[step 42300/70000] loss=0.5950 lr=6.6e-06 (0.82s/step, ~6h18m left)
[step 42310/70000] loss=0.5718 lr=6.6e-06 (0.83s/step, ~6h20m left)
[step 42320/70000] loss=0.5979 lr=6.6e-06 (0.82s/step, ~6h19m left)
[step 42330/70000] loss=0.5666 lr=6.6e-06 (0.82s/step, ~6h18m left)
[step 42340/70000] loss=0.5845 lr=6.6e-06 (0.82s/step, ~6h17m left)
[step 42350/70000] loss=0.5717 lr=6.6e-06 (0.82s/step, ~6h18m left)
[step 42360/70000] loss=0.5670 lr=6.6e-06 (0.82s/step, ~6h16m left)
[step 42370/70000] loss=0.5691 lr=6.6e-06 (0.82s/step, ~6h16m left)
[step 42380/70000] loss=0.5996 lr=6.6e-06 (0.82s/step, ~6h16m left)
[step 42390/70000] loss=0.5910 lr=6.6e-06 (0.82s/step, ~6h16m left)
[step 42400/70000] loss=0.5729 lr=6.6e-06 (0.82s/step, ~6h15m left)
[step 42410/70000] loss=0.5806 lr=6.6e-06 (0.82s/step, ~6h16m left)
[step 42420/70000] loss=0.5842 lr=6.6e-06 (0.83s/step, ~6h19m left)
[step 42430/70000] loss=0.5834 lr=6.6e-06 (0.83s/step, ~6h19m left)
[step 42440/70000] loss=0.5658 lr=6.6e-06 (0.82s/step, ~6h16m left)
[step 42450/70000] loss=0.5840 lr=6.6e-06 (0.82s/step, ~6h14m left)
[step 42460/70000] loss=0.5720 lr=6.6e-06 (0.82s/step, ~6h16m left)
[step 42470/70000] loss=0.5764 lr=6.6e-06 (0.82s/step, ~6h15m left)
[step 42480/70000] loss=0.5651 lr=6.6e-06 (0.82s/step, ~6h15m left)
[step 42490/70000] loss=0.5845 lr=6.6e-06 (0.82s/step, ~6h15m left)
[step 42500/70000] loss=0.5776 lr=6.6e-06 (0.82s/step, ~6h17m left)
[eval @ step 42500] val_loss=0.5559 train_loss=0.5751
[saved] runs/finetune_001/step_0042500.pth
[step 42510/70000] loss=0.5708 lr=6.6e-06 (0.82s/step, ~6h14m left)
[step 42520/70000] loss=0.5930 lr=6.6e-06 (0.82s/step, ~6h17m left)
[step 42530/70000] loss=0.5860 lr=6.6e-06 (0.82s/step, ~6h15m left)
[step 42540/70000] loss=0.5996 lr=6.6e-06 (0.82s/step, ~6h16m left)
[step 42550/70000] loss=0.5800 lr=6.6e-06 (0.82s/step, ~6h15m left)
[step 42560/70000] loss=0.5681 lr=6.6e-06 (0.83s/step, ~6h17m left)
[step 42570/70000] loss=0.5751 lr=6.6e-06 (0.82s/step, ~6h14m left)
[step 42580/70000] loss=0.5847 lr=6.6e-06 (0.82s/step, ~6h14m left)
[step 42590/70000] loss=0.5800 lr=6.6e-06 (0.82s/step, ~6h14m left)
[step 42600/70000] loss=0.5780 lr=6.6e-06 (0.82s/step, ~6h15m left)
[step 42610/70000] loss=0.5766 lr=6.6e-06 (0.82s/step, ~6h13m left)
[step 42620/70000] loss=0.5825 lr=6.6e-06 (0.82s/step, ~6h13m left)
[step 42630/70000] loss=0.5781 lr=6.6e-06 (0.82s/step, ~6h14m left)
[step 42640/70000] loss=0.5837 lr=6.6e-06 (0.82s/step, ~6h13m left)
[step 42650/70000] loss=0.5819 lr=6.6e-06 (0.82s/step, ~6h14m left)
[step 42660/70000] loss=0.5779 lr=6.6e-06 (0.82s/step, ~6h11m left)
[step 42670/70000] loss=0.5718 lr=6.6e-06 (0.82s/step, ~6h14m left)
[step 42680/70000] loss=0.5809 lr=6.6e-06 (0.82s/step, ~6h14m left)
[step 42690/70000] loss=0.5743 lr=6.6e-06 (0.82s/step, ~6h14m left)
[step 42700/70000] loss=0.5785 lr=6.6e-06 (0.82s/step, ~6h14m left)
[step 42710/70000] loss=0.5735 lr=6.6e-06 (0.82s/step, ~6h14m left)
[step 42720/70000] loss=0.5990 lr=6.6e-06 (0.82s/step, ~6h14m left)
[step 42730/70000] loss=0.5934 lr=6.6e-06 (0.82s/step, ~6h13m left)
[step 42740/70000] loss=0.5927 lr=6.6e-06 (0.82s/step, ~6h14m left)
[step 42750/70000] loss=0.5790 lr=6.6e-06 (0.82s/step, ~6h12m left)
[step 42760/70000] loss=0.5678 lr=6.6e-06 (0.82s/step, ~6h12m left)
[step 42770/70000] loss=0.5665 lr=6.6e-06 (0.82s/step, ~6h11m left)
[step 42780/70000] loss=0.5780 lr=6.6e-06 (0.83s/step, ~6h14m left)
[step 42790/70000] loss=0.6028 lr=6.6e-06 (0.82s/step, ~6h12m left)
[step 42800/70000] loss=0.5894 lr=6.6e-06 (0.82s/step, ~6h11m left)
[step 42810/70000] loss=0.5786 lr=6.6e-06 (0.82s/step, ~6h12m left)
[step 42820/70000] loss=0.5741 lr=6.6e-06 (0.82s/step, ~6h13m left)
[step 42830/70000] loss=0.5852 lr=6.6e-06 (0.82s/step, ~6h11m left)
[step 42840/70000] loss=0.5736 lr=6.6e-06 (0.82s/step, ~6h11m left)
[step 42850/70000] loss=0.5740 lr=6.6e-06 (0.82s/step, ~6h12m left)
[step 42860/70000] loss=0.6036 lr=6.6e-06 (0.82s/step, ~6h11m left)
[step 42870/70000] loss=0.5696 lr=6.6e-06 (0.82s/step, ~6h10m left)
[step 42880/70000] loss=0.5870 lr=6.6e-06 (0.82s/step, ~6h11m left)
[step 42890/70000] loss=0.5611 lr=6.6e-06 (0.82s/step, ~6h10m left)
[step 42900/70000] loss=0.5745 lr=6.6e-06 (0.82s/step, ~6h08m left)
[step 42910/70000] loss=0.5812 lr=6.6e-06 (0.82s/step, ~6h09m left)
[step 42920/70000] loss=0.5811 lr=6.6e-06 (0.82s/step, ~6h10m left)
[step 42930/70000] loss=0.5720 lr=6.6e-06 (0.82s/step, ~6h09m left)
[step 42940/70000] loss=0.5745 lr=6.6e-06 (0.82s/step, ~6h08m left)
[step 42950/70000] loss=0.5725 lr=6.6e-06 (0.81s/step, ~6h07m left)
[step 42960/70000] loss=0.5852 lr=6.6e-06 (0.82s/step, ~6h11m left)
[step 42970/70000] loss=0.5807 lr=6.6e-06 (0.82s/step, ~6h09m left)
[step 42980/70000] loss=0.5819 lr=6.6e-06 (0.81s/step, ~6h07m left)
[step 42990/70000] loss=0.5831 lr=6.6e-06 (0.82s/step, ~6h06m left)
[step 43000/70000] loss=0.5635 lr=6.6e-06 (0.82s/step, ~6h09m left)
[step 43010/70000] loss=0.5681 lr=6.6e-06 (0.82s/step, ~6h09m left)
[step 43020/70000] loss=0.5652 lr=6.6e-06 (0.82s/step, ~6h09m left)
[step 43030/70000] loss=0.5638 lr=6.6e-06 (0.82s/step, ~6h08m left)
[step 43040/70000] loss=0.5635 lr=6.6e-06 (0.82s/step, ~6h08m left)
[step 43050/70000] loss=0.5739 lr=6.6e-06 (0.82s/step, ~6h07m left)
[step 43060/70000] loss=0.5868 lr=6.6e-06 (0.82s/step, ~6h07m left)
[step 43070/70000] loss=0.5812 lr=6.6e-06 (0.82s/step, ~6h07m left)
[step 43080/70000] loss=0.5790 lr=6.6e-06 (0.82s/step, ~6h05m left)
[step 43090/70000] loss=0.5746 lr=6.6e-06 (0.81s/step, ~6h04m left)
[step 43100/70000] loss=0.5794 lr=6.6e-06 (0.81s/step, ~6h04m left)
[step 43110/70000] loss=0.5796 lr=6.6e-06 (0.82s/step, ~6h06m left)
[step 43120/70000] loss=0.5877 lr=6.6e-06 (0.81s/step, ~6h04m left)
[step 43130/70000] loss=0.5755 lr=6.6e-06 (0.82s/step, ~6h05m left)
[step 43140/70000] loss=0.5719 lr=6.6e-06 (0.82s/step, ~6h05m left)
[step 43150/70000] loss=0.6063 lr=6.6e-06 (0.82s/step, ~6h07m left)
[step 43160/70000] loss=0.5893 lr=6.6e-06 (0.82s/step, ~6h08m left)
[step 43170/70000] loss=0.5846 lr=6.6e-06 (0.82s/step, ~6h04m left)
[step 43180/70000] loss=0.5869 lr=6.6e-06 (0.82s/step, ~6h06m left)
[step 43190/70000] loss=0.5878 lr=6.6e-06 (0.82s/step, ~6h05m left)
[step 43200/70000] loss=0.5615 lr=6.6e-06 (0.82s/step, ~6h06m left)
[step 43210/70000] loss=0.5819 lr=6.6e-06 (0.82s/step, ~6h07m left)
[step 43220/70000] loss=0.5761 lr=6.6e-06 (0.82s/step, ~6h07m left)
[step 43230/70000] loss=0.5753 lr=6.6e-06 (0.82s/step, ~6h06m left)
[step 43240/70000] loss=0.5689 lr=6.6e-06 (0.82s/step, ~6h05m left)
[step 43250/70000] loss=0.5669 lr=6.6e-06 (0.82s/step, ~6h05m left)
[step 43260/70000] loss=0.5682 lr=6.6e-06 (0.82s/step, ~6h07m left)
[step 43270/70000] loss=0.5710 lr=6.6e-06 (0.82s/step, ~6h04m left)
[step 43280/70000] loss=0.5711 lr=6.6e-06 (0.82s/step, ~6h04m left)
[step 43290/70000] loss=0.5800 lr=6.6e-06 (0.82s/step, ~6h03m left)
[step 43300/70000] loss=0.5715 lr=6.6e-06 (0.82s/step, ~6h03m left)
[step 43310/70000] loss=0.5691 lr=6.6e-06 (0.82s/step, ~6h02m left)
[step 43320/70000] loss=0.5786 lr=6.6e-06 (0.82s/step, ~6h04m left)
[step 43330/70000] loss=0.5801 lr=6.6e-06 (0.82s/step, ~6h04m left)
[step 43340/70000] loss=0.5894 lr=6.6e-06 (0.82s/step, ~6h03m left)
[step 43350/70000] loss=0.5704 lr=6.6e-06 (0.82s/step, ~6h05m left)
[step 43360/70000] loss=0.5888 lr=6.6e-06 (0.82s/step, ~6h03m left)
[step 43370/70000] loss=0.6074 lr=6.6e-06 (0.82s/step, ~6h04m left)
[step 43380/70000] loss=0.5760 lr=6.6e-06 (0.82s/step, ~6h03m left)
[step 43390/70000] loss=0.5718 lr=6.6e-06 (0.82s/step, ~6h02m left)
[step 43400/70000] loss=0.5889 lr=6.6e-06 (0.82s/step, ~6h02m left)
[step 43410/70000] loss=0.5656 lr=6.6e-06 (0.82s/step, ~6h04m left)
[step 43420/70000] loss=0.5783 lr=6.6e-06 (0.82s/step, ~6h02m left)
[step 43430/70000] loss=0.5744 lr=6.6e-06 (0.82s/step, ~6h03m left)
[step 43440/70000] loss=0.5701 lr=6.6e-06 (0.82s/step, ~6h04m left)
[step 43450/70000] loss=0.5785 lr=6.6e-06 (0.82s/step, ~6h03m left)
[step 43460/70000] loss=0.5907 lr=6.6e-06 (0.82s/step, ~6h02m left)
[step 43470/70000] loss=0.5794 lr=6.6e-06 (0.82s/step, ~6h02m left)
[step 43480/70000] loss=0.5645 lr=6.6e-06 (0.82s/step, ~6h03m left)
[step 43490/70000] loss=0.5747 lr=6.6e-06 (0.82s/step, ~6h00m left)
[step 43500/70000] loss=0.5718 lr=6.6e-06 (0.82s/step, ~6h02m left)
[step 43510/70000] loss=0.5743 lr=6.6e-06 (0.82s/step, ~6h01m left)
[step 43520/70000] loss=0.5923 lr=6.6e-06 (0.82s/step, ~6h02m left)
[step 43530/70000] loss=0.5753 lr=6.6e-06 (0.82s/step, ~5h59m left)
[step 43540/70000] loss=0.5646 lr=6.6e-06 (0.81s/step, ~5h59m left)
[step 43550/70000] loss=0.5982 lr=6.6e-06 (0.81s/step, ~5h58m left)
[step 43560/70000] loss=0.5799 lr=6.6e-06 (0.82s/step, ~5h59m left)
[step 43570/70000] loss=0.5644 lr=6.6e-06 (0.81s/step, ~5h58m left)
[step 43580/70000] loss=0.5757 lr=6.6e-06 (0.81s/step, ~5h57m left)
[step 43590/70000] loss=0.6008 lr=6.6e-06 (0.82s/step, ~5h59m left)
[step 43600/70000] loss=0.5913 lr=6.6e-06 (0.82s/step, ~5h59m left)
[step 43610/70000] loss=0.5819 lr=6.6e-06 (0.81s/step, ~5h58m left)
[step 43620/70000] loss=0.5812 lr=6.6e-06 (0.82s/step, ~6h00m left)
[step 43630/70000] loss=0.5700 lr=6.6e-06 (0.82s/step, ~6h00m left)
[step 43640/70000] loss=0.5855 lr=6.6e-06 (0.82s/step, ~6h00m left)
[step 43650/70000] loss=0.5680 lr=6.6e-06 (0.82s/step, ~5h59m left)
[step 43660/70000] loss=0.5703 lr=6.6e-06 (0.82s/step, ~5h58m left)
[step 43670/70000] loss=0.5952 lr=6.6e-06 (0.82s/step, ~5h59m left)
[step 43680/70000] loss=0.5850 lr=6.6e-06 (0.81s/step, ~5h57m left)
[step 43690/70000] loss=0.5742 lr=6.6e-06 (0.82s/step, ~5h59m left)
[step 43700/70000] loss=0.5886 lr=6.6e-06 (0.81s/step, ~5h56m left)
[step 43710/70000] loss=0.5803 lr=6.6e-06 (0.82s/step, ~5h57m left)
[step 43720/70000] loss=0.5743 lr=6.6e-06 (0.82s/step, ~6h00m left)
[step 43730/70000] loss=0.5831 lr=6.6e-06 (0.82s/step, ~5h59m left)
[step 43740/70000] loss=0.5894 lr=6.6e-06 (0.82s/step, ~6h00m left)
[step 43750/70000] loss=0.5793 lr=6.6e-06 (0.82s/step, ~5h57m left)
[step 43760/70000] loss=0.5831 lr=6.6e-06 (0.82s/step, ~5h56m left)
[step 43770/70000] loss=0.5885 lr=6.6e-06 (0.82s/step, ~5h56m left)
[step 43780/70000] loss=0.5840 lr=6.6e-06 (0.82s/step, ~5h56m left)
[step 43790/70000] loss=0.5714 lr=6.6e-06 (0.82s/step, ~5h56m left)
[step 43800/70000] loss=0.5694 lr=6.6e-06 (0.82s/step, ~5h56m left)
[step 43810/70000] loss=0.5645 lr=6.6e-06 (0.82s/step, ~5h56m left)
[step 43820/70000] loss=0.5847 lr=6.6e-06 (0.82s/step, ~5h57m left)
[step 43830/70000] loss=0.5634 lr=6.6e-06 (0.81s/step, ~5h55m left)
[step 43840/70000] loss=0.5713 lr=6.6e-06 (0.81s/step, ~5h54m left)
[step 43850/70000] loss=0.5662 lr=6.6e-06 (0.81s/step, ~5h53m left)
[step 43860/70000] loss=0.5801 lr=6.6e-06 (0.81s/step, ~5h54m left)
[step 43870/70000] loss=0.5935 lr=6.6e-06 (0.81s/step, ~5h52m left)
[step 43880/70000] loss=0.5673 lr=6.6e-06 (0.81s/step, ~5h52m left)
[step 43890/70000] loss=0.5747 lr=6.6e-06 (0.81s/step, ~5h53m left)
[step 43900/70000] loss=0.5765 lr=6.6e-06 (0.81s/step, ~5h52m left)
[step 43910/70000] loss=0.5699 lr=6.6e-06 (0.81s/step, ~5h53m left)
[step 43920/70000] loss=0.5877 lr=6.6e-06 (0.82s/step, ~5h55m left)
[step 43930/70000] loss=0.5846 lr=6.6e-06 (0.82s/step, ~5h56m left)
[step 43940/70000] loss=0.5811 lr=6.6e-06 (0.82s/step, ~5h54m left)
[step 43950/70000] loss=0.5748 lr=6.6e-06 (0.82s/step, ~5h56m left)
[step 43960/70000] loss=0.5864 lr=6.6e-06 (0.82s/step, ~5h55m left)
[step 43970/70000] loss=0.5748 lr=6.6e-06 (0.82s/step, ~5h55m left)
[step 43980/70000] loss=0.5736 lr=6.6e-06 (0.82s/step, ~5h53m left)
[step 43990/70000] loss=0.5597 lr=6.6e-06 (0.82s/step, ~5h54m left)
[step 44000/70000] loss=0.5709 lr=6.6e-06 (0.82s/step, ~5h54m left)
[step 44010/70000] loss=0.5660 lr=6.6e-06 (0.82s/step, ~5h55m left)
[step 44020/70000] loss=0.5731 lr=6.6e-06 (0.82s/step, ~5h54m left)
[step 44030/70000] loss=0.6007 lr=6.6e-06 (0.82s/step, ~5h55m left)
[step 44040/70000] loss=0.5726 lr=6.6e-06 (0.82s/step, ~5h55m left)
[step 44050/70000] loss=0.5970 lr=6.6e-06 (0.82s/step, ~5h56m left)
[step 44060/70000] loss=0.5764 lr=6.6e-06 (0.82s/step, ~5h55m left)
[step 44070/70000] loss=0.5983 lr=6.6e-06 (0.82s/step, ~5h53m left)
[step 44080/70000] loss=0.5781 lr=6.6e-06 (0.82s/step, ~5h55m left)
[step 44090/70000] loss=0.6022 lr=6.6e-06 (0.82s/step, ~5h55m left)
[step 44100/70000] loss=0.5853 lr=6.6e-06 (0.82s/step, ~5h54m left)
[step 44110/70000] loss=0.5941 lr=6.6e-06 (0.82s/step, ~5h53m left)
[step 44120/70000] loss=0.5669 lr=6.6e-06 (0.82s/step, ~5h54m left)
[step 44130/70000] loss=0.5890 lr=6.6e-06 (0.82s/step, ~5h52m left)
[step 44140/70000] loss=0.5619 lr=6.6e-06 (0.81s/step, ~5h51m left)
[step 44150/70000] loss=0.5861 lr=6.6e-06 (0.82s/step, ~5h51m left)
[step 44160/70000] loss=0.5817 lr=6.6e-06 (0.82s/step, ~5h52m left)
[step 44170/70000] loss=0.5975 lr=6.6e-06 (0.82s/step, ~5h52m left)
[step 44180/70000] loss=0.5833 lr=6.6e-06 (0.82s/step, ~5h51m left)
[step 44190/70000] loss=0.5619 lr=6.6e-06 (0.82s/step, ~5h52m left)
[step 44200/70000] loss=0.5710 lr=6.6e-06 (0.82s/step, ~5h51m left)
[step 44210/70000] loss=0.5854 lr=6.6e-06 (0.82s/step, ~5h51m left)
[step 44220/70000] loss=0.5793 lr=6.6e-06 (0.82s/step, ~5h52m left)
[step 44230/70000] loss=0.5972 lr=6.6e-06 (0.82s/step, ~5h52m left)
[step 44240/70000] loss=0.5946 lr=6.6e-06 (0.82s/step, ~5h52m left)
[step 44250/70000] loss=0.5800 lr=6.6e-06 (0.82s/step, ~5h52m left)
[step 44260/70000] loss=0.5682 lr=6.6e-06 (0.82s/step, ~5h52m left)
[step 44270/70000] loss=0.5921 lr=6.6e-06 (0.82s/step, ~5h52m left)
[step 44280/70000] loss=0.5676 lr=6.6e-06 (0.82s/step, ~5h51m left)
[step 44290/70000] loss=0.5853 lr=6.6e-06 (0.82s/step, ~5h51m left)
[step 44300/70000] loss=0.5711 lr=6.6e-06 (0.82s/step, ~5h51m left)
[step 44310/70000] loss=0.5782 lr=6.6e-06 (0.82s/step, ~5h50m left)
[step 44320/70000] loss=0.5748 lr=6.6e-06 (0.82s/step, ~5h51m left)
[step 44330/70000] loss=0.5990 lr=6.6e-06 (0.82s/step, ~5h50m left)
[step 44340/70000] loss=0.5723 lr=6.6e-06 (0.82s/step, ~5h51m left)
[step 44350/70000] loss=0.5875 lr=6.6e-06 (0.81s/step, ~5h48m left)
[step 44360/70000] loss=0.5674 lr=6.6e-06 (0.82s/step, ~5h48m left)
[step 44370/70000] loss=0.5870 lr=6.6e-06 (0.82s/step, ~5h49m left)
[step 44380/70000] loss=0.5720 lr=6.6e-06 (0.82s/step, ~5h50m left)
[step 44390/70000] loss=0.5810 lr=6.6e-06 (0.82s/step, ~5h50m left)
[step 44400/70000] loss=0.5727 lr=6.6e-06 (0.82s/step, ~5h50m left)
[step 44410/70000] loss=0.5856 lr=6.6e-06 (0.82s/step, ~5h49m left)
[step 44420/70000] loss=0.5802 lr=6.6e-06 (0.82s/step, ~5h49m left)
[step 44430/70000] loss=0.5716 lr=6.6e-06 (0.82s/step, ~5h48m left)
[step 44440/70000] loss=0.5979 lr=6.6e-06 (0.82s/step, ~5h49m left)
[step 44450/70000] loss=0.6122 lr=6.6e-06 (0.82s/step, ~5h49m left)
[step 44460/70000] loss=0.5896 lr=6.6e-06 (0.82s/step, ~5h48m left)
[step 44470/70000] loss=0.5820 lr=6.6e-06 (0.82s/step, ~5h50m left)
[step 44480/70000] loss=0.5807 lr=6.6e-06 (0.82s/step, ~5h48m left)
[step 44490/70000] loss=0.5765 lr=6.6e-06 (0.82s/step, ~5h49m left)
[step 44500/70000] loss=0.5983 lr=6.6e-06 (0.82s/step, ~5h48m left)
[step 44510/70000] loss=0.5740 lr=6.6e-06 (0.82s/step, ~5h48m left)
[step 44520/70000] loss=0.5994 lr=6.6e-06 (0.82s/step, ~5h47m left)
[step 44530/70000] loss=0.5713 lr=6.6e-06 (0.82s/step, ~5h48m left)
[step 44540/70000] loss=0.5840 lr=6.6e-06 (0.82s/step, ~5h46m left)
[step 44550/70000] loss=0.5996 lr=6.6e-06 (0.81s/step, ~5h45m left)
[step 44560/70000] loss=0.5611 lr=6.6e-06 (0.82s/step, ~5h46m left)
[step 44570/70000] loss=0.5765 lr=6.6e-06 (0.82s/step, ~5h49m left)
[step 44580/70000] loss=0.5916 lr=6.6e-06 (0.82s/step, ~5h47m left)
[step 44590/70000] loss=0.5987 lr=6.6e-06 (0.82s/step, ~5h47m left)
[step 44600/70000] loss=0.5705 lr=6.6e-06 (0.82s/step, ~5h47m left)
[step 44610/70000] loss=0.5735 lr=6.6e-06 (0.82s/step, ~5h46m left)
[step 44620/70000] loss=0.5731 lr=6.6e-06 (0.81s/step, ~5h44m left)
[step 44630/70000] loss=0.5714 lr=6.6e-06 (0.82s/step, ~5h45m left)
[step 44640/70000] loss=0.5866 lr=6.6e-06 (0.82s/step, ~5h45m left)
[step 44650/70000] loss=0.5776 lr=6.6e-06 (0.81s/step, ~5h44m left)
[step 44660/70000] loss=0.5678 lr=6.6e-06 (0.82s/step, ~5h46m left)
[step 44670/70000] loss=0.5937 lr=6.6e-06 (0.82s/step, ~5h44m left)
[step 44680/70000] loss=0.5659 lr=6.6e-06 (0.82s/step, ~5h45m left)
[step 44690/70000] loss=0.6020 lr=6.6e-06 (0.82s/step, ~5h45m left)
[step 44700/70000] loss=0.5891 lr=6.6e-06 (0.82s/step, ~5h45m left)
[step 44710/70000] loss=0.5722 lr=6.6e-06 (0.82s/step, ~5h44m left)
[step 44720/70000] loss=0.5593 lr=6.6e-06 (0.82s/step, ~5h45m left)
[step 44730/70000] loss=0.5796 lr=6.6e-06 (0.82s/step, ~5h44m left)
[step 44740/70000] loss=0.5818 lr=6.6e-06 (0.82s/step, ~5h44m left)
[step 44750/70000] loss=0.5751 lr=6.6e-06 (0.82s/step, ~5h45m left)
[step 44760/70000] loss=0.5659 lr=6.6e-06 (0.82s/step, ~5h43m left)
[step 44770/70000] loss=0.5777 lr=6.6e-06 (0.82s/step, ~5h44m left)
[step 44780/70000] loss=0.5751 lr=6.6e-06 (0.82s/step, ~5h43m left)
[step 44790/70000] loss=0.5708 lr=6.6e-06 (0.82s/step, ~5h44m left)
[step 44800/70000] loss=0.5794 lr=6.6e-06 (0.82s/step, ~5h43m left)
[step 44810/70000] loss=0.5934 lr=6.6e-06 (0.82s/step, ~5h42m left)
[step 44820/70000] loss=0.5734 lr=6.6e-06 (0.82s/step, ~5h42m left)
[step 44830/70000] loss=0.5732 lr=6.6e-06 (0.82s/step, ~5h42m left)
[step 44840/70000] loss=0.5936 lr=6.6e-06 (0.82s/step, ~5h42m left)
[step 44850/70000] loss=0.5860 lr=6.6e-06 (0.82s/step, ~5h42m left)
[step 44860/70000] loss=0.5766 lr=6.6e-06 (0.82s/step, ~5h43m left)
[step 44870/70000] loss=0.5844 lr=6.6e-06 (0.82s/step, ~5h42m left)
[step 44880/70000] loss=0.5752 lr=6.6e-06 (0.82s/step, ~5h42m left)
[step 44890/70000] loss=0.5658 lr=6.6e-06 (0.82s/step, ~5h42m left)
[step 44900/70000] loss=0.5987 lr=6.6e-06 (0.82s/step, ~5h42m left)
[step 44910/70000] loss=0.5661 lr=6.6e-06 (0.82s/step, ~5h42m left)
[step 44920/70000] loss=0.5648 lr=6.6e-06 (0.82s/step, ~5h41m left)
[step 44930/70000] loss=0.5706 lr=6.6e-06 (0.82s/step, ~5h40m left)
[step 44940/70000] loss=0.5787 lr=6.6e-06 (0.82s/step, ~5h41m left)
[step 44950/70000] loss=0.5683 lr=6.6e-06 (0.82s/step, ~5h41m left)
[step 44960/70000] loss=0.5725 lr=6.6e-06 (0.81s/step, ~5h39m left)
[step 44970/70000] loss=0.5775 lr=6.6e-06 (0.81s/step, ~5h38m left)
[step 44980/70000] loss=0.5841 lr=6.6e-06 (0.82s/step, ~5h40m left)
[step 44990/70000] loss=0.5692 lr=6.6e-06 (0.82s/step, ~5h40m left)
[step 45000/70000] loss=0.5653 lr=6.6e-06 (0.81s/step, ~5h39m left)
[eval @ step 45000] val_loss=0.5559 train_loss=0.5737
[saved] runs/finetune_001/step_0045000.pth
[step 45010/70000] loss=0.5808 lr=6.6e-06 (0.81s/step, ~5h39m left)
[step 45020/70000] loss=0.5733 lr=6.6e-06 (0.82s/step, ~5h40m left)
[step 45030/70000] loss=0.5750 lr=6.6e-06 (0.82s/step, ~5h39m left)
[step 45040/70000] loss=0.5989 lr=6.6e-06 (0.82s/step, ~5h40m left)
[step 45050/70000] loss=0.5638 lr=6.6e-06 (0.82s/step, ~5h39m left)
[step 45060/70000] loss=0.5767 lr=6.6e-06 (0.82s/step, ~5h39m left)
[step 45070/70000] loss=0.5739 lr=6.6e-06 (0.82s/step, ~5h38m left)
[step 45080/70000] loss=0.5956 lr=6.6e-06 (0.82s/step, ~5h40m left)
[step 45090/70000] loss=0.5930 lr=6.6e-06 (0.82s/step, ~5h40m left)
[step 45100/70000] loss=0.5718 lr=6.6e-06 (0.82s/step, ~5h42m left)
[step 45110/70000] loss=0.5753 lr=6.6e-06 (0.82s/step, ~5h40m left)
[step 45120/70000] loss=0.5693 lr=6.6e-06 (0.83s/step, ~5h42m left)
[step 45130/70000] loss=0.5836 lr=6.6e-06 (0.82s/step, ~5h39m left)
[step 45140/70000] loss=0.5798 lr=6.6e-06 (0.82s/step, ~5h40m left)
[step 45150/70000] loss=0.5757 lr=6.6e-06 (0.82s/step, ~5h41m left)
[step 45160/70000] loss=0.5807 lr=6.6e-06 (0.82s/step, ~5h39m left)
[step 45170/70000] loss=0.5909 lr=6.6e-06 (0.82s/step, ~5h39m left)
[step 45180/70000] loss=0.5760 lr=6.6e-06 (0.82s/step, ~5h38m left)
[step 45190/70000] loss=0.5692 lr=6.6e-06 (0.82s/step, ~5h39m left)
[step 45200/70000] loss=0.5767 lr=6.6e-06 (0.82s/step, ~5h38m left)
[step 45210/70000] loss=0.5727 lr=6.6e-06 (0.82s/step, ~5h38m left)
[step 45220/70000] loss=0.5791 lr=6.6e-06 (0.82s/step, ~5h40m left)
[step 45230/70000] loss=0.5574 lr=6.6e-06 (0.83s/step, ~5h42m left)
[step 45240/70000] loss=0.6033 lr=6.6e-06 (0.82s/step, ~5h40m left)
[step 45250/70000] loss=0.5819 lr=6.6e-06 (0.82s/step, ~5h38m left)
[step 45260/70000] loss=0.5833 lr=6.6e-06 (0.82s/step, ~5h38m left)
[step 45270/70000] loss=0.5796 lr=6.6e-06 (0.82s/step, ~5h39m left)
[step 45280/70000] loss=0.5931 lr=6.6e-06 (0.82s/step, ~5h38m left)
[step 45290/70000] loss=0.5716 lr=6.6e-06 (0.82s/step, ~5h38m left)
[step 45300/70000] loss=0.5818 lr=6.6e-06 (0.83s/step, ~5h39m left)
[step 45310/70000] loss=0.5557 lr=6.6e-06 (0.82s/step, ~5h37m left)
[step 45320/70000] loss=0.5921 lr=6.6e-06 (0.82s/step, ~5h36m left)
[step 45330/70000] loss=0.5965 lr=6.6e-06 (0.82s/step, ~5h37m left)
[step 45340/70000] loss=0.5950 lr=6.6e-06 (0.82s/step, ~5h37m left)
[step 45350/70000] loss=0.5788 lr=6.6e-06 (0.82s/step, ~5h36m left)
[step 45360/70000] loss=0.5908 lr=6.6e-06 (0.82s/step, ~5h34m left)
[step 45370/70000] loss=0.5650 lr=6.6e-06 (0.82s/step, ~5h34m left)
[step 45380/70000] loss=0.5780 lr=6.6e-06 (0.82s/step, ~5h35m left)
[step 45390/70000] loss=0.5609 lr=6.6e-06 (0.82s/step, ~5h34m left)
[step 45400/70000] loss=0.5883 lr=6.6e-06 (0.81s/step, ~5h33m left)
[step 45410/70000] loss=0.5948 lr=6.6e-06 (0.82s/step, ~5h34m left)
[step 45420/70000] loss=0.5748 lr=6.6e-06 (0.82s/step, ~5h35m left)
[step 45430/70000] loss=0.5896 lr=6.6e-06 (0.81s/step, ~5h32m left)
[step 45440/70000] loss=0.5675 lr=6.6e-06 (0.82s/step, ~5h34m left)
[step 45450/70000] loss=0.6020 lr=6.6e-06 (0.82s/step, ~5h37m left)
[step 45460/70000] loss=0.5626 lr=6.6e-06 (0.82s/step, ~5h37m left)
[step 45470/70000] loss=0.5853 lr=6.6e-06 (0.82s/step, ~5h36m left)
[step 45480/70000] loss=0.5712 lr=6.6e-06 (0.82s/step, ~5h36m left)
[step 45490/70000] loss=0.5737 lr=6.6e-06 (0.82s/step, ~5h36m left)
[step 45500/70000] loss=0.5740 lr=6.6e-06 (0.82s/step, ~5h35m left)
[step 45510/70000] loss=0.5756 lr=6.6e-06 (0.82s/step, ~5h33m left)
[step 45520/70000] loss=0.5940 lr=6.6e-06 (0.82s/step, ~5h32m left)
[step 45530/70000] loss=0.5745 lr=6.6e-06 (0.82s/step, ~5h34m left)
[step 45540/70000] loss=0.5914 lr=6.6e-06 (0.82s/step, ~5h34m left)
[step 45550/70000] loss=0.5669 lr=6.6e-06 (0.82s/step, ~5h34m left)
[step 45560/70000] loss=0.5673 lr=6.6e-06 (0.82s/step, ~5h35m left)
[step 45570/70000] loss=0.5679 lr=6.6e-06 (0.82s/step, ~5h34m left)
[step 45580/70000] loss=0.5734 lr=6.6e-06 (0.82s/step, ~5h34m left)
[step 45590/70000] loss=0.5717 lr=6.6e-06 (0.82s/step, ~5h33m left)
[step 45600/70000] loss=0.5702 lr=6.6e-06 (0.82s/step, ~5h34m left)
[step 45610/70000] loss=0.5885 lr=6.6e-06 (0.82s/step, ~5h33m left)
[step 45620/70000] loss=0.5685 lr=6.6e-06 (0.82s/step, ~5h32m left)
[step 45630/70000] loss=0.5846 lr=6.6e-06 (0.82s/step, ~5h31m left)
[step 45640/70000] loss=0.5706 lr=6.6e-06 (0.82s/step, ~5h34m left)
[step 45650/70000] loss=0.5910 lr=6.6e-06 (0.82s/step, ~5h33m left)
[step 45660/70000] loss=0.6092 lr=6.6e-06 (0.82s/step, ~5h32m left)
[step 45670/70000] loss=0.5967 lr=6.6e-06 (0.82s/step, ~5h33m left)
[step 45680/70000] loss=0.5712 lr=6.6e-06 (0.82s/step, ~5h33m left)
[step 45690/70000] loss=0.5766 lr=6.6e-06 (0.82s/step, ~5h32m left)
[step 45700/70000] loss=0.5740 lr=6.6e-06 (0.82s/step, ~5h33m left)
[step 45710/70000] loss=0.5812 lr=6.6e-06 (0.82s/step, ~5h33m left)
[step 45720/70000] loss=0.5865 lr=6.6e-06 (0.82s/step, ~5h31m left)
[step 45730/70000] loss=0.5729 lr=6.6e-06 (0.82s/step, ~5h32m left)
[step 45740/70000] loss=0.5690 lr=6.6e-06 (0.82s/step, ~5h31m left)
[step 45750/70000] loss=0.5698 lr=6.6e-06 (0.82s/step, ~5h32m left)
[step 45760/70000] loss=0.6049 lr=6.6e-06 (0.82s/step, ~5h30m left)
[step 45770/70000] loss=0.5774 lr=6.6e-06 (0.82s/step, ~5h30m left)
[step 45780/70000] loss=0.5933 lr=6.6e-06 (0.82s/step, ~5h30m left)
[step 45790/70000] loss=0.5786 lr=6.6e-06 (0.82s/step, ~5h31m left)
[step 45800/70000] loss=0.5603 lr=6.6e-06 (0.82s/step, ~5h30m left)
[step 45810/70000] loss=0.5814 lr=6.6e-06 (0.82s/step, ~5h29m left)
[step 45820/70000] loss=0.5676 lr=6.6e-06 (0.82s/step, ~5h29m left)
[step 45830/70000] loss=0.5859 lr=6.6e-06 (0.82s/step, ~5h29m left)
[step 45840/70000] loss=0.5721 lr=6.6e-06 (0.82s/step, ~5h30m left)
[step 45850/70000] loss=0.6004 lr=6.6e-06 (0.82s/step, ~5h31m left)
[step 45860/70000] loss=0.5619 lr=6.6e-06 (0.82s/step, ~5h31m left)
[step 45870/70000] loss=0.5781 lr=6.6e-06 (0.82s/step, ~5h29m left)
[step 45880/70000] loss=0.5799 lr=6.6e-06 (0.82s/step, ~5h28m left)
[step 45890/70000] loss=0.5786 lr=6.6e-06 (0.82s/step, ~5h28m left)
[step 45900/70000] loss=0.5782 lr=6.6e-06 (0.82s/step, ~5h29m left)
[step 45910/70000] loss=0.5810 lr=6.6e-06 (0.82s/step, ~5h29m left)
[step 45920/70000] loss=0.5797 lr=6.6e-06 (0.82s/step, ~5h27m left)
[step 45930/70000] loss=0.5682 lr=6.6e-06 (0.82s/step, ~5h26m left)
[step 45940/70000] loss=0.5716 lr=6.6e-06 (0.82s/step, ~5h28m left)
[step 45950/70000] loss=0.5847 lr=6.6e-06 (0.82s/step, ~5h27m left)
[step 45960/70000] loss=0.5997 lr=6.6e-06 (0.82s/step, ~5h26m left)
[step 45970/70000] loss=0.5836 lr=6.6e-06 (0.82s/step, ~5h27m left)
[step 45980/70000] loss=0.5932 lr=6.6e-06 (0.82s/step, ~5h27m left)
[step 45990/70000] loss=0.5933 lr=6.6e-06 (0.82s/step, ~5h28m left)
[step 46000/70000] loss=0.5958 lr=6.6e-06 (0.82s/step, ~5h27m left)
[step 46010/70000] loss=0.5692 lr=6.6e-06 (0.82s/step, ~5h27m left)
[step 46020/70000] loss=0.5554 lr=6.6e-06 (0.82s/step, ~5h26m left)
[step 46030/70000] loss=0.6005 lr=6.6e-06 (0.82s/step, ~5h28m left)
[step 46040/70000] loss=0.5952 lr=6.6e-06 (0.82s/step, ~5h26m left)
[step 46050/70000] loss=0.5748 lr=6.6e-06 (0.82s/step, ~5h28m left)
[step 46060/70000] loss=0.5682 lr=6.6e-06 (0.82s/step, ~5h25m left)
[step 46070/70000] loss=0.5787 lr=6.6e-06 (0.82s/step, ~5h25m left)
[step 46080/70000] loss=0.5618 lr=6.6e-06 (0.82s/step, ~5h25m left)
[step 46090/70000] loss=0.5747 lr=6.6e-06 (0.82s/step, ~5h25m left)
[step 46100/70000] loss=0.5888 lr=6.6e-06 (0.81s/step, ~5h23m left)
[step 46110/70000] loss=0.5832 lr=6.6e-06 (0.82s/step, ~5h25m left)
[step 46120/70000] loss=0.5598 lr=6.6e-06 (0.82s/step, ~5h27m left)
[step 46130/70000] loss=0.5791 lr=6.6e-06 (0.82s/step, ~5h27m left)
[step 46140/70000] loss=0.5867 lr=6.6e-06 (0.82s/step, ~5h25m left)
[step 46150/70000] loss=0.6044 lr=6.6e-06 (0.82s/step, ~5h24m left)
[step 46160/70000] loss=0.5651 lr=6.6e-06 (0.82s/step, ~5h26m left)
[step 46170/70000] loss=0.5737 lr=6.6e-06 (0.82s/step, ~5h24m left)
[step 46180/70000] loss=0.5816 lr=6.6e-06 (0.82s/step, ~5h26m left)
[step 46190/70000] loss=0.5797 lr=6.6e-06 (0.82s/step, ~5h26m left)
[step 46200/70000] loss=0.5783 lr=6.6e-06 (0.82s/step, ~5h26m left)
[step 46210/70000] loss=0.5788 lr=6.6e-06 (0.82s/step, ~5h25m left)
[step 46220/70000] loss=0.5859 lr=6.6e-06 (0.82s/step, ~5h23m left)
[step 46230/70000] loss=0.5804 lr=6.6e-06 (0.82s/step, ~5h23m left)
[step 46240/70000] loss=0.5881 lr=6.6e-06 (0.82s/step, ~5h25m left)
[step 46250/70000] loss=0.5793 lr=6.6e-06 (0.82s/step, ~5h25m left)
[step 46260/70000] loss=0.5899 lr=6.6e-06 (0.82s/step, ~5h24m left)
[step 46270/70000] loss=0.5724 lr=6.6e-06 (0.82s/step, ~5h24m left)
[step 46280/70000] loss=0.5691 lr=6.6e-06 (0.82s/step, ~5h25m left)
[step 46290/70000] loss=0.5875 lr=6.6e-06 (0.82s/step, ~5h23m left)
[step 46300/70000] loss=0.5725 lr=6.6e-06 (0.81s/step, ~5h21m left)
[step 46310/70000] loss=0.5719 lr=6.6e-06 (0.82s/step, ~5h23m left)
[step 46320/70000] loss=0.5806 lr=6.6e-06 (0.82s/step, ~5h23m left)
[step 46330/70000] loss=0.5758 lr=6.6e-06 (0.82s/step, ~5h24m left)
[step 46340/70000] loss=0.5691 lr=6.6e-06 (0.82s/step, ~5h24m left)
[step 46350/70000] loss=0.5911 lr=6.6e-06 (0.82s/step, ~5h24m left)
[step 46360/70000] loss=0.5766 lr=6.6e-06 (0.82s/step, ~5h23m left)
[step 46370/70000] loss=0.5771 lr=6.6e-06 (0.82s/step, ~5h21m left)
[step 46380/70000] loss=0.5736 lr=6.6e-06 (0.82s/step, ~5h22m left)
[step 46390/70000] loss=0.5687 lr=6.6e-06 (0.82s/step, ~5h22m left)
[step 46400/70000] loss=0.5692 lr=6.6e-06 (0.82s/step, ~5h21m left)
[step 46410/70000] loss=0.5709 lr=6.6e-06 (0.82s/step, ~5h22m left)
[step 46420/70000] loss=0.5951 lr=6.6e-06 (0.82s/step, ~5h23m left)
[step 46430/70000] loss=0.5728 lr=6.6e-06 (0.82s/step, ~5h21m left)
[step 46440/70000] loss=0.5874 lr=6.6e-06 (0.82s/step, ~5h21m left)
[step 46450/70000] loss=0.5736 lr=6.6e-06 (0.81s/step, ~5h19m left)
[step 46460/70000] loss=0.5666 lr=6.6e-06 (0.82s/step, ~5h19m left)
[step 46470/70000] loss=0.5679 lr=6.6e-06 (0.82s/step, ~5h19m left)
[step 46480/70000] loss=0.5940 lr=6.6e-06 (0.81s/step, ~5h19m left)
[step 46490/70000] loss=0.5819 lr=6.6e-06 (0.81s/step, ~5h18m left)
[step 46500/70000] loss=0.5724 lr=6.6e-06 (0.82s/step, ~5h19m left)
[step 46510/70000] loss=0.5858 lr=6.6e-06 (0.82s/step, ~5h20m left)
[step 46520/70000] loss=0.5664 lr=6.6e-06 (0.82s/step, ~5h22m left)
[step 46530/70000] loss=0.5754 lr=6.6e-06 (0.83s/step, ~5h25m left)
[step 46540/70000] loss=0.5840 lr=6.6e-06 (0.82s/step, ~5h22m left)
[step 46550/70000] loss=0.5729 lr=6.6e-06 (0.82s/step, ~5h21m left)
[step 46560/70000] loss=0.5716 lr=6.6e-06 (0.82s/step, ~5h22m left)
[step 46570/70000] loss=0.5759 lr=6.6e-06 (0.83s/step, ~5h22m left)
[step 46580/70000] loss=0.5849 lr=6.6e-06 (0.82s/step, ~5h20m left)
[step 46590/70000] loss=0.5661 lr=6.6e-06 (0.82s/step, ~5h20m left)
[step 46600/70000] loss=0.5821 lr=6.6e-06 (0.82s/step, ~5h21m left)
[step 46610/70000] loss=0.5793 lr=6.6e-06 (0.82s/step, ~5h21m left)
[step 46620/70000] loss=0.5782 lr=6.6e-06 (0.82s/step, ~5h19m left)
[step 46630/70000] loss=0.5663 lr=6.6e-06 (0.82s/step, ~5h20m left)
[step 46640/70000] loss=0.5662 lr=6.6e-06 (0.83s/step, ~5h21m left)
[step 46650/70000] loss=0.5601 lr=6.6e-06 (0.82s/step, ~5h19m left)
[step 46660/70000] loss=0.5777 lr=6.6e-06 (0.82s/step, ~5h18m left)
[step 46670/70000] loss=0.5823 lr=6.6e-06 (0.82s/step, ~5h18m left)
[step 46680/70000] loss=0.5800 lr=6.6e-06 (0.82s/step, ~5h19m left)
[step 46690/70000] loss=0.5788 lr=6.6e-06 (0.82s/step, ~5h19m left)
[step 46700/70000] loss=0.5708 lr=6.6e-06 (0.82s/step, ~5h18m left)
[step 46710/70000] loss=0.5872 lr=6.6e-06 (0.82s/step, ~5h18m left)
[step 46720/70000] loss=0.5893 lr=6.6e-06 (0.83s/step, ~5h20m left)
[step 46730/70000] loss=0.5803 lr=6.6e-06 (0.82s/step, ~5h19m left)
[step 46740/70000] loss=0.5903 lr=6.6e-06 (0.82s/step, ~5h17m left)
[step 46750/70000] loss=0.5909 lr=6.6e-06 (0.82s/step, ~5h17m left)
[step 46760/70000] loss=0.5791 lr=6.6e-06 (0.82s/step, ~5h16m left)
[step 46770/70000] loss=0.5648 lr=6.6e-06 (0.82s/step, ~5h17m left)
[step 46780/70000] loss=0.5760 lr=6.6e-06 (0.82s/step, ~5h17m left)
[step 46790/70000] loss=0.5689 lr=6.6e-06 (0.82s/step, ~5h18m left)
[step 46800/70000] loss=0.5804 lr=6.6e-06 (0.82s/step, ~5h16m left)
[step 46810/70000] loss=0.5578 lr=6.6e-06 (0.82s/step, ~5h16m left)
[step 46820/70000] loss=0.5695 lr=6.6e-06 (0.82s/step, ~5h17m left)
[step 46830/70000] loss=0.5857 lr=6.6e-06 (0.82s/step, ~5h17m left)
[step 46840/70000] loss=0.5703 lr=6.6e-06 (0.82s/step, ~5h16m left)
[step 46850/70000] loss=0.5780 lr=6.6e-06 (0.82s/step, ~5h16m left)
[step 46860/70000] loss=0.5902 lr=6.6e-06 (0.82s/step, ~5h16m left)
[step 46870/70000] loss=0.5799 lr=6.6e-06 (0.82s/step, ~5h15m left)
[step 46880/70000] loss=0.5954 lr=6.6e-06 (0.82s/step, ~5h15m left)
[step 46890/70000] loss=0.5635 lr=6.6e-06 (0.82s/step, ~5h15m left)
[step 46900/70000] loss=0.5765 lr=6.6e-06 (0.82s/step, ~5h15m left)
[step 46910/70000] loss=0.5847 lr=6.6e-06 (0.82s/step, ~5h15m left)
[step 46920/70000] loss=0.5676 lr=6.6e-06 (0.82s/step, ~5h14m left)
[step 46930/70000] loss=0.5671 lr=6.6e-06 (0.82s/step, ~5h15m left)
[step 46940/70000] loss=0.5751 lr=6.6e-06 (0.82s/step, ~5h16m left)
[step 46950/70000] loss=0.5836 lr=6.6e-06 (0.82s/step, ~5h14m left)
[step 46960/70000] loss=0.5734 lr=6.6e-06 (0.82s/step, ~5h15m left)
[step 46970/70000] loss=0.5838 lr=6.6e-06 (0.83s/step, ~5h17m left)
[step 46980/70000] loss=0.5679 lr=6.6e-06 (0.82s/step, ~5h16m left)
[step 46990/70000] loss=0.5691 lr=6.6e-06 (0.82s/step, ~5h14m left)
[step 47000/70000] loss=0.5708 lr=6.6e-06 (0.82s/step, ~5h15m left)
[step 47010/70000] loss=0.5965 lr=6.6e-06 (0.83s/step, ~5h18m left)
[step 47020/70000] loss=0.5825 lr=6.6e-06 (0.82s/step, ~5h15m left)
[step 47030/70000] loss=0.5963 lr=6.6e-06 (0.82s/step, ~5h13m left)
[step 47040/70000] loss=0.5830 lr=6.6e-06 (0.82s/step, ~5h12m left)
[step 47050/70000] loss=0.5669 lr=6.6e-06 (0.82s/step, ~5h15m left)
[step 47060/70000] loss=0.5748 lr=6.6e-06 (0.82s/step, ~5h13m left)
[step 47070/70000] loss=0.5813 lr=6.6e-06 (0.82s/step, ~5h13m left)
[step 47080/70000] loss=0.5807 lr=6.6e-06 (0.82s/step, ~5h14m left)
[step 47090/70000] loss=0.5715 lr=6.6e-06 (0.82s/step, ~5h12m left)
[step 47100/70000] loss=0.5877 lr=6.6e-06 (0.82s/step, ~5h11m left)
[step 47110/70000] loss=0.5757 lr=6.6e-06 (0.82s/step, ~5h11m left)
[step 47120/70000] loss=0.5877 lr=6.6e-06 (0.82s/step, ~5h12m left)
[step 47130/70000] loss=0.5703 lr=6.6e-06 (0.82s/step, ~5h12m left)
[step 47140/70000] loss=0.5917 lr=6.6e-06 (0.82s/step, ~5h11m left)
[step 47150/70000] loss=0.5544 lr=6.6e-06 (0.82s/step, ~5h11m left)
[step 47160/70000] loss=0.5821 lr=6.6e-06 (0.82s/step, ~5h12m left)
[step 47170/70000] loss=0.5964 lr=6.6e-06 (0.82s/step, ~5h10m left)
[step 47180/70000] loss=0.5929 lr=6.6e-06 (0.82s/step, ~5h10m left)
[step 47190/70000] loss=0.5789 lr=6.6e-06 (0.82s/step, ~5h10m left)
[step 47200/70000] loss=0.5723 lr=6.6e-06 (0.82s/step, ~5h12m left)
[step 47210/70000] loss=0.5780 lr=6.6e-06 (0.82s/step, ~5h11m left)
[step 47220/70000] loss=0.5814 lr=6.6e-06 (0.82s/step, ~5h10m left)
[step 47230/70000] loss=0.5752 lr=6.6e-06 (0.82s/step, ~5h12m left)
[step 47240/70000] loss=0.5724 lr=6.6e-06 (0.82s/step, ~5h10m left)
[step 47250/70000] loss=0.6067 lr=6.6e-06 (0.82s/step, ~5h11m left)
[step 47260/70000] loss=0.5753 lr=6.6e-06 (0.82s/step, ~5h10m left)
[step 47270/70000] loss=0.5802 lr=6.6e-06 (0.82s/step, ~5h11m left)
[step 47280/70000] loss=0.5817 lr=6.6e-06 (0.82s/step, ~5h09m left)
[step 47290/70000] loss=0.6086 lr=6.6e-06 (0.82s/step, ~5h09m left)
[step 47300/70000] loss=0.5910 lr=6.6e-06 (0.82s/step, ~5h10m left)
[step 47310/70000] loss=0.5712 lr=6.6e-06 (0.82s/step, ~5h10m left)
[step 47320/70000] loss=0.5705 lr=6.6e-06 (0.82s/step, ~5h09m left)
[step 47330/70000] loss=0.5697 lr=6.6e-06 (0.81s/step, ~5h07m left)
[step 47340/70000] loss=0.5955 lr=6.6e-06 (0.82s/step, ~5h08m left)
[step 47350/70000] loss=0.5771 lr=6.6e-06 (0.82s/step, ~5h10m left)
[step 47360/70000] loss=0.5871 lr=6.6e-06 (0.82s/step, ~5h08m left)
[step 47370/70000] loss=0.5771 lr=6.6e-06 (0.82s/step, ~5h09m left)
[step 47380/70000] loss=0.5774 lr=6.6e-06 (0.82s/step, ~5h09m left)
[step 47390/70000] loss=0.5674 lr=6.6e-06 (0.82s/step, ~5h08m left)
[step 47400/70000] loss=0.5860 lr=6.6e-06 (0.82s/step, ~5h09m left)
[step 47410/70000] loss=0.5942 lr=6.6e-06 (0.82s/step, ~5h07m left)
[step 47420/70000] loss=0.5718 lr=6.6e-06 (0.82s/step, ~5h09m left)
[step 47430/70000] loss=0.5806 lr=6.6e-06 (0.82s/step, ~5h08m left)
[step 47440/70000] loss=0.5863 lr=6.6e-06 (0.82s/step, ~5h07m left)
[step 47450/70000] loss=0.5880 lr=6.6e-06 (0.82s/step, ~5h07m left)
[step 47460/70000] loss=0.5829 lr=6.6e-06 (0.82s/step, ~5h08m left)
[step 47470/70000] loss=0.5795 lr=6.6e-06 (0.82s/step, ~5h07m left)
[step 47480/70000] loss=0.5896 lr=6.6e-06 (0.82s/step, ~5h08m left)
[step 47490/70000] loss=0.5715 lr=6.6e-06 (0.83s/step, ~5h09m left)
[step 47500/70000] loss=0.5740 lr=6.6e-06 (0.82s/step, ~5h07m left)
[eval @ step 47500] val_loss=0.5564 train_loss=0.5795
[saved] runs/finetune_001/step_0047500.pth
[step 47510/70000] loss=0.5771 lr=6.6e-06 (0.82s/step, ~5h08m left)
[step 47520/70000] loss=0.5870 lr=6.6e-06 (0.82s/step, ~5h08m left)
[step 47530/70000] loss=0.5577 lr=6.6e-06 (0.82s/step, ~5h06m left)
[step 47540/70000] loss=0.5795 lr=6.6e-06 (0.82s/step, ~5h06m left)
[step 47550/70000] loss=0.5606 lr=6.6e-06 (0.82s/step, ~5h06m left)
[step 47560/70000] loss=0.5783 lr=6.6e-06 (0.82s/step, ~5h07m left)
[step 47570/70000] loss=0.5652 lr=6.6e-06 (0.82s/step, ~5h06m left)
[step 47580/70000] loss=0.5762 lr=6.6e-06 (0.82s/step, ~5h06m left)
[step 47590/70000] loss=0.5716 lr=6.6e-06 (0.82s/step, ~5h07m left)
[step 47600/70000] loss=0.5744 lr=6.6e-06 (0.82s/step, ~5h05m left)
[step 47610/70000] loss=0.5901 lr=6.6e-06 (0.82s/step, ~5h05m left)
[step 47620/70000] loss=0.5877 lr=6.6e-06 (0.82s/step, ~5h05m left)
[step 47630/70000] loss=0.5769 lr=6.6e-06 (0.82s/step, ~5h06m left)
[step 47640/70000] loss=0.5942 lr=6.6e-06 (0.82s/step, ~5h04m left)
[step 47650/70000] loss=0.5815 lr=6.6e-06 (0.82s/step, ~5h05m left)
[step 47660/70000] loss=0.5649 lr=6.6e-06 (0.82s/step, ~5h05m left)
[step 47670/70000] loss=0.5859 lr=6.6e-06 (0.82s/step, ~5h05m left)
[step 47680/70000] loss=0.5714 lr=6.6e-06 (0.82s/step, ~5h04m left)
[step 47690/70000] loss=0.5792 lr=6.6e-06 (0.82s/step, ~5h03m left)
[step 47700/70000] loss=0.5793 lr=6.6e-06 (0.81s/step, ~5h02m left)
[step 47710/70000] loss=0.5828 lr=6.6e-06 (0.82s/step, ~5h03m left)
[step 47720/70000] loss=0.5787 lr=6.6e-06 (0.81s/step, ~5h02m left)
[step 47730/70000] loss=0.5975 lr=6.6e-06 (0.82s/step, ~5h03m left)
[step 47740/70000] loss=0.5842 lr=6.6e-06 (0.82s/step, ~5h04m left)
[step 47750/70000] loss=0.5713 lr=6.6e-06 (0.81s/step, ~5h01m left)
[step 47760/70000] loss=0.5693 lr=6.6e-06 (0.81s/step, ~5h01m left)
[step 47770/70000] loss=0.5798 lr=6.6e-06 (0.81s/step, ~5h01m left)
[step 47780/70000] loss=0.5726 lr=6.6e-06 (0.82s/step, ~5h02m left)
[step 47790/70000] loss=0.5756 lr=6.6e-06 (0.82s/step, ~5h03m left)
[step 47800/70000] loss=0.5908 lr=6.6e-06 (0.82s/step, ~5h01m left)
[step 47810/70000] loss=0.5668 lr=6.6e-06 (0.82s/step, ~5h01m left)
[step 47820/70000] loss=0.5918 lr=6.6e-06 (0.82s/step, ~5h03m left)
[step 47830/70000] loss=0.5839 lr=6.6e-06 (0.82s/step, ~5h01m left)
[step 47840/70000] loss=0.5962 lr=6.6e-06 (0.82s/step, ~5h02m left)
[step 47850/70000] loss=0.5824 lr=6.6e-06 (0.82s/step, ~5h03m left)
[step 47860/70000] loss=0.5778 lr=6.6e-06 (0.82s/step, ~5h02m left)
[step 47870/70000] loss=0.5711 lr=6.6e-06 (0.82s/step, ~5h01m left)
[step 47880/70000] loss=0.5617 lr=6.6e-06 (0.82s/step, ~5h01m left)
[step 47890/70000] loss=0.5663 lr=6.6e-06 (0.82s/step, ~5h02m left)
[step 47900/70000] loss=0.5749 lr=6.6e-06 (0.81s/step, ~4h59m left)
[step 47910/70000] loss=0.5850 lr=6.6e-06 (0.82s/step, ~5h00m left)
[step 47920/70000] loss=0.5807 lr=6.6e-06 (0.82s/step, ~5h01m left)
[step 47930/70000] loss=0.5830 lr=6.6e-06 (0.82s/step, ~5h01m left)
[step 47940/70000] loss=0.5934 lr=6.6e-06 (0.82s/step, ~5h00m left)
[step 47950/70000] loss=0.5909 lr=6.6e-06 (0.82s/step, ~5h00m left)
[step 47960/70000] loss=0.5844 lr=6.6e-06 (0.82s/step, ~5h01m left)
[step 47970/70000] loss=0.5949 lr=6.6e-06 (0.82s/step, ~5h02m left)
[step 47980/70000] loss=0.5793 lr=6.6e-06 (0.82s/step, ~5h00m left)
[step 47990/70000] loss=0.5736 lr=6.6e-06 (0.82s/step, ~5h01m left)
[step 48000/70000] loss=0.5834 lr=6.6e-06 (0.82s/step, ~5h02m left)
[step 48010/70000] loss=0.5878 lr=6.6e-06 (0.82s/step, ~5h00m left)
[step 48020/70000] loss=0.5847 lr=6.6e-06 (0.82s/step, ~5h00m left)
[step 48030/70000] loss=0.5697 lr=6.6e-06 (0.82s/step, ~5h00m left)
[step 48040/70000] loss=0.5960 lr=6.6e-06 (0.82s/step, ~5h00m left)
[step 48050/70000] loss=0.5733 lr=6.6e-06 (0.82s/step, ~4h58m left)
[step 48060/70000] loss=0.5753 lr=6.6e-06 (0.82s/step, ~4h58m left)
[step 48070/70000] loss=0.5831 lr=6.6e-06 (0.82s/step, ~4h59m left)
[step 48080/70000] loss=0.5870 lr=6.6e-06 (0.82s/step, ~5h00m left)
[step 48090/70000] loss=0.5634 lr=6.6e-06 (0.82s/step, ~4h58m left)
[step 48100/70000] loss=0.5867 lr=6.6e-06 (0.82s/step, ~4h57m left)
[step 48110/70000] loss=0.5915 lr=6.6e-06 (0.82s/step, ~4h58m left)
[step 48120/70000] loss=0.5852 lr=6.6e-06 (0.82s/step, ~4h58m left)
[step 48130/70000] loss=0.5906 lr=6.6e-06 (0.82s/step, ~4h58m left)
[step 48140/70000] loss=0.5766 lr=6.6e-06 (0.82s/step, ~4h58m left)
[step 48150/70000] loss=0.5650 lr=6.6e-06 (0.82s/step, ~4h59m left)
[step 48160/70000] loss=0.5712 lr=6.6e-06 (0.82s/step, ~4h57m left)
[step 48170/70000] loss=0.5703 lr=6.6e-06 (0.81s/step, ~4h56m left)
[step 48180/70000] loss=0.5706 lr=6.6e-06 (0.82s/step, ~4h57m left)
[step 48190/70000] loss=0.5754 lr=6.6e-06 (0.82s/step, ~4h58m left)
[step 48200/70000] loss=0.5789 lr=6.6e-06 (0.82s/step, ~4h57m left)
[step 48210/70000] loss=0.5865 lr=6.6e-06 (0.82s/step, ~4h57m left)
[step 48220/70000] loss=0.5649 lr=6.6e-06 (0.82s/step, ~4h57m left)
[step 48230/70000] loss=0.5855 lr=6.6e-06 (0.82s/step, ~4h58m left)
[step 48240/70000] loss=0.5687 lr=6.6e-06 (0.82s/step, ~4h56m left)
[step 48250/70000] loss=0.5744 lr=6.6e-06 (0.82s/step, ~4h56m left)
[step 48260/70000] loss=0.5708 lr=6.6e-06 (0.82s/step, ~4h58m left)
[step 48270/70000] loss=0.5669 lr=6.6e-06 (0.82s/step, ~4h55m left)
[step 48280/70000] loss=0.5958 lr=6.6e-06 (0.82s/step, ~4h56m left)
[step 48290/70000] loss=0.5862 lr=6.6e-06 (0.82s/step, ~4h56m left)
[step 48300/70000] loss=0.5828 lr=6.6e-06 (0.82s/step, ~4h57m left)
[step 48310/70000] loss=0.5759 lr=6.6e-06 (0.82s/step, ~4h54m left)
[step 48320/70000] loss=0.5832 lr=6.6e-06 (0.82s/step, ~4h54m left)
[step 48330/70000] loss=0.5703 lr=6.6e-06 (0.81s/step, ~4h54m left)
[step 48340/70000] loss=0.5689 lr=6.6e-06 (0.82s/step, ~4h55m left)
[step 48350/70000] loss=0.5927 lr=6.6e-06 (0.82s/step, ~4h54m left)
[step 48360/70000] loss=0.5858 lr=6.6e-06 (0.82s/step, ~4h54m left)
[step 48370/70000] loss=0.5861 lr=6.6e-06 (0.82s/step, ~4h53m left)
[step 48380/70000] loss=0.5667 lr=6.6e-06 (0.82s/step, ~4h55m left)
[step 48390/70000] loss=0.5800 lr=6.6e-06 (0.82s/step, ~4h55m left)
[step 48400/70000] loss=0.5774 lr=6.6e-06 (0.82s/step, ~4h55m left)
[step 48410/70000] loss=0.5804 lr=6.6e-06 (0.82s/step, ~4h55m left)
[step 48420/70000] loss=0.5864 lr=6.6e-06 (0.82s/step, ~4h54m left)
[step 48430/70000] loss=0.5862 lr=6.6e-06 (0.82s/step, ~4h54m left)
[step 48440/70000] loss=0.5682 lr=6.6e-06 (0.82s/step, ~4h55m left)
[step 48450/70000] loss=0.5937 lr=6.6e-06 (0.82s/step, ~4h55m left)
[step 48460/70000] loss=0.5643 lr=6.6e-06 (0.82s/step, ~4h55m left)
[step 48470/70000] loss=0.5729 lr=6.6e-06 (0.82s/step, ~4h55m left)
[step 48480/70000] loss=0.5855 lr=6.6e-06 (0.82s/step, ~4h55m left)
[step 48490/70000] loss=0.5703 lr=6.6e-06 (0.82s/step, ~4h55m left)
[step 48500/70000] loss=0.5709 lr=6.6e-06 (0.82s/step, ~4h53m left)
[step 48510/70000] loss=0.5699 lr=6.6e-06 (0.81s/step, ~4h51m left)
[step 48520/70000] loss=0.5873 lr=6.6e-06 (0.82s/step, ~4h52m left)
[step 48530/70000] loss=0.5874 lr=6.6e-06 (0.83s/step, ~4h55m left)
[step 48540/70000] loss=0.5595 lr=6.6e-06 (0.82s/step, ~4h53m left)
[step 48550/70000] loss=0.5951 lr=6.6e-06 (0.82s/step, ~4h53m left)
[step 48560/70000] loss=0.5858 lr=6.6e-06 (0.82s/step, ~4h54m left)
[step 48570/70000] loss=0.5785 lr=6.6e-06 (0.82s/step, ~4h53m left)
[step 48580/70000] loss=0.5929 lr=6.6e-06 (0.82s/step, ~4h53m left)
[step 48590/70000] loss=0.5786 lr=6.6e-06 (0.82s/step, ~4h51m left)
[step 48600/70000] loss=0.5630 lr=6.6e-06 (0.82s/step, ~4h52m left)
[step 48610/70000] loss=0.5837 lr=6.6e-06 (0.82s/step, ~4h51m left)
[step 48620/70000] loss=0.5810 lr=6.6e-06 (0.82s/step, ~4h51m left)
[step 48630/70000] loss=0.5704 lr=6.6e-06 (0.82s/step, ~4h52m left)
[step 48640/70000] loss=0.5765 lr=6.6e-06 (0.82s/step, ~4h53m left)
[step 48650/70000] loss=0.5645 lr=6.6e-06 (0.82s/step, ~4h52m left)
[step 48660/70000] loss=0.5816 lr=6.6e-06 (0.82s/step, ~4h51m left)
[step 48670/70000] loss=0.5798 lr=6.6e-06 (0.82s/step, ~4h53m left)
[step 48680/70000] loss=0.5922 lr=6.6e-06 (0.83s/step, ~4h53m left)
[step 48690/70000] loss=0.5714 lr=6.6e-06 (0.82s/step, ~4h50m left)
[step 48700/70000] loss=0.5584 lr=6.6e-06 (0.82s/step, ~4h50m left)
[step 48710/70000] loss=0.5980 lr=6.6e-06 (0.82s/step, ~4h51m left)
[step 48720/70000] loss=0.5683 lr=6.6e-06 (0.82s/step, ~4h50m left)
[step 48730/70000] loss=0.5962 lr=6.6e-06 (0.82s/step, ~4h50m left)
[step 48740/70000] loss=0.5931 lr=6.6e-06 (0.82s/step, ~4h50m left)
[step 48750/70000] loss=0.5799 lr=6.6e-06 (0.82s/step, ~4h50m left)
[step 48760/70000] loss=0.5626 lr=6.6e-06 (0.82s/step, ~4h50m left)
[step 48770/70000] loss=0.5738 lr=6.6e-06 (0.82s/step, ~4h49m left)
[step 48780/70000] loss=0.5848 lr=6.6e-06 (0.82s/step, ~4h49m left)
[step 48790/70000] loss=0.5698 lr=6.6e-06 (0.82s/step, ~4h49m left)
[step 48800/70000] loss=0.5810 lr=6.6e-06 (0.82s/step, ~4h49m left)
[step 48810/70000] loss=0.5652 lr=6.6e-06 (0.82s/step, ~4h49m left)
[step 48820/70000] loss=0.5763 lr=6.6e-06 (0.82s/step, ~4h51m left)
[step 48830/70000] loss=0.5794 lr=6.6e-06 (0.82s/step, ~4h49m left)
[step 48840/70000] loss=0.5647 lr=6.6e-06 (0.82s/step, ~4h49m left)
[step 48850/70000] loss=0.5768 lr=6.6e-06 (0.82s/step, ~4h48m left)
[step 48860/70000] loss=0.5695 lr=6.6e-06 (0.82s/step, ~4h49m left)
[step 48870/70000] loss=0.5755 lr=6.6e-06 (0.82s/step, ~4h47m left)
[step 48880/70000] loss=0.5746 lr=6.6e-06 (0.82s/step, ~4h47m left)
[step 48890/70000] loss=0.5929 lr=6.6e-06 (0.82s/step, ~4h47m left)
[step 48900/70000] loss=0.5890 lr=6.6e-06 (0.82s/step, ~4h47m left)
[step 48910/70000] loss=0.5733 lr=6.6e-06 (0.82s/step, ~4h47m left)
[step 48920/70000] loss=0.5743 lr=6.6e-06 (0.82s/step, ~4h48m left)
[step 48930/70000] loss=0.5647 lr=6.6e-06 (0.82s/step, ~4h48m left)
[step 48940/70000] loss=0.5818 lr=6.6e-06 (0.82s/step, ~4h49m left)
[step 48950/70000] loss=0.5730 lr=6.6e-06 (0.82s/step, ~4h49m left)
[step 48960/70000] loss=0.5759 lr=6.6e-06 (0.82s/step, ~4h48m left)
[step 48970/70000] loss=0.5842 lr=6.6e-06 (0.83s/step, ~4h49m left)
[step 48980/70000] loss=0.5812 lr=6.6e-06 (0.82s/step, ~4h47m left)
[step 48990/70000] loss=0.6033 lr=6.6e-06 (0.82s/step, ~4h46m left)
[step 49000/70000] loss=0.5751 lr=6.6e-06 (0.82s/step, ~4h46m left)
[step 49010/70000] loss=0.5712 lr=6.6e-06 (0.82s/step, ~4h47m left)
[step 49020/70000] loss=0.5719 lr=6.6e-06 (0.82s/step, ~4h46m left)
[step 49030/70000] loss=0.5626 lr=6.6e-06 (0.82s/step, ~4h46m left)
[step 49040/70000] loss=0.5772 lr=6.6e-06 (0.82s/step, ~4h45m left)
[step 49050/70000] loss=0.5744 lr=6.6e-06 (0.82s/step, ~4h47m left)
[step 49060/70000] loss=0.5725 lr=6.6e-06 (0.82s/step, ~4h44m left)
[step 49070/70000] loss=0.5777 lr=6.6e-06 (0.82s/step, ~4h44m left)
[step 49080/70000] loss=0.5773 lr=6.6e-06 (0.82s/step, ~4h45m left)
[step 49090/70000] loss=0.5642 lr=6.6e-06 (0.82s/step, ~4h44m left)
[step 49100/70000] loss=0.5667 lr=6.6e-06 (0.82s/step, ~4h44m left)
[step 49110/70000] loss=0.5601 lr=6.6e-06 (0.82s/step, ~4h44m left)
[step 49120/70000] loss=0.5923 lr=6.6e-06 (0.82s/step, ~4h45m left)
[step 49130/70000] loss=0.5788 lr=6.6e-06 (0.82s/step, ~4h44m left)
[step 49140/70000] loss=0.5768 lr=6.6e-06 (0.82s/step, ~4h44m left)
[step 49150/70000] loss=0.5820 lr=6.6e-06 (0.82s/step, ~4h43m left)
[step 49160/70000] loss=0.5966 lr=6.6e-06 (0.82s/step, ~4h44m left)
[step 49170/70000] loss=0.5817 lr=6.6e-06 (0.82s/step, ~4h43m left)
[step 49180/70000] loss=0.5701 lr=6.6e-06 (0.81s/step, ~4h42m left)
[step 49190/70000] loss=0.5669 lr=6.6e-06 (0.82s/step, ~4h44m left)
[step 49200/70000] loss=0.5791 lr=6.6e-06 (0.82s/step, ~4h43m left)
[step 49210/70000] loss=0.5779 lr=6.6e-06 (0.82s/step, ~4h42m left)
[step 49220/70000] loss=0.5753 lr=6.6e-06 (0.82s/step, ~4h44m left)
[step 49230/70000] loss=0.5755 lr=6.6e-06 (0.82s/step, ~4h44m left)
[step 49240/70000] loss=0.5873 lr=6.6e-06 (0.82s/step, ~4h42m left)
[step 49250/70000] loss=0.5824 lr=6.6e-06 (0.82s/step, ~4h43m left)
[step 49260/70000] loss=0.5824 lr=6.6e-06 (0.82s/step, ~4h43m left)
[step 49270/70000] loss=0.5807 lr=6.6e-06 (0.82s/step, ~4h44m left)
[step 49280/70000] loss=0.5680 lr=6.6e-06 (0.82s/step, ~4h41m left)
[step 49290/70000] loss=0.6088 lr=6.6e-06 (0.82s/step, ~4h42m left)
[step 49300/70000] loss=0.5653 lr=6.6e-06 (0.82s/step, ~4h42m left)
[step 49310/70000] loss=0.5820 lr=6.6e-06 (0.82s/step, ~4h41m left)
[step 49320/70000] loss=0.5770 lr=6.6e-06 (0.82s/step, ~4h41m left)
[step 49330/70000] loss=0.6089 lr=6.6e-06 (0.82s/step, ~4h41m left)
[step 49340/70000] loss=0.5848 lr=6.6e-06 (0.82s/step, ~4h42m left)
[step 49350/70000] loss=0.6080 lr=6.6e-06 (0.82s/step, ~4h40m left)
[step 49360/70000] loss=0.5780 lr=6.6e-06 (0.82s/step, ~4h41m left)
[step 49370/70000] loss=0.5701 lr=6.6e-06 (0.82s/step, ~4h41m left)
[step 49380/70000] loss=0.5741 lr=6.6e-06 (0.82s/step, ~4h42m left)
[step 49390/70000] loss=0.5821 lr=6.6e-06 (0.82s/step, ~4h40m left)
[step 49400/70000] loss=0.5964 lr=6.6e-06 (0.82s/step, ~4h42m left)
[step 49410/70000] loss=0.5778 lr=6.6e-06 (0.82s/step, ~4h41m left)
[step 49420/70000] loss=0.5814 lr=6.6e-06 (0.83s/step, ~4h43m left)
[step 49430/70000] loss=0.5697 lr=6.6e-06 (0.82s/step, ~4h41m left)
[step 49440/70000] loss=0.5745 lr=6.6e-06 (0.82s/step, ~4h40m left)
[step 49450/70000] loss=0.5672 lr=6.6e-06 (0.82s/step, ~4h40m left)
[step 49460/70000] loss=0.5743 lr=6.6e-06 (0.82s/step, ~4h41m left)
[step 49470/70000] loss=0.5992 lr=6.6e-06 (0.82s/step, ~4h39m left)
[step 49480/70000] loss=0.5765 lr=6.6e-06 (0.82s/step, ~4h39m left)
[step 49490/70000] loss=0.5764 lr=6.6e-06 (0.82s/step, ~4h41m left)
[step 49500/70000] loss=0.5829 lr=6.6e-06 (0.82s/step, ~4h39m left)
[step 49510/70000] loss=0.5953 lr=6.6e-06 (0.82s/step, ~4h38m left)
[step 49520/70000] loss=0.5808 lr=6.6e-06 (0.82s/step, ~4h38m left)
[step 49530/70000] loss=0.5970 lr=6.6e-06 (0.82s/step, ~4h40m left)
[step 49540/70000] loss=0.5667 lr=6.6e-06 (0.82s/step, ~4h39m left)
[step 49550/70000] loss=0.5769 lr=6.6e-06 (0.82s/step, ~4h38m left)
[step 49560/70000] loss=0.5762 lr=6.6e-06 (0.82s/step, ~4h38m left)
[step 49570/70000] loss=0.5765 lr=6.6e-06 (0.82s/step, ~4h39m left)
[step 49580/70000] loss=0.5696 lr=6.6e-06 (0.82s/step, ~4h38m left)
[step 49590/70000] loss=0.5958 lr=6.6e-06 (0.82s/step, ~4h37m left)
[step 49600/70000] loss=0.5789 lr=6.6e-06 (0.82s/step, ~4h39m left)
[step 49610/70000] loss=0.5797 lr=6.6e-06 (0.82s/step, ~4h38m left)
[step 49620/70000] loss=0.5745 lr=6.6e-06 (0.82s/step, ~4h37m left)
[step 49630/70000] loss=0.5800 lr=6.6e-06 (0.82s/step, ~4h37m left)
[step 49640/70000] loss=0.5659 lr=6.6e-06 (0.82s/step, ~4h38m left)
[step 49650/70000] loss=0.5782 lr=6.6e-06 (0.82s/step, ~4h38m left)
[step 49660/70000] loss=0.5805 lr=6.6e-06 (0.82s/step, ~4h38m left)
[step 49670/70000] loss=0.5879 lr=6.6e-06 (0.82s/step, ~4h37m left)
[step 49680/70000] loss=0.5890 lr=6.6e-06 (0.82s/step, ~4h38m left)
[step 49690/70000] loss=0.5797 lr=6.6e-06 (0.82s/step, ~4h37m left)
[step 49700/70000] loss=0.5745 lr=6.6e-06 (0.83s/step, ~4h39m left)
[step 49710/70000] loss=0.5712 lr=6.6e-06 (0.82s/step, ~4h37m left)
[step 49720/70000] loss=0.5618 lr=6.6e-06 (0.82s/step, ~4h36m left)
[step 49730/70000] loss=0.5666 lr=6.6e-06 (0.82s/step, ~4h36m left)
[step 49740/70000] loss=0.5703 lr=6.6e-06 (0.82s/step, ~4h36m left)
[step 49750/70000] loss=0.5846 lr=6.6e-06 (0.82s/step, ~4h37m left)
[step 49760/70000] loss=0.5755 lr=6.6e-06 (0.82s/step, ~4h36m left)
[step 49770/70000] loss=0.5880 lr=6.6e-06 (0.82s/step, ~4h35m left)
[step 49780/70000] loss=0.5711 lr=6.6e-06 (0.82s/step, ~4h34m left)
[step 49790/70000] loss=0.5706 lr=6.6e-06 (0.82s/step, ~4h36m left)
[step 49800/70000] loss=0.5879 lr=6.6e-06 (0.82s/step, ~4h34m left)
[step 49810/70000] loss=0.5908 lr=6.6e-06 (0.82s/step, ~4h36m left)
[step 49820/70000] loss=0.5905 lr=6.6e-06 (0.82s/step, ~4h35m left)
[step 49830/70000] loss=0.5887 lr=6.6e-06 (0.82s/step, ~4h34m left)
[step 49840/70000] loss=0.5716 lr=6.6e-06 (0.82s/step, ~4h34m left)
[step 49850/70000] loss=0.5703 lr=6.6e-06 (0.82s/step, ~4h35m left)
[step 49860/70000] loss=0.5687 lr=6.6e-06 (0.82s/step, ~4h35m left)
[step 49870/70000] loss=0.5924 lr=6.6e-06 (0.82s/step, ~4h34m left)
[step 49880/70000] loss=0.5806 lr=6.6e-06 (0.82s/step, ~4h35m left)
[step 49890/70000] loss=0.5707 lr=6.6e-06 (0.82s/step, ~4h34m left)
[step 49900/70000] loss=0.5981 lr=6.6e-06 (0.82s/step, ~4h35m left)
[step 49910/70000] loss=0.5769 lr=6.6e-06 (0.82s/step, ~4h34m left)
[step 49920/70000] loss=0.5730 lr=6.6e-06 (0.82s/step, ~4h34m left)
[step 49930/70000] loss=0.5763 lr=6.6e-06 (0.82s/step, ~4h34m left)
[step 49940/70000] loss=0.5808 lr=6.6e-06 (0.82s/step, ~4h35m left)
[step 49950/70000] loss=0.5893 lr=6.6e-06 (0.82s/step, ~4h34m left)
[step 49960/70000] loss=0.5935 lr=6.6e-06 (0.82s/step, ~4h33m left)
[step 49970/70000] loss=0.5732 lr=6.6e-06 (0.82s/step, ~4h34m left)
[step 49980/70000] loss=0.5962 lr=6.6e-06 (0.82s/step, ~4h32m left)
[step 49990/70000] loss=0.5939 lr=6.6e-06 (0.82s/step, ~4h32m left)
[lr decay @ step 50000] lr=5.90e-06
[step 50000/70000] loss=0.5648 lr=5.9e-06 (0.82s/step, ~4h32m left)
[eval @ step 50000] val_loss=0.5552 train_loss=0.5843
[saved] runs/finetune_001/step_0050000.pth
[step 50010/70000] loss=0.6146 lr=5.9e-06 (0.82s/step, ~4h33m left)
[step 50020/70000] loss=0.5824 lr=5.9e-06 (0.82s/step, ~4h33m left)
[step 50030/70000] loss=0.5783 lr=5.9e-06 (0.82s/step, ~4h33m left)
[step 50040/70000] loss=0.5734 lr=5.9e-06 (0.82s/step, ~4h33m left)
[step 50050/70000] loss=0.5709 lr=5.9e-06 (0.82s/step, ~4h32m left)
[step 50060/70000] loss=0.5784 lr=5.9e-06 (0.82s/step, ~4h32m left)
[step 50070/70000] loss=0.5733 lr=5.9e-06 (0.82s/step, ~4h32m left)
[step 50080/70000] loss=0.5691 lr=5.9e-06 (0.82s/step, ~4h31m left)
[step 50090/70000] loss=0.5722 lr=5.9e-06 (0.82s/step, ~4h32m left)
[step 50100/70000] loss=0.5802 lr=5.9e-06 (0.82s/step, ~4h32m left)
[step 50110/70000] loss=0.5760 lr=5.9e-06 (0.82s/step, ~4h33m left)
[step 50120/70000] loss=0.5713 lr=5.9e-06 (0.82s/step, ~4h32m left)
[step 50130/70000] loss=0.5972 lr=5.9e-06 (0.82s/step, ~4h32m left)
[step 50140/70000] loss=0.5808 lr=5.9e-06 (0.83s/step, ~4h33m left)
[step 50150/70000] loss=0.5625 lr=5.9e-06 (0.83s/step, ~4h33m left)
[step 50160/70000] loss=0.5830 lr=5.9e-06 (0.82s/step, ~4h32m left)
[step 50170/70000] loss=0.5615 lr=5.9e-06 (0.82s/step, ~4h32m left)
[step 50180/70000] loss=0.5637 lr=5.9e-06 (0.82s/step, ~4h31m left)
[step 50190/70000] loss=0.5812 lr=5.9e-06 (0.82s/step, ~4h29m left)
[step 50200/70000] loss=0.5668 lr=5.9e-06 (0.82s/step, ~4h29m left)
[step 50210/70000] loss=0.5901 lr=5.9e-06 (0.82s/step, ~4h30m left)
[step 50220/70000] loss=0.6024 lr=5.9e-06 (0.82s/step, ~4h31m left)
[step 50230/70000] loss=0.5715 lr=5.9e-06 (0.82s/step, ~4h30m left)
[step 50240/70000] loss=0.5664 lr=5.9e-06 (0.82s/step, ~4h31m left)
[step 50250/70000] loss=0.5968 lr=5.9e-06 (0.82s/step, ~4h30m left)
[step 50260/70000] loss=0.5845 lr=5.9e-06 (0.82s/step, ~4h30m left)
[step 50270/70000] loss=0.5623 lr=5.9e-06 (0.82s/step, ~4h29m left)
[step 50280/70000] loss=0.5704 lr=5.9e-06 (0.82s/step, ~4h29m left)
[step 50290/70000] loss=0.5762 lr=5.9e-06 (0.82s/step, ~4h29m left)
[step 50300/70000] loss=0.6042 lr=5.9e-06 (0.82s/step, ~4h28m left)
[step 50310/70000] loss=0.5856 lr=5.9e-06 (0.82s/step, ~4h28m left)
[step 50320/70000] loss=0.5780 lr=5.9e-06 (0.82s/step, ~4h28m left)
[step 50330/70000] loss=0.5758 lr=5.9e-06 (0.82s/step, ~4h29m left)
[step 50340/70000] loss=0.5718 lr=5.9e-06 (0.82s/step, ~4h28m left)
[step 50350/70000] loss=0.5846 lr=5.9e-06 (0.82s/step, ~4h27m left)
[step 50360/70000] loss=0.5788 lr=5.9e-06 (0.82s/step, ~4h27m left)
[step 50370/70000] loss=0.5844 lr=5.9e-06 (0.82s/step, ~4h28m left)
[step 50380/70000] loss=0.5690 lr=5.9e-06 (0.82s/step, ~4h27m left)
[step 50390/70000] loss=0.5806 lr=5.9e-06 (0.82s/step, ~4h27m left)
[step 50400/70000] loss=0.6084 lr=5.9e-06 (0.82s/step, ~4h28m left)
[step 50410/70000] loss=0.5701 lr=5.9e-06 (0.82s/step, ~4h28m left)
[step 50420/70000] loss=0.5880 lr=5.9e-06 (0.82s/step, ~4h27m left)
[step 50430/70000] loss=0.5655 lr=5.9e-06 (0.82s/step, ~4h27m left)
[step 50440/70000] loss=0.5689 lr=5.9e-06 (0.82s/step, ~4h26m left)
[step 50450/70000] loss=0.5827 lr=5.9e-06 (0.82s/step, ~4h25m left)
[step 50460/70000] loss=0.5684 lr=5.9e-06 (0.82s/step, ~4h26m left)
[step 50470/70000] loss=0.5901 lr=5.9e-06 (0.82s/step, ~4h26m left)
[step 50480/70000] loss=0.5679 lr=5.9e-06 (0.82s/step, ~4h27m left)
[step 50490/70000] loss=0.5724 lr=5.9e-06 (0.82s/step, ~4h25m left)
[step 50500/70000] loss=0.5956 lr=5.9e-06 (0.82s/step, ~4h26m left)
[step 50510/70000] loss=0.5809 lr=5.9e-06 (0.82s/step, ~4h26m left)
[step 50520/70000] loss=0.5704 lr=5.9e-06 (0.83s/step, ~4h28m left)
[step 50530/70000] loss=0.5724 lr=5.9e-06 (0.82s/step, ~4h26m left)
[step 50540/70000] loss=0.5760 lr=5.9e-06 (0.82s/step, ~4h25m left)
[step 50550/70000] loss=0.5850 lr=5.9e-06 (0.82s/step, ~4h26m left)
[step 50560/70000] loss=0.5790 lr=5.9e-06 (0.82s/step, ~4h26m left)
[step 50570/70000] loss=0.5721 lr=5.9e-06 (0.82s/step, ~4h25m left)
[step 50580/70000] loss=0.5785 lr=5.9e-06 (0.82s/step, ~4h26m left)
[step 50590/70000] loss=0.5621 lr=5.9e-06 (0.82s/step, ~4h26m left)
[step 50600/70000] loss=0.5944 lr=5.9e-06 (0.82s/step, ~4h25m left)
[step 50610/70000] loss=0.5914 lr=5.9e-06 (0.82s/step, ~4h25m left)
[step 50620/70000] loss=0.5850 lr=5.9e-06 (0.82s/step, ~4h24m left)
[step 50630/70000] loss=0.5869 lr=5.9e-06 (0.82s/step, ~4h25m left)
[step 50640/70000] loss=0.5756 lr=5.9e-06 (0.82s/step, ~4h23m left)
[step 50650/70000] loss=0.5672 lr=5.9e-06 (0.82s/step, ~4h23m left)
[step 50660/70000] loss=0.5877 lr=5.9e-06 (0.82s/step, ~4h23m left)
[step 50670/70000] loss=0.5853 lr=5.9e-06 (0.81s/step, ~4h22m left)
[step 50680/70000] loss=0.5773 lr=5.9e-06 (0.82s/step, ~4h23m left)
[step 50690/70000] loss=0.5875 lr=5.9e-06 (0.82s/step, ~4h23m left)
[step 50700/70000] loss=0.5820 lr=5.9e-06 (0.82s/step, ~4h24m left)
[step 50710/70000] loss=0.5640 lr=5.9e-06 (0.82s/step, ~4h22m left)
[step 50720/70000] loss=0.5715 lr=5.9e-06 (0.82s/step, ~4h22m left)
[step 50730/70000] loss=0.5807 lr=5.9e-06 (0.82s/step, ~4h22m left)
[step 50740/70000] loss=0.5642 lr=5.9e-06 (0.82s/step, ~4h22m left)
[step 50750/70000] loss=0.5684 lr=5.9e-06 (0.82s/step, ~4h21m left)
[step 50760/70000] loss=0.5665 lr=5.9e-06 (0.82s/step, ~4h22m left)
[step 50770/70000] loss=0.5970 lr=5.9e-06 (0.83s/step, ~4h25m left)
[step 50780/70000] loss=0.5897 lr=5.9e-06 (0.82s/step, ~4h22m left)
[step 50790/70000] loss=0.6039 lr=5.9e-06 (0.82s/step, ~4h22m left)
[step 50800/70000] loss=0.5620 lr=5.9e-06 (0.83s/step, ~4h24m left)
[step 50810/70000] loss=0.5800 lr=5.9e-06 (0.83s/step, ~4h24m left)
[step 50820/70000] loss=0.6040 lr=5.9e-06 (0.82s/step, ~4h23m left)
[step 50830/70000] loss=0.5794 lr=5.9e-06 (0.82s/step, ~4h21m left)
[step 50840/70000] loss=0.5721 lr=5.9e-06 (0.82s/step, ~4h22m left)
[step 50850/70000] loss=0.5748 lr=5.9e-06 (0.82s/step, ~4h22m left)
[step 50860/70000] loss=0.5888 lr=5.9e-06 (0.82s/step, ~4h21m left)
[step 50870/70000] loss=0.5785 lr=5.9e-06 (0.82s/step, ~4h20m left)
[step 50880/70000] loss=0.5702 lr=5.9e-06 (0.82s/step, ~4h21m left)
[step 50890/70000] loss=0.5879 lr=5.9e-06 (0.82s/step, ~4h21m left)
[step 50900/70000] loss=0.5842 lr=5.9e-06 (0.82s/step, ~4h20m left)
[step 50910/70000] loss=0.5616 lr=5.9e-06 (0.82s/step, ~4h19m left)
[step 50920/70000] loss=0.5869 lr=5.9e-06 (0.82s/step, ~4h20m left)
[step 50930/70000] loss=0.5674 lr=5.9e-06 (0.82s/step, ~4h20m left)
[step 50940/70000] loss=0.5733 lr=5.9e-06 (0.82s/step, ~4h21m left)
[step 50950/70000] loss=0.5760 lr=5.9e-06 (0.82s/step, ~4h20m left)
[step 50960/70000] loss=0.6056 lr=5.9e-06 (0.82s/step, ~4h21m left)
[step 50970/70000] loss=0.5811 lr=5.9e-06 (0.82s/step, ~4h19m left)
[step 50980/70000] loss=0.5661 lr=5.9e-06 (0.82s/step, ~4h21m left)
[step 50990/70000] loss=0.5814 lr=5.9e-06 (0.82s/step, ~4h20m left)
[step 51000/70000] loss=0.5855 lr=5.9e-06 (0.82s/step, ~4h19m left)
[step 51010/70000] loss=0.5676 lr=5.9e-06 (0.82s/step, ~4h19m left)
[step 51020/70000] loss=0.5617 lr=5.9e-06 (0.82s/step, ~4h18m left)
[step 51030/70000] loss=0.5658 lr=5.9e-06 (0.82s/step, ~4h20m left)
[step 51040/70000] loss=0.5662 lr=5.9e-06 (0.82s/step, ~4h19m left)
[step 51050/70000] loss=0.5672 lr=5.9e-06 (0.82s/step, ~4h19m left)
[step 51060/70000] loss=0.5889 lr=5.9e-06 (0.82s/step, ~4h18m left)
[step 51070/70000] loss=0.5886 lr=5.9e-06 (0.82s/step, ~4h19m left)
[step 51080/70000] loss=0.5831 lr=5.9e-06 (0.81s/step, ~4h16m left)
[step 51090/70000] loss=0.5604 lr=5.9e-06 (0.82s/step, ~4h19m left)
[step 51100/70000] loss=0.5789 lr=5.9e-06 (0.82s/step, ~4h18m left)
[step 51110/70000] loss=0.5594 lr=5.9e-06 (0.83s/step, ~4h19m left)
[step 51120/70000] loss=0.5784 lr=5.9e-06 (0.82s/step, ~4h18m left)
[step 51130/70000] loss=0.5875 lr=5.9e-06 (0.82s/step, ~4h17m left)
[step 51140/70000] loss=0.6044 lr=5.9e-06 (0.83s/step, ~4h19m left)
[step 51150/70000] loss=0.5703 lr=5.9e-06 (0.82s/step, ~4h17m left)
[step 51160/70000] loss=0.5970 lr=5.9e-06 (0.82s/step, ~4h16m left)
[step 51170/70000] loss=0.5732 lr=5.9e-06 (0.82s/step, ~4h16m left)
[step 51180/70000] loss=0.5703 lr=5.9e-06 (0.82s/step, ~4h16m left)
[step 51190/70000] loss=0.5827 lr=5.9e-06 (0.82s/step, ~4h15m left)
[step 51200/70000] loss=0.5978 lr=5.9e-06 (0.82s/step, ~4h15m left)
[step 51210/70000] loss=0.5796 lr=5.9e-06 (0.82s/step, ~4h15m left)
[step 51220/70000] loss=0.5807 lr=5.9e-06 (0.82s/step, ~4h16m left)
[step 51230/70000] loss=0.5616 lr=5.9e-06 (0.82s/step, ~4h15m left)
[step 51240/70000] loss=0.6050 lr=5.9e-06 (0.82s/step, ~4h15m left)
[step 51250/70000] loss=0.5894 lr=5.9e-06 (0.82s/step, ~4h16m left)
[step 51260/70000] loss=0.5874 lr=5.9e-06 (0.82s/step, ~4h14m left)
[step 51270/70000] loss=0.5889 lr=5.9e-06 (0.82s/step, ~4h15m left)
[step 51280/70000] loss=0.5931 lr=5.9e-06 (0.82s/step, ~4h14m left)
[step 51290/70000] loss=0.5577 lr=5.9e-06 (0.82s/step, ~4h15m left)
[step 51300/70000] loss=0.5810 lr=5.9e-06 (0.82s/step, ~4h15m left)
[step 51310/70000] loss=0.5735 lr=5.9e-06 (0.82s/step, ~4h14m left)
[step 51320/70000] loss=0.5770 lr=5.9e-06 (0.82s/step, ~4h14m left)
[step 51330/70000] loss=0.5780 lr=5.9e-06 (0.82s/step, ~4h15m left)
[step 51340/70000] loss=0.5758 lr=5.9e-06 (0.82s/step, ~4h13m left)
[step 51350/70000] loss=0.5775 lr=5.9e-06 (0.82s/step, ~4h13m left)
[step 51360/70000] loss=0.5627 lr=5.9e-06 (0.82s/step, ~4h15m left)
[step 51370/70000] loss=0.5842 lr=5.9e-06 (0.81s/step, ~4h13m left)
[step 51380/70000] loss=0.5807 lr=5.9e-06 (0.81s/step, ~4h12m left)
[step 51390/70000] loss=0.5746 lr=5.9e-06 (0.82s/step, ~4h13m left)
[step 51400/70000] loss=0.5776 lr=5.9e-06 (0.82s/step, ~4h13m left)
[step 51410/70000] loss=0.5701 lr=5.9e-06 (0.82s/step, ~4h13m left)
[step 51420/70000] loss=0.5762 lr=5.9e-06 (0.82s/step, ~4h13m left)
[step 51430/70000] loss=0.5682 lr=5.9e-06 (0.82s/step, ~4h12m left)
[step 51440/70000] loss=0.5886 lr=5.9e-06 (0.82s/step, ~4h14m left)
[step 51450/70000] loss=0.5780 lr=5.9e-06 (0.82s/step, ~4h14m left)
[step 51460/70000] loss=0.5640 lr=5.9e-06 (0.82s/step, ~4h12m left)
[step 51470/70000] loss=0.5850 lr=5.9e-06 (0.82s/step, ~4h13m left)
[step 51480/70000] loss=0.5730 lr=5.9e-06 (0.82s/step, ~4h13m left)
[step 51490/70000] loss=0.5748 lr=5.9e-06 (0.82s/step, ~4h13m left)
[step 51500/70000] loss=0.5852 lr=5.9e-06 (0.82s/step, ~4h12m left)
[step 51510/70000] loss=0.5869 lr=5.9e-06 (0.82s/step, ~4h13m left)
[step 51520/70000] loss=0.5740 lr=5.9e-06 (0.82s/step, ~4h13m left)
[step 51530/70000] loss=0.5904 lr=5.9e-06 (0.82s/step, ~4h12m left)
[step 51540/70000] loss=0.6030 lr=5.9e-06 (0.82s/step, ~4h13m left)
[step 51550/70000] loss=0.5782 lr=5.9e-06 (0.83s/step, ~4h13m left)
[step 51560/70000] loss=0.5941 lr=5.9e-06 (0.82s/step, ~4h12m left)
[step 51570/70000] loss=0.5894 lr=5.9e-06 (0.82s/step, ~4h12m left)
[step 51580/70000] loss=0.5673 lr=5.9e-06 (0.82s/step, ~4h12m left)
[step 51590/70000] loss=0.5872 lr=5.9e-06 (0.82s/step, ~4h12m left)
[step 51600/70000] loss=0.5798 lr=5.9e-06 (0.82s/step, ~4h11m left)
[step 51610/70000] loss=0.5791 lr=5.9e-06 (0.82s/step, ~4h11m left)
[step 51620/70000] loss=0.5693 lr=5.9e-06 (0.82s/step, ~4h12m left)
[step 51630/70000] loss=0.5701 lr=5.9e-06 (0.82s/step, ~4h12m left)
[step 51640/70000] loss=0.5707 lr=5.9e-06 (0.82s/step, ~4h10m left)
[step 51650/70000] loss=0.5818 lr=5.9e-06 (0.82s/step, ~4h11m left)
[step 51660/70000] loss=0.5752 lr=5.9e-06 (0.82s/step, ~4h11m left)
[step 51670/70000] loss=0.5923 lr=5.9e-06 (0.82s/step, ~4h10m left)
[step 51680/70000] loss=0.5655 lr=5.9e-06 (0.82s/step, ~4h09m left)
[step 51690/70000] loss=0.5811 lr=5.9e-06 (0.82s/step, ~4h10m left)
[step 51700/70000] loss=0.5804 lr=5.9e-06 (0.82s/step, ~4h10m left)
[step 51710/70000] loss=0.5813 lr=5.9e-06 (0.82s/step, ~4h08m left)
[step 51720/70000] loss=0.5618 lr=5.9e-06 (0.82s/step, ~4h09m left)
[step 51730/70000] loss=0.5602 lr=5.9e-06 (0.82s/step, ~4h10m left)
[step 51740/70000] loss=0.5748 lr=5.9e-06 (0.81s/step, ~4h07m left)
[step 51750/70000] loss=0.5698 lr=5.9e-06 (0.82s/step, ~4h07m left)
[step 51760/70000] loss=0.5815 lr=5.9e-06 (0.82s/step, ~4h07m left)
[step 51770/70000] loss=0.6032 lr=5.9e-06 (0.82s/step, ~4h09m left)
[step 51780/70000] loss=0.5782 lr=5.9e-06 (0.82s/step, ~4h08m left)
[step 51790/70000] loss=0.5723 lr=5.9e-06 (0.82s/step, ~4h08m left)
[step 51800/70000] loss=0.5708 lr=5.9e-06 (0.82s/step, ~4h08m left)
[step 51810/70000] loss=0.5802 lr=5.9e-06 (0.82s/step, ~4h08m left)
[step 51820/70000] loss=0.5910 lr=5.9e-06 (0.82s/step, ~4h08m left)
[step 51830/70000] loss=0.5640 lr=5.9e-06 (0.82s/step, ~4h08m left)
[step 51840/70000] loss=0.5988 lr=5.9e-06 (0.82s/step, ~4h09m left)
[step 51850/70000] loss=0.5792 lr=5.9e-06 (0.82s/step, ~4h07m left)
[step 51860/70000] loss=0.5680 lr=5.9e-06 (0.82s/step, ~4h08m left)
[step 51870/70000] loss=0.5736 lr=5.9e-06 (0.83s/step, ~4h10m left)
[step 51880/70000] loss=0.5738 lr=5.9e-06 (0.86s/step, ~4h19m left)
[step 51890/70000] loss=0.5624 lr=5.9e-06 (0.82s/step, ~4h08m left)
[step 51900/70000] loss=0.5878 lr=5.9e-06 (0.82s/step, ~4h07m left)
[step 51910/70000] loss=0.5862 lr=5.9e-06 (0.82s/step, ~4h07m left)
[step 51920/70000] loss=0.5818 lr=5.9e-06 (0.82s/step, ~4h08m left)
[step 51930/70000] loss=0.5949 lr=5.9e-06 (0.82s/step, ~4h07m left)
[step 51940/70000] loss=0.5736 lr=5.9e-06 (0.82s/step, ~4h05m left)
[step 51950/70000] loss=0.5804 lr=5.9e-06 (0.82s/step, ~4h06m left)
[step 51960/70000] loss=0.5587 lr=5.9e-06 (0.82s/step, ~4h07m left)
[step 51970/70000] loss=0.5815 lr=5.9e-06 (0.82s/step, ~4h06m left)
[step 51980/70000] loss=0.5881 lr=5.9e-06 (0.82s/step, ~4h06m left)
[step 51990/70000] loss=0.5783 lr=5.9e-06 (0.82s/step, ~4h06m left)
[step 52000/70000] loss=0.5860 lr=5.9e-06 (0.82s/step, ~4h07m left)
[step 52010/70000] loss=0.5867 lr=5.9e-06 (0.82s/step, ~4h06m left)
[step 52020/70000] loss=0.5926 lr=5.9e-06 (0.82s/step, ~4h05m left)
[step 52030/70000] loss=0.5875 lr=5.9e-06 (0.82s/step, ~4h06m left)
[step 52040/70000] loss=0.6038 lr=5.9e-06 (0.82s/step, ~4h05m left)
[step 52050/70000] loss=0.5783 lr=5.9e-06 (0.82s/step, ~4h05m left)
[step 52060/70000] loss=0.5856 lr=5.9e-06 (0.82s/step, ~4h05m left)
[step 52070/70000] loss=0.5861 lr=5.9e-06 (0.82s/step, ~4h05m left)
[step 52080/70000] loss=0.5738 lr=5.9e-06 (0.82s/step, ~4h04m left)
[step 52090/70000] loss=0.5740 lr=5.9e-06 (0.82s/step, ~4h03m left)
[step 52100/70000] loss=0.5930 lr=5.9e-06 (0.82s/step, ~4h03m left)
[step 52110/70000] loss=0.5838 lr=5.9e-06 (0.82s/step, ~4h03m left)
[step 52120/70000] loss=0.5882 lr=5.9e-06 (0.82s/step, ~4h03m left)
[step 52130/70000] loss=0.5855 lr=5.9e-06 (0.82s/step, ~4h02m left)
[step 52140/70000] loss=0.5783 lr=5.9e-06 (0.82s/step, ~4h04m left)
[step 52150/70000] loss=0.5895 lr=5.9e-06 (0.82s/step, ~4h02m left)
[step 52160/70000] loss=0.5788 lr=5.9e-06 (0.81s/step, ~4h02m left)
[step 52170/70000] loss=0.5780 lr=5.9e-06 (0.81s/step, ~4h02m left)
[step 52180/70000] loss=0.5905 lr=5.9e-06 (0.82s/step, ~4h03m left)
[step 52190/70000] loss=0.5900 lr=5.9e-06 (0.82s/step, ~4h02m left)
[step 52200/70000] loss=0.5689 lr=5.9e-06 (0.82s/step, ~4h04m left)
[step 52210/70000] loss=0.6019 lr=5.9e-06 (0.82s/step, ~4h03m left)
[step 52220/70000] loss=0.5800 lr=5.9e-06 (0.82s/step, ~4h04m left)
[step 52230/70000] loss=0.5607 lr=5.9e-06 (0.82s/step, ~4h03m left)
[step 52240/70000] loss=0.5723 lr=5.9e-06 (0.82s/step, ~4h02m left)
[step 52250/70000] loss=0.5716 lr=5.9e-06 (0.82s/step, ~4h03m left)
[step 52260/70000] loss=0.5831 lr=5.9e-06 (0.82s/step, ~4h03m left)
[step 52270/70000] loss=0.5671 lr=5.9e-06 (0.82s/step, ~4h02m left)
[step 52280/70000] loss=0.5825 lr=5.9e-06 (0.82s/step, ~4h02m left)
[step 52290/70000] loss=0.5870 lr=5.9e-06 (0.82s/step, ~4h03m left)
[step 52300/70000] loss=0.5714 lr=5.9e-06 (0.82s/step, ~4h01m left)
[step 52310/70000] loss=0.5887 lr=5.9e-06 (0.82s/step, ~4h02m left)
[step 52320/70000] loss=0.5830 lr=5.9e-06 (0.82s/step, ~4h01m left)
[step 52330/70000] loss=0.5667 lr=5.9e-06 (0.82s/step, ~4h02m left)
[step 52340/70000] loss=0.5793 lr=5.9e-06 (0.82s/step, ~4h01m left)
[step 52350/70000] loss=0.5877 lr=5.9e-06 (0.82s/step, ~4h02m left)
[step 52360/70000] loss=0.5822 lr=5.9e-06 (0.82s/step, ~4h00m left)
[step 52370/70000] loss=0.5621 lr=5.9e-06 (0.82s/step, ~4h02m left)
[step 52380/70000] loss=0.5743 lr=5.9e-06 (0.82s/step, ~4h01m left)
[step 52390/70000] loss=0.5595 lr=5.9e-06 (0.82s/step, ~4h01m left)
[step 52400/70000] loss=0.5873 lr=5.9e-06 (0.82s/step, ~4h01m left)
[step 52410/70000] loss=0.5913 lr=5.9e-06 (0.82s/step, ~4h00m left)
[step 52420/70000] loss=0.5848 lr=5.9e-06 (0.82s/step, ~4h00m left)
[step 52430/70000] loss=0.5820 lr=5.9e-06 (0.82s/step, ~4h00m left)
[step 52440/70000] loss=0.5690 lr=5.9e-06 (0.83s/step, ~4h01m left)
[step 52450/70000] loss=0.5786 lr=5.9e-06 (0.82s/step, ~4h00m left)
[step 52460/70000] loss=0.5871 lr=5.9e-06 (0.82s/step, ~3h59m left)
[step 52470/70000] loss=0.5952 lr=5.9e-06 (0.81s/step, ~3h57m left)
[step 52480/70000] loss=0.5779 lr=5.9e-06 (0.82s/step, ~3h58m left)
[step 52490/70000] loss=0.5725 lr=5.9e-06 (0.82s/step, ~3h58m left)
[step 52500/70000] loss=0.5848 lr=5.9e-06 (0.82s/step, ~3h58m left)
[eval @ step 52500] val_loss=0.5560 train_loss=0.5835
[saved] runs/finetune_001/step_0052500.pth
[step 52510/70000] loss=0.5687 lr=5.9e-06 (0.82s/step, ~3h59m left)
[step 52520/70000] loss=0.5709 lr=5.9e-06 (0.82s/step, ~3h58m left)
[step 52530/70000] loss=0.5793 lr=5.9e-06 (0.82s/step, ~3h58m left)
[step 52540/70000] loss=0.5735 lr=5.9e-06 (0.82s/step, ~3h58m left)
[step 52550/70000] loss=0.5753 lr=5.9e-06 (0.82s/step, ~3h57m left)
[step 52560/70000] loss=0.5593 lr=5.9e-06 (0.82s/step, ~3h58m left)
[step 52570/70000] loss=0.5811 lr=5.9e-06 (0.82s/step, ~3h57m left)
[step 52580/70000] loss=0.5671 lr=5.9e-06 (0.82s/step, ~3h58m left)
[step 52590/70000] loss=0.5758 lr=5.9e-06 (0.82s/step, ~3h57m left)
[step 52600/70000] loss=0.5717 lr=5.9e-06 (0.82s/step, ~3h57m left)
[step 52610/70000] loss=0.5698 lr=5.9e-06 (0.82s/step, ~3h57m left)
[step 52620/70000] loss=0.5757 lr=5.9e-06 (0.82s/step, ~3h57m left)
[step 52630/70000] loss=0.5619 lr=5.9e-06 (0.82s/step, ~3h56m left)
[step 52640/70000] loss=0.5751 lr=5.9e-06 (0.82s/step, ~3h56m left)
[step 52650/70000] loss=0.5871 lr=5.9e-06 (0.82s/step, ~3h57m left)
[step 52660/70000] loss=0.5860 lr=5.9e-06 (0.82s/step, ~3h56m left)
[step 52670/70000] loss=0.5761 lr=5.9e-06 (0.82s/step, ~3h56m left)
[step 52680/70000] loss=0.5705 lr=5.9e-06 (0.82s/step, ~3h56m left)
[step 52690/70000] loss=0.5750 lr=5.9e-06 (0.82s/step, ~3h56m left)
[step 52700/70000] loss=0.5922 lr=5.9e-06 (0.82s/step, ~3h56m left)
[step 52710/70000] loss=0.5675 lr=5.9e-06 (0.82s/step, ~3h56m left)
[step 52720/70000] loss=0.5909 lr=5.9e-06 (0.82s/step, ~3h55m left)
[step 52730/70000] loss=0.5692 lr=5.9e-06 (0.82s/step, ~3h55m left)
[step 52740/70000] loss=0.5914 lr=5.9e-06 (0.82s/step, ~3h55m left)
[step 52750/70000] loss=0.5716 lr=5.9e-06 (0.82s/step, ~3h55m left)
[step 52760/70000] loss=0.5812 lr=5.9e-06 (0.82s/step, ~3h55m left)
[step 52770/70000] loss=0.5740 lr=5.9e-06 (0.82s/step, ~3h54m left)
[step 52780/70000] loss=0.5839 lr=5.9e-06 (0.82s/step, ~3h55m left)
[step 52790/70000] loss=0.5744 lr=5.9e-06 (0.82s/step, ~3h54m left)
[step 52800/70000] loss=0.5907 lr=5.9e-06 (0.82s/step, ~3h56m left)
[step 52810/70000] loss=0.5880 lr=5.9e-06 (0.82s/step, ~3h54m left)
[step 52820/70000] loss=0.5825 lr=5.9e-06 (0.82s/step, ~3h54m left)
[step 52830/70000] loss=0.5756 lr=5.9e-06 (0.82s/step, ~3h55m left)
[step 52840/70000] loss=0.5776 lr=5.9e-06 (0.83s/step, ~3h56m left)
[step 52850/70000] loss=0.5916 lr=5.9e-06 (0.82s/step, ~3h55m left)
[step 52860/70000] loss=0.5886 lr=5.9e-06 (0.82s/step, ~3h53m left)
[step 52870/70000] loss=0.5752 lr=5.9e-06 (0.83s/step, ~3h55m left)
[step 52880/70000] loss=0.5689 lr=5.9e-06 (0.82s/step, ~3h53m left)
[step 52890/70000] loss=0.5657 lr=5.9e-06 (0.82s/step, ~3h53m left)
[step 52900/70000] loss=0.5873 lr=5.9e-06 (0.82s/step, ~3h53m left)
[step 52910/70000] loss=0.5871 lr=5.9e-06 (0.82s/step, ~3h53m left)
[step 52920/70000] loss=0.5796 lr=5.9e-06 (0.82s/step, ~3h52m left)
[step 52930/70000] loss=0.5778 lr=5.9e-06 (0.82s/step, ~3h52m left)
[step 52940/70000] loss=0.5827 lr=5.9e-06 (0.82s/step, ~3h52m left)
[step 52950/70000] loss=0.5766 lr=5.9e-06 (0.82s/step, ~3h52m left)
[step 52960/70000] loss=0.5845 lr=5.9e-06 (0.81s/step, ~3h51m left)
[step 52970/70000] loss=0.5752 lr=5.9e-06 (0.82s/step, ~3h51m left)
[step 52980/70000] loss=0.5718 lr=5.9e-06 (0.82s/step, ~3h52m left)
[step 52990/70000] loss=0.5937 lr=5.9e-06 (0.82s/step, ~3h52m left)
[step 53000/70000] loss=0.5957 lr=5.9e-06 (0.81s/step, ~3h50m left)
[step 53010/70000] loss=0.5681 lr=5.9e-06 (0.81s/step, ~3h50m left)
[step 53020/70000] loss=0.5750 lr=5.9e-06 (0.82s/step, ~3h52m left)
[step 53030/70000] loss=0.5759 lr=5.9e-06 (0.82s/step, ~3h51m left)
[step 53040/70000] loss=0.5765 lr=5.9e-06 (0.82s/step, ~3h51m left)
[step 53050/70000] loss=0.5684 lr=5.9e-06 (0.82s/step, ~3h51m left)
[step 53060/70000] loss=0.5684 lr=5.9e-06 (0.82s/step, ~3h52m left)
[step 53070/70000] loss=0.6023 lr=5.9e-06 (0.82s/step, ~3h50m left)
[step 53080/70000] loss=0.5662 lr=5.9e-06 (0.82s/step, ~3h49m left)
[step 53090/70000] loss=0.5997 lr=5.9e-06 (0.82s/step, ~3h50m left)
[step 53100/70000] loss=0.5770 lr=5.9e-06 (0.82s/step, ~3h51m left)
[step 53110/70000] loss=0.5905 lr=5.9e-06 (0.82s/step, ~3h50m left)
[step 53120/70000] loss=0.5834 lr=5.9e-06 (0.82s/step, ~3h50m left)
[step 53130/70000] loss=0.5853 lr=5.9e-06 (0.82s/step, ~3h51m left)
[step 53140/70000] loss=0.5747 lr=5.9e-06 (0.82s/step, ~3h50m left)
[step 53150/70000] loss=0.5867 lr=5.9e-06 (0.82s/step, ~3h50m left)
[step 53160/70000] loss=0.5944 lr=5.9e-06 (0.82s/step, ~3h50m left)
[step 53170/70000] loss=0.5923 lr=5.9e-06 (0.83s/step, ~3h51m left)
[step 53180/70000] loss=0.5788 lr=5.9e-06 (0.82s/step, ~3h50m left)
[step 53190/70000] loss=0.5691 lr=5.9e-06 (0.82s/step, ~3h49m left)
[step 53200/70000] loss=0.5784 lr=5.9e-06 (0.82s/step, ~3h48m left)
[step 53210/70000] loss=0.5721 lr=5.9e-06 (0.82s/step, ~3h49m left)
[step 53220/70000] loss=0.5726 lr=5.9e-06 (0.81s/step, ~3h47m left)
[step 53230/70000] loss=0.5848 lr=5.9e-06 (0.82s/step, ~3h48m left)
[step 53240/70000] loss=0.5872 lr=5.9e-06 (0.82s/step, ~3h48m left)
[step 53250/70000] loss=0.5717 lr=5.9e-06 (0.83s/step, ~3h51m left)
[step 53260/70000] loss=0.5840 lr=5.9e-06 (0.82s/step, ~3h48m left)
[step 53270/70000] loss=0.5764 lr=5.9e-06 (0.82s/step, ~3h48m left)
[step 53280/70000] loss=0.5834 lr=5.9e-06 (0.83s/step, ~3h50m left)
[step 53290/70000] loss=0.5696 lr=5.9e-06 (0.83s/step, ~3h49m left)
[step 53300/70000] loss=0.5754 lr=5.9e-06 (0.82s/step, ~3h48m left)
[step 53310/70000] loss=0.5849 lr=5.9e-06 (0.82s/step, ~3h48m left)
[step 53320/70000] loss=0.5639 lr=5.9e-06 (0.82s/step, ~3h48m left)
[step 53330/70000] loss=0.5885 lr=5.9e-06 (0.82s/step, ~3h46m left)
[step 53340/70000] loss=0.5614 lr=5.9e-06 (0.81s/step, ~3h45m left)
[step 53350/70000] loss=0.6024 lr=5.9e-06 (0.82s/step, ~3h46m left)
[step 53360/70000] loss=0.5594 lr=5.9e-06 (0.82s/step, ~3h47m left)
[step 53370/70000] loss=0.5791 lr=5.9e-06 (0.82s/step, ~3h47m left)
[step 53380/70000] loss=0.5849 lr=5.9e-06 (0.82s/step, ~3h46m left)
[step 53390/70000] loss=0.6113 lr=5.9e-06 (0.82s/step, ~3h47m left)
[step 53400/70000] loss=0.5721 lr=5.9e-06 (0.82s/step, ~3h47m left)
[step 53410/70000] loss=0.5874 lr=5.9e-06 (0.82s/step, ~3h46m left)
[step 53420/70000] loss=0.5714 lr=5.9e-06 (0.82s/step, ~3h46m left)
[step 53430/70000] loss=0.5884 lr=5.9e-06 (0.82s/step, ~3h46m left)
[step 53440/70000] loss=0.5835 lr=5.9e-06 (0.82s/step, ~3h45m left)
[step 53450/70000] loss=0.5690 lr=5.9e-06 (0.82s/step, ~3h45m left)
[step 53460/70000] loss=0.5586 lr=5.9e-06 (0.81s/step, ~3h44m left)
[step 53470/70000] loss=0.5698 lr=5.9e-06 (0.82s/step, ~3h45m left)
[step 53480/70000] loss=0.5684 lr=5.9e-06 (0.81s/step, ~3h44m left)
[step 53490/70000] loss=0.5607 lr=5.9e-06 (0.81s/step, ~3h43m left)
[step 53500/70000] loss=0.5776 lr=5.9e-06 (0.82s/step, ~3h44m left)
[step 53510/70000] loss=0.5876 lr=5.9e-06 (0.82s/step, ~3h45m left)
[step 53520/70000] loss=0.5809 lr=5.9e-06 (0.82s/step, ~3h44m left)
[step 53530/70000] loss=0.5821 lr=5.9e-06 (0.82s/step, ~3h44m left)
[step 53540/70000] loss=0.5796 lr=5.9e-06 (0.82s/step, ~3h44m left)
[step 53550/70000] loss=0.5878 lr=5.9e-06 (0.82s/step, ~3h43m left)
[step 53560/70000] loss=0.5772 lr=5.9e-06 (0.82s/step, ~3h44m left)
[step 53570/70000] loss=0.5747 lr=5.9e-06 (0.82s/step, ~3h43m left)
[step 53580/70000] loss=0.5804 lr=5.9e-06 (0.82s/step, ~3h44m left)
[step 53590/70000] loss=0.5795 lr=5.9e-06 (0.82s/step, ~3h43m left)
[step 53600/70000] loss=0.5766 lr=5.9e-06 (0.82s/step, ~3h43m left)
[step 53610/70000] loss=0.5798 lr=5.9e-06 (0.82s/step, ~3h43m left)
[step 53620/70000] loss=0.5683 lr=5.9e-06 (0.82s/step, ~3h44m left)
[step 53630/70000] loss=0.5646 lr=5.9e-06 (0.82s/step, ~3h43m left)
[step 53640/70000] loss=0.5779 lr=5.9e-06 (0.82s/step, ~3h43m left)
[step 53650/70000] loss=0.5781 lr=5.9e-06 (0.82s/step, ~3h43m left)
[step 53660/70000] loss=0.5924 lr=5.9e-06 (0.82s/step, ~3h44m left)
[step 53670/70000] loss=0.5750 lr=5.9e-06 (0.82s/step, ~3h43m left)
[step 53680/70000] loss=0.5789 lr=5.9e-06 (0.82s/step, ~3h41m left)
[step 53690/70000] loss=0.5806 lr=5.9e-06 (0.82s/step, ~3h42m left)
[step 53700/70000] loss=0.5861 lr=5.9e-06 (0.81s/step, ~3h41m left)
[step 53710/70000] loss=0.5682 lr=5.9e-06 (0.82s/step, ~3h41m left)
[step 53720/70000] loss=0.5674 lr=5.9e-06 (0.82s/step, ~3h41m left)
[step 53730/70000] loss=0.5709 lr=5.9e-06 (0.82s/step, ~3h42m left)
[step 53740/70000] loss=0.5765 lr=5.9e-06 (0.82s/step, ~3h41m left)
[step 53750/70000] loss=0.5725 lr=5.9e-06 (0.82s/step, ~3h41m left)
[step 53760/70000] loss=0.5711 lr=5.9e-06 (0.82s/step, ~3h41m left)
[step 53770/70000] loss=0.5889 lr=5.9e-06 (0.82s/step, ~3h42m left)
[step 53780/70000] loss=0.5901 lr=5.9e-06 (0.82s/step, ~3h41m left)
[step 53790/70000] loss=0.5985 lr=5.9e-06 (0.82s/step, ~3h42m left)
[step 53800/70000] loss=0.5658 lr=5.9e-06 (0.82s/step, ~3h42m left)
[step 53810/70000] loss=0.5670 lr=5.9e-06 (0.82s/step, ~3h40m left)
[step 53820/70000] loss=0.5646 lr=5.9e-06 (0.82s/step, ~3h41m left)
[step 53830/70000] loss=0.5830 lr=5.9e-06 (0.82s/step, ~3h40m left)
[step 53840/70000] loss=0.5663 lr=5.9e-06 (0.82s/step, ~3h41m left)
[step 53850/70000] loss=0.5973 lr=5.9e-06 (0.82s/step, ~3h40m left)
[step 53860/70000] loss=0.5603 lr=5.9e-06 (0.84s/step, ~3h46m left)
[step 53870/70000] loss=0.5765 lr=5.9e-06 (0.82s/step, ~3h40m left)
[step 53880/70000] loss=0.5778 lr=5.9e-06 (0.81s/step, ~3h38m left)
[step 53890/70000] loss=0.5714 lr=5.9e-06 (0.81s/step, ~3h38m left)
[step 53900/70000] loss=0.6049 lr=5.9e-06 (0.81s/step, ~3h37m left)
[step 53910/70000] loss=0.5795 lr=5.9e-06 (0.82s/step, ~3h38m left)
[step 53920/70000] loss=0.5734 lr=5.9e-06 (0.81s/step, ~3h37m left)
[step 53930/70000] loss=0.5856 lr=5.9e-06 (0.81s/step, ~3h37m left)
[step 53940/70000] loss=0.5955 lr=5.9e-06 (0.81s/step, ~3h37m left)
[step 53950/70000] loss=0.5716 lr=5.9e-06 (0.82s/step, ~3h39m left)
[step 53960/70000] loss=0.5754 lr=5.9e-06 (0.82s/step, ~3h39m left)
[step 53970/70000] loss=0.5681 lr=5.9e-06 (0.82s/step, ~3h38m left)
[step 53980/70000] loss=0.5666 lr=5.9e-06 (0.82s/step, ~3h38m left)
[step 53990/70000] loss=0.6002 lr=5.9e-06 (0.83s/step, ~3h40m left)
[step 54000/70000] loss=0.5710 lr=5.9e-06 (0.82s/step, ~3h39m left)
[step 54010/70000] loss=0.5812 lr=5.9e-06 (0.82s/step, ~3h39m left)
[step 54020/70000] loss=0.5757 lr=5.9e-06 (0.82s/step, ~3h39m left)
[step 54030/70000] loss=0.5673 lr=5.9e-06 (0.82s/step, ~3h38m left)
[step 54040/70000] loss=0.6071 lr=5.9e-06 (0.82s/step, ~3h38m left)
[step 54050/70000] loss=0.5883 lr=5.9e-06 (0.82s/step, ~3h38m left)
[step 54060/70000] loss=0.5944 lr=5.9e-06 (0.82s/step, ~3h38m left)
[step 54070/70000] loss=0.5966 lr=5.9e-06 (0.82s/step, ~3h38m left)
[step 54080/70000] loss=0.5804 lr=5.9e-06 (0.82s/step, ~3h37m left)
[step 54090/70000] loss=0.5698 lr=5.9e-06 (0.82s/step, ~3h37m left)
[step 54100/70000] loss=0.5669 lr=5.9e-06 (0.82s/step, ~3h37m left)
[step 54110/70000] loss=0.5817 lr=5.9e-06 (0.82s/step, ~3h37m left)
[step 54120/70000] loss=0.5872 lr=5.9e-06 (0.82s/step, ~3h37m left)
[step 54130/70000] loss=0.5879 lr=5.9e-06 (0.82s/step, ~3h37m left)
[step 54140/70000] loss=0.5753 lr=5.9e-06 (0.82s/step, ~3h36m left)
[step 54150/70000] loss=0.5812 lr=5.9e-06 (0.82s/step, ~3h35m left)
[step 54160/70000] loss=0.5656 lr=5.9e-06 (0.81s/step, ~3h34m left)
[step 54170/70000] loss=0.5888 lr=5.9e-06 (0.82s/step, ~3h35m left)
[step 54180/70000] loss=0.5789 lr=5.9e-06 (0.82s/step, ~3h35m left)
[step 54190/70000] loss=0.5819 lr=5.9e-06 (0.82s/step, ~3h36m left)
[step 54200/70000] loss=0.5658 lr=5.9e-06 (0.82s/step, ~3h36m left)
[step 54210/70000] loss=0.5751 lr=5.9e-06 (0.82s/step, ~3h36m left)
[step 54220/70000] loss=0.5694 lr=5.9e-06 (0.83s/step, ~3h37m left)
[step 54230/70000] loss=0.5749 lr=5.9e-06 (0.83s/step, ~3h37m left)
[step 54240/70000] loss=0.5862 lr=5.9e-06 (0.82s/step, ~3h35m left)
[step 54250/70000] loss=0.5795 lr=5.9e-06 (0.83s/step, ~3h37m left)
[step 54260/70000] loss=0.5724 lr=5.9e-06 (0.82s/step, ~3h35m left)
[step 54270/70000] loss=0.5704 lr=5.9e-06 (0.82s/step, ~3h33m left)
[step 54280/70000] loss=0.5851 lr=5.9e-06 (0.82s/step, ~3h34m left)
[step 54290/70000] loss=0.5624 lr=5.9e-06 (0.82s/step, ~3h35m left)
[step 54300/70000] loss=0.5744 lr=5.9e-06 (0.82s/step, ~3h34m left)
[step 54310/70000] loss=0.5859 lr=5.9e-06 (0.82s/step, ~3h34m left)
[step 54320/70000] loss=0.5707 lr=5.9e-06 (0.82s/step, ~3h33m left)
[step 54330/70000] loss=0.5725 lr=5.9e-06 (0.82s/step, ~3h34m left)
[step 54340/70000] loss=0.6106 lr=5.9e-06 (0.82s/step, ~3h33m left)
[step 54350/70000] loss=0.5625 lr=5.9e-06 (0.82s/step, ~3h32m left)
[step 54360/70000] loss=0.5801 lr=5.9e-06 (0.82s/step, ~3h32m left)
[step 54370/70000] loss=0.5929 lr=5.9e-06 (0.82s/step, ~3h33m left)
[step 54380/70000] loss=0.5815 lr=5.9e-06 (0.82s/step, ~3h32m left)
[step 54390/70000] loss=0.5657 lr=5.9e-06 (0.82s/step, ~3h32m left)
[step 54400/70000] loss=0.5786 lr=5.9e-06 (0.82s/step, ~3h33m left)
[step 54410/70000] loss=0.5972 lr=5.9e-06 (0.82s/step, ~3h33m left)
[step 54420/70000] loss=0.5909 lr=5.9e-06 (0.82s/step, ~3h33m left)
[step 54430/70000] loss=0.5755 lr=5.9e-06 (0.82s/step, ~3h33m left)
[step 54440/70000] loss=0.5875 lr=5.9e-06 (0.82s/step, ~3h33m left)
[step 54450/70000] loss=0.5720 lr=5.9e-06 (0.82s/step, ~3h33m left)
[step 54460/70000] loss=0.5628 lr=5.9e-06 (0.82s/step, ~3h33m left)
[step 54470/70000] loss=0.5724 lr=5.9e-06 (0.82s/step, ~3h32m left)
[step 54480/70000] loss=0.5811 lr=5.9e-06 (0.82s/step, ~3h33m left)
[step 54490/70000] loss=0.5677 lr=5.9e-06 (0.82s/step, ~3h32m left)
[step 54500/70000] loss=0.5622 lr=5.9e-06 (0.82s/step, ~3h31m left)
[step 54510/70000] loss=0.5855 lr=5.9e-06 (0.82s/step, ~3h31m left)
[step 54520/70000] loss=0.5767 lr=5.9e-06 (0.82s/step, ~3h32m left)
[step 54530/70000] loss=0.6001 lr=5.9e-06 (0.82s/step, ~3h31m left)
[step 54540/70000] loss=0.5817 lr=5.9e-06 (0.82s/step, ~3h31m left)
[step 54550/70000] loss=0.5639 lr=5.9e-06 (0.82s/step, ~3h30m left)
[step 54560/70000] loss=0.5741 lr=5.9e-06 (0.81s/step, ~3h29m left)
[step 54570/70000] loss=0.5994 lr=5.9e-06 (0.81s/step, ~3h29m left)
[step 54580/70000] loss=0.5631 lr=5.9e-06 (0.81s/step, ~3h29m left)
[step 54590/70000] loss=0.5603 lr=5.9e-06 (0.82s/step, ~3h30m left)
[step 54600/70000] loss=0.5825 lr=5.9e-06 (0.82s/step, ~3h29m left)
[step 54610/70000] loss=0.5780 lr=5.9e-06 (0.82s/step, ~3h29m left)
[step 54620/70000] loss=0.5801 lr=5.9e-06 (0.82s/step, ~3h29m left)
[step 54630/70000] loss=0.5711 lr=5.9e-06 (0.82s/step, ~3h30m left)
[step 54640/70000] loss=0.5914 lr=5.9e-06 (0.82s/step, ~3h30m left)
[step 54650/70000] loss=0.5717 lr=5.9e-06 (0.82s/step, ~3h29m left)
[step 54660/70000] loss=0.5824 lr=5.9e-06 (0.82s/step, ~3h29m left)
[step 54670/70000] loss=0.5678 lr=5.9e-06 (0.82s/step, ~3h28m left)
[step 54680/70000] loss=0.5605 lr=5.9e-06 (0.82s/step, ~3h29m left)
[step 54690/70000] loss=0.5733 lr=5.9e-06 (0.82s/step, ~3h28m left)
[step 54700/70000] loss=0.5846 lr=5.9e-06 (0.82s/step, ~3h29m left)
[step 54710/70000] loss=0.5849 lr=5.9e-06 (0.82s/step, ~3h28m left)
[step 54720/70000] loss=0.5844 lr=5.9e-06 (0.82s/step, ~3h27m left)
[step 54730/70000] loss=0.5896 lr=5.9e-06 (0.82s/step, ~3h27m left)
[step 54740/70000] loss=0.5940 lr=5.9e-06 (0.82s/step, ~3h29m left)
[step 54750/70000] loss=0.5640 lr=5.9e-06 (0.82s/step, ~3h28m left)
[step 54760/70000] loss=0.5682 lr=5.9e-06 (0.82s/step, ~3h27m left)
[step 54770/70000] loss=0.5834 lr=5.9e-06 (0.82s/step, ~3h27m left)
[step 54780/70000] loss=0.5688 lr=5.9e-06 (0.82s/step, ~3h28m left)
[step 54790/70000] loss=0.5830 lr=5.9e-06 (0.82s/step, ~3h27m left)
[step 54800/70000] loss=0.5773 lr=5.9e-06 (0.82s/step, ~3h27m left)
[step 54810/70000] loss=0.5782 lr=5.9e-06 (0.84s/step, ~3h32m left)
[step 54820/70000] loss=0.5772 lr=5.9e-06 (0.82s/step, ~3h27m left)
[step 54830/70000] loss=0.5760 lr=5.9e-06 (0.82s/step, ~3h27m left)
[step 54840/70000] loss=0.5791 lr=5.9e-06 (0.82s/step, ~3h27m left)
[step 54850/70000] loss=0.5775 lr=5.9e-06 (0.82s/step, ~3h27m left)
[step 54860/70000] loss=0.5785 lr=5.9e-06 (0.82s/step, ~3h26m left)
[step 54870/70000] loss=0.5668 lr=5.9e-06 (0.82s/step, ~3h26m left)
[step 54880/70000] loss=0.5758 lr=5.9e-06 (0.82s/step, ~3h25m left)
[step 54890/70000] loss=0.5687 lr=5.9e-06 (0.82s/step, ~3h26m left)
[step 54900/70000] loss=0.5993 lr=5.9e-06 (0.82s/step, ~3h25m left)
[step 54910/70000] loss=0.5810 lr=5.9e-06 (0.82s/step, ~3h25m left)
[step 54920/70000] loss=0.5606 lr=5.9e-06 (0.82s/step, ~3h25m left)
[step 54930/70000] loss=0.5763 lr=5.9e-06 (0.82s/step, ~3h25m left)
[step 54940/70000] loss=0.5910 lr=5.9e-06 (0.82s/step, ~3h24m left)
[step 54950/70000] loss=0.5973 lr=5.9e-06 (0.82s/step, ~3h25m left)
[step 54960/70000] loss=0.5812 lr=5.9e-06 (0.82s/step, ~3h26m left)
[step 54970/70000] loss=0.5717 lr=5.9e-06 (0.82s/step, ~3h25m left)
[step 54980/70000] loss=0.5708 lr=5.9e-06 (0.82s/step, ~3h24m left)
[step 54990/70000] loss=0.5677 lr=5.9e-06 (0.82s/step, ~3h25m left)
[step 55000/70000] loss=0.5718 lr=5.9e-06 (0.82s/step, ~3h25m left)
[eval @ step 55000] val_loss=0.5553 train_loss=0.5726
[saved] runs/finetune_001/step_0055000.pth
[step 55010/70000] loss=0.5763 lr=5.9e-06 (0.82s/step, ~3h24m left)
[step 55020/70000] loss=0.5705 lr=5.9e-06 (0.82s/step, ~3h24m left)
[step 55030/70000] loss=0.5841 lr=5.9e-06 (0.82s/step, ~3h23m left)
[step 55040/70000] loss=0.5891 lr=5.9e-06 (0.82s/step, ~3h23m left)
[step 55050/70000] loss=0.5724 lr=5.9e-06 (0.82s/step, ~3h23m left)
[step 55060/70000] loss=0.5912 lr=5.9e-06 (0.82s/step, ~3h24m left)
[step 55070/70000] loss=0.5751 lr=5.9e-06 (0.82s/step, ~3h23m left)
[step 55080/70000] loss=0.5689 lr=5.9e-06 (0.82s/step, ~3h23m left)
[step 55090/70000] loss=0.5774 lr=5.9e-06 (0.82s/step, ~3h23m left)
[step 55100/70000] loss=0.5870 lr=5.9e-06 (0.82s/step, ~3h23m left)
[step 55110/70000] loss=0.5808 lr=5.9e-06 (0.82s/step, ~3h22m left)
[step 55120/70000] loss=0.5778 lr=5.9e-06 (0.82s/step, ~3h23m left)
[step 55130/70000] loss=0.5650 lr=5.9e-06 (0.82s/step, ~3h22m left)
[step 55140/70000] loss=0.5722 lr=5.9e-06 (0.82s/step, ~3h23m left)
[step 55150/70000] loss=0.5832 lr=5.9e-06 (0.82s/step, ~3h22m left)
[step 55160/70000] loss=0.5822 lr=5.9e-06 (0.82s/step, ~3h22m left)
[step 55170/70000] loss=0.5770 lr=5.9e-06 (0.82s/step, ~3h23m left)
[step 55180/70000] loss=0.5775 lr=5.9e-06 (0.82s/step, ~3h23m left)
[step 55190/70000] loss=0.5650 lr=5.9e-06 (0.82s/step, ~3h21m left)
[step 55200/70000] loss=0.5731 lr=5.9e-06 (0.82s/step, ~3h21m left)
[step 55210/70000] loss=0.5752 lr=5.9e-06 (0.82s/step, ~3h22m left)
[step 55220/70000] loss=0.5812 lr=5.9e-06 (0.82s/step, ~3h21m left)
[step 55230/70000] loss=0.5775 lr=5.9e-06 (0.82s/step, ~3h21m left)
[step 55240/70000] loss=0.5654 lr=5.9e-06 (0.82s/step, ~3h21m left)
[step 55250/70000] loss=0.5792 lr=5.9e-06 (0.82s/step, ~3h22m left)
[step 55260/70000] loss=0.5776 lr=5.9e-06 (0.82s/step, ~3h21m left)
[step 55270/70000] loss=0.5827 lr=5.9e-06 (0.82s/step, ~3h20m left)
[step 55280/70000] loss=0.5814 lr=5.9e-06 (0.82s/step, ~3h21m left)
[step 55290/70000] loss=0.6012 lr=5.9e-06 (0.82s/step, ~3h20m left)
[step 55300/70000] loss=0.5874 lr=5.9e-06 (0.82s/step, ~3h19m left)
[step 55310/70000] loss=0.5814 lr=5.9e-06 (0.82s/step, ~3h19m left)
[step 55320/70000] loss=0.5774 lr=5.9e-06 (0.82s/step, ~3h21m left)
[step 55330/70000] loss=0.5800 lr=5.9e-06 (0.82s/step, ~3h20m left)
[step 55340/70000] loss=0.5648 lr=5.9e-06 (0.82s/step, ~3h19m left)
[step 55350/70000] loss=0.5946 lr=5.9e-06 (0.82s/step, ~3h19m left)
[step 55360/70000] loss=0.5831 lr=5.9e-06 (0.82s/step, ~3h20m left)
[step 55370/70000] loss=0.5805 lr=5.9e-06 (0.82s/step, ~3h19m left)
[step 55380/70000] loss=0.5665 lr=5.9e-06 (0.82s/step, ~3h19m left)
[step 55390/70000] loss=0.5657 lr=5.9e-06 (0.82s/step, ~3h20m left)
[step 55400/70000] loss=0.5807 lr=5.9e-06 (0.82s/step, ~3h20m left)
[step 55410/70000] loss=0.5723 lr=5.9e-06 (0.82s/step, ~3h18m left)
[step 55420/70000] loss=0.5691 lr=5.9e-06 (0.82s/step, ~3h18m left)
[step 55430/70000] loss=0.5903 lr=5.9e-06 (0.82s/step, ~3h19m left)
[step 55440/70000] loss=0.5804 lr=5.9e-06 (0.82s/step, ~3h18m left)
[step 55450/70000] loss=0.5719 lr=5.9e-06 (0.81s/step, ~3h17m left)
[step 55460/70000] loss=0.5796 lr=5.9e-06 (0.81s/step, ~3h17m left)
[step 55470/70000] loss=0.5992 lr=5.9e-06 (0.82s/step, ~3h18m left)
[step 55480/70000] loss=0.5693 lr=5.9e-06 (0.81s/step, ~3h17m left)
[step 55490/70000] loss=0.5652 lr=5.9e-06 (0.81s/step, ~3h16m left)
[step 55500/70000] loss=0.5800 lr=5.9e-06 (0.81s/step, ~3h16m left)
[step 55510/70000] loss=0.5899 lr=5.9e-06 (0.82s/step, ~3h17m left)
[step 55520/70000] loss=0.5558 lr=5.9e-06 (0.81s/step, ~3h16m left)
[step 55530/70000] loss=0.5761 lr=5.9e-06 (0.82s/step, ~3h16m left)
[step 55540/70000] loss=0.5651 lr=5.9e-06 (0.82s/step, ~3h17m left)
[step 55550/70000] loss=0.5720 lr=5.9e-06 (0.82s/step, ~3h17m left)
[step 55560/70000] loss=0.5823 lr=5.9e-06 (0.82s/step, ~3h16m left)
[step 55570/70000] loss=0.5745 lr=5.9e-06 (0.82s/step, ~3h17m left)
[step 55580/70000] loss=0.5727 lr=5.9e-06 (0.82s/step, ~3h17m left)
[step 55590/70000] loss=0.5748 lr=5.9e-06 (0.82s/step, ~3h16m left)
[step 55600/70000] loss=0.5653 lr=5.9e-06 (0.82s/step, ~3h15m left)
[step 55610/70000] loss=0.5848 lr=5.9e-06 (0.82s/step, ~3h15m left)
[step 55620/70000] loss=0.5819 lr=5.9e-06 (0.82s/step, ~3h16m left)
[step 55630/70000] loss=0.5777 lr=5.9e-06 (0.82s/step, ~3h15m left)
[step 55640/70000] loss=0.5807 lr=5.9e-06 (0.82s/step, ~3h15m left)
[step 55650/70000] loss=0.5760 lr=5.9e-06 (0.82s/step, ~3h15m left)
[step 55660/70000] loss=0.5748 lr=5.9e-06 (0.82s/step, ~3h16m left)
[step 55670/70000] loss=0.5821 lr=5.9e-06 (0.82s/step, ~3h15m left)
[step 55680/70000] loss=0.5716 lr=5.9e-06 (0.82s/step, ~3h15m left)
[step 55690/70000] loss=0.5793 lr=5.9e-06 (0.82s/step, ~3h16m left)
[step 55700/70000] loss=0.5909 lr=5.9e-06 (0.82s/step, ~3h14m left)
[step 55710/70000] loss=0.5785 lr=5.9e-06 (0.82s/step, ~3h14m left)
[step 55720/70000] loss=0.5792 lr=5.9e-06 (0.82s/step, ~3h14m left)
[step 55730/70000] loss=0.5841 lr=5.9e-06 (0.82s/step, ~3h14m left)
[step 55740/70000] loss=0.5868 lr=5.9e-06 (0.81s/step, ~3h13m left)
[step 55750/70000] loss=0.5722 lr=5.9e-06 (0.81s/step, ~3h13m left)
[step 55760/70000] loss=0.5799 lr=5.9e-06 (0.81s/step, ~3h12m left)
[step 55770/70000] loss=0.5843 lr=5.9e-06 (0.81s/step, ~3h13m left)
[step 55780/70000] loss=0.5785 lr=5.9e-06 (0.81s/step, ~3h12m left)
[step 55790/70000] loss=0.5662 lr=5.9e-06 (0.81s/step, ~3h13m left)
[step 55800/70000] loss=0.5809 lr=5.9e-06 (0.82s/step, ~3h13m left)
[step 55810/70000] loss=0.5775 lr=5.9e-06 (0.82s/step, ~3h13m left)
[step 55820/70000] loss=0.5867 lr=5.9e-06 (0.82s/step, ~3h13m left)
[step 55830/70000] loss=0.5626 lr=5.9e-06 (0.82s/step, ~3h12m left)
[step 55840/70000] loss=0.5631 lr=5.9e-06 (0.82s/step, ~3h13m left)
[step 55850/70000] loss=0.5664 lr=5.9e-06 (0.82s/step, ~3h13m left)
[step 55860/70000] loss=0.5642 lr=5.9e-06 (0.82s/step, ~3h12m left)
[step 55870/70000] loss=0.5851 lr=5.9e-06 (0.82s/step, ~3h12m left)
[step 55880/70000] loss=0.5918 lr=5.9e-06 (0.82s/step, ~3h12m left)
[step 55890/70000] loss=0.5757 lr=5.9e-06 (0.82s/step, ~3h12m left)
[step 55900/70000] loss=0.5766 lr=5.9e-06 (0.82s/step, ~3h12m left)
[step 55910/70000] loss=0.5807 lr=5.9e-06 (0.82s/step, ~3h12m left)
[step 55920/70000] loss=0.5839 lr=5.9e-06 (0.82s/step, ~3h11m left)
[step 55930/70000] loss=0.5798 lr=5.9e-06 (0.82s/step, ~3h11m left)
[step 55940/70000] loss=0.5653 lr=5.9e-06 (0.82s/step, ~3h10m left)
[step 55950/70000] loss=0.5776 lr=5.9e-06 (0.82s/step, ~3h11m left)
[step 55960/70000] loss=0.5833 lr=5.9e-06 (0.82s/step, ~3h11m left)
[step 55970/70000] loss=0.5734 lr=5.9e-06 (0.82s/step, ~3h11m left)
[step 55980/70000] loss=0.5760 lr=5.9e-06 (0.82s/step, ~3h12m left)
[step 55990/70000] loss=0.5645 lr=5.9e-06 (0.82s/step, ~3h12m left)
[step 56000/70000] loss=0.5836 lr=5.9e-06 (0.82s/step, ~3h11m left)
[step 56010/70000] loss=0.5621 lr=5.9e-06 (0.82s/step, ~3h10m left)
[step 56020/70000] loss=0.5941 lr=5.9e-06 (0.82s/step, ~3h10m left)
[step 56030/70000] loss=0.5908 lr=5.9e-06 (0.82s/step, ~3h10m left)
[step 56040/70000] loss=0.5801 lr=5.9e-06 (0.82s/step, ~3h09m left)
[step 56050/70000] loss=0.5784 lr=5.9e-06 (0.82s/step, ~3h09m left)
[step 56060/70000] loss=0.5993 lr=5.9e-06 (0.82s/step, ~3h09m left)
[step 56070/70000] loss=0.5835 lr=5.9e-06 (0.81s/step, ~3h08m left)
[step 56080/70000] loss=0.5744 lr=5.9e-06 (0.81s/step, ~3h08m left)
[step 56090/70000] loss=0.5709 lr=5.9e-06 (0.81s/step, ~3h08m left)
[step 56100/70000] loss=0.5616 lr=5.9e-06 (0.82s/step, ~3h09m left)
[step 56110/70000] loss=0.5721 lr=5.9e-06 (0.82s/step, ~3h09m left)
[step 56120/70000] loss=0.5789 lr=5.9e-06 (0.82s/step, ~3h09m left)
[step 56130/70000] loss=0.5667 lr=5.9e-06 (0.82s/step, ~3h09m left)
[step 56140/70000] loss=0.5906 lr=5.9e-06 (0.82s/step, ~3h09m left)
[step 56150/70000] loss=0.5711 lr=5.9e-06 (0.82s/step, ~3h09m left)
[step 56160/70000] loss=0.5883 lr=5.9e-06 (0.82s/step, ~3h09m left)
[step 56170/70000] loss=0.5798 lr=5.9e-06 (0.82s/step, ~3h09m left)
[step 56180/70000] loss=0.5669 lr=5.9e-06 (0.82s/step, ~3h08m left)
[step 56190/70000] loss=0.5960 lr=5.9e-06 (0.82s/step, ~3h08m left)
[step 56200/70000] loss=0.5723 lr=5.9e-06 (0.82s/step, ~3h08m left)
[step 56210/70000] loss=0.5715 lr=5.9e-06 (0.82s/step, ~3h08m left)
[step 56220/70000] loss=0.5873 lr=5.9e-06 (0.82s/step, ~3h08m left)
[step 56230/70000] loss=0.6097 lr=5.9e-06 (0.82s/step, ~3h07m left)
[step 56240/70000] loss=0.5906 lr=5.9e-06 (0.82s/step, ~3h07m left)
[step 56250/70000] loss=0.5907 lr=5.9e-06 (0.82s/step, ~3h07m left)
[step 56260/70000] loss=0.5684 lr=5.9e-06 (0.82s/step, ~3h06m left)
[step 56270/70000] loss=0.5869 lr=5.9e-06 (0.82s/step, ~3h06m left)
[step 56280/70000] loss=0.5701 lr=5.9e-06 (0.82s/step, ~3h07m left)
[step 56290/70000] loss=0.5660 lr=5.9e-06 (0.82s/step, ~3h06m left)
[step 56300/70000] loss=0.5809 lr=5.9e-06 (0.82s/step, ~3h06m left)
[step 56310/70000] loss=0.5736 lr=5.9e-06 (0.82s/step, ~3h06m left)
[step 56320/70000] loss=0.5912 lr=5.9e-06 (0.82s/step, ~3h07m left)
[step 56330/70000] loss=0.5846 lr=5.9e-06 (0.82s/step, ~3h06m left)
[step 56340/70000] loss=0.5781 lr=5.9e-06 (0.82s/step, ~3h06m left)
[step 56350/70000] loss=0.5680 lr=5.9e-06 (0.82s/step, ~3h06m left)
[step 56360/70000] loss=0.5742 lr=5.9e-06 (0.82s/step, ~3h07m left)
[step 56370/70000] loss=0.5772 lr=5.9e-06 (0.82s/step, ~3h06m left)
[step 56380/70000] loss=0.5762 lr=5.9e-06 (0.82s/step, ~3h06m left)
[step 56390/70000] loss=0.5712 lr=5.9e-06 (0.82s/step, ~3h06m left)
[step 56400/70000] loss=0.5649 lr=5.9e-06 (0.82s/step, ~3h05m left)
[step 56410/70000] loss=0.5609 lr=5.9e-06 (0.82s/step, ~3h05m left)
[step 56420/70000] loss=0.5708 lr=5.9e-06 (0.82s/step, ~3h05m left)
[step 56430/70000] loss=0.5725 lr=5.9e-06 (0.82s/step, ~3h05m left)
[step 56440/70000] loss=0.5784 lr=5.9e-06 (0.81s/step, ~3h04m left)
[step 56450/70000] loss=0.5748 lr=5.9e-06 (0.82s/step, ~3h04m left)
[step 56460/70000] loss=0.5989 lr=5.9e-06 (0.82s/step, ~3h04m left)
[step 56470/70000] loss=0.5732 lr=5.9e-06 (0.82s/step, ~3h04m left)
[step 56480/70000] loss=0.5838 lr=5.9e-06 (0.82s/step, ~3h04m left)
[step 56490/70000] loss=0.5668 lr=5.9e-06 (0.81s/step, ~3h03m left)
[step 56500/70000] loss=0.5729 lr=5.9e-06 (0.82s/step, ~3h03m left)
[step 56510/70000] loss=0.5704 lr=5.9e-06 (0.82s/step, ~3h05m left)
[step 56520/70000] loss=0.5697 lr=5.9e-06 (0.82s/step, ~3h04m left)
[step 56530/70000] loss=0.5923 lr=5.9e-06 (0.82s/step, ~3h03m left)
[step 56540/70000] loss=0.5788 lr=5.9e-06 (0.82s/step, ~3h04m left)
[step 56550/70000] loss=0.5800 lr=5.9e-06 (0.82s/step, ~3h03m left)
[step 56560/70000] loss=0.5654 lr=5.9e-06 (0.82s/step, ~3h03m left)
[step 56570/70000] loss=0.5763 lr=5.9e-06 (0.82s/step, ~3h03m left)
[step 56580/70000] loss=0.5881 lr=5.9e-06 (0.82s/step, ~3h03m left)
[step 56590/70000] loss=0.5602 lr=5.9e-06 (0.82s/step, ~3h02m left)
[step 56600/70000] loss=0.6039 lr=5.9e-06 (0.82s/step, ~3h02m left)
[step 56610/70000] loss=0.5757 lr=5.9e-06 (0.82s/step, ~3h01m left)
[step 56620/70000] loss=0.5718 lr=5.9e-06 (0.82s/step, ~3h02m left)
[step 56630/70000] loss=0.5705 lr=5.9e-06 (0.82s/step, ~3h02m left)
[step 56640/70000] loss=0.5760 lr=5.9e-06 (0.82s/step, ~3h01m left)
[step 56650/70000] loss=0.5718 lr=5.9e-06 (0.82s/step, ~3h01m left)
[step 56660/70000] loss=0.5873 lr=5.9e-06 (0.82s/step, ~3h02m left)
[step 56670/70000] loss=0.5698 lr=5.9e-06 (0.82s/step, ~3h01m left)
[step 56680/70000] loss=0.5696 lr=5.9e-06 (0.82s/step, ~3h01m left)
[step 56690/70000] loss=0.5679 lr=5.9e-06 (0.82s/step, ~3h01m left)
[step 56700/70000] loss=0.5792 lr=5.9e-06 (0.82s/step, ~3h02m left)
[step 56710/70000] loss=0.5729 lr=5.9e-06 (0.82s/step, ~3h01m left)
[step 56720/70000] loss=0.5734 lr=5.9e-06 (0.82s/step, ~3h01m left)
[step 56730/70000] loss=0.5759 lr=5.9e-06 (0.82s/step, ~3h01m left)
[step 56740/70000] loss=0.5804 lr=5.9e-06 (0.82s/step, ~3h00m left)
[step 56750/70000] loss=0.5703 lr=5.9e-06 (0.82s/step, ~3h00m left)
[step 56760/70000] loss=0.5625 lr=5.9e-06 (0.82s/step, ~3h00m left)
[step 56770/70000] loss=0.5952 lr=5.9e-06 (0.82s/step, ~3h00m left)
[step 56780/70000] loss=0.5786 lr=5.9e-06 (0.82s/step, ~3h00m left)
[step 56790/70000] loss=0.5853 lr=5.9e-06 (0.82s/step, ~3h00m left)
[step 56800/70000] loss=0.5954 lr=5.9e-06 (0.82s/step, ~2h59m left)
[step 56810/70000] loss=0.5931 lr=5.9e-06 (0.82s/step, ~3h00m left)
[step 56820/70000] loss=0.5850 lr=5.9e-06 (0.82s/step, ~2h59m left)
[step 56830/70000] loss=0.5813 lr=5.9e-06 (0.82s/step, ~2h59m left)
[step 56840/70000] loss=0.5976 lr=5.9e-06 (0.82s/step, ~2h59m left)
[step 56850/70000] loss=0.5917 lr=5.9e-06 (0.82s/step, ~3h00m left)
[step 56860/70000] loss=0.5695 lr=5.9e-06 (0.82s/step, ~2h59m left)
[step 56870/70000] loss=0.5855 lr=5.9e-06 (0.82s/step, ~2h59m left)
[step 56880/70000] loss=0.5752 lr=5.9e-06 (0.82s/step, ~3h00m left)
[step 56890/70000] loss=0.5835 lr=5.9e-06 (0.82s/step, ~2h58m left)
[step 56900/70000] loss=0.5949 lr=5.9e-06 (0.82s/step, ~2h58m left)
[step 56910/70000] loss=0.5940 lr=5.9e-06 (0.82s/step, ~2h58m left)
[step 56920/70000] loss=0.5857 lr=5.9e-06 (0.82s/step, ~2h59m left)
[step 56930/70000] loss=0.5655 lr=5.9e-06 (0.82s/step, ~2h58m left)
[step 56940/70000] loss=0.5682 lr=5.9e-06 (0.82s/step, ~2h58m left)
[step 56950/70000] loss=0.5770 lr=5.9e-06 (0.82s/step, ~2h57m left)
[step 56960/70000] loss=0.5579 lr=5.9e-06 (0.82s/step, ~2h58m left)
[step 56970/70000] loss=0.5764 lr=5.9e-06 (0.81s/step, ~2h56m left)
[step 56980/70000] loss=0.5601 lr=5.9e-06 (0.81s/step, ~2h56m left)
[step 56990/70000] loss=0.5912 lr=5.9e-06 (0.82s/step, ~2h57m left)
[step 57000/70000] loss=0.5983 lr=5.9e-06 (0.82s/step, ~2h56m left)
[step 57010/70000] loss=0.5748 lr=5.9e-06 (0.82s/step, ~2h56m left)
[step 57020/70000] loss=0.5760 lr=5.9e-06 (0.81s/step, ~2h56m left)
[step 57030/70000] loss=0.5919 lr=5.9e-06 (0.82s/step, ~2h57m left)
[step 57040/70000] loss=0.5820 lr=5.9e-06 (0.82s/step, ~2h56m left)
[step 57050/70000] loss=0.5875 lr=5.9e-06 (0.82s/step, ~2h55m left)
[step 57060/70000] loss=0.5781 lr=5.9e-06 (0.81s/step, ~2h55m left)
[step 57070/70000] loss=0.5801 lr=5.9e-06 (0.82s/step, ~2h56m left)
[step 57080/70000] loss=0.5915 lr=5.9e-06 (0.82s/step, ~2h55m left)
[step 57090/70000] loss=0.5852 lr=5.9e-06 (0.82s/step, ~2h55m left)
[step 57100/70000] loss=0.5714 lr=5.9e-06 (0.82s/step, ~2h56m left)
[step 57110/70000] loss=0.5704 lr=5.9e-06 (0.82s/step, ~2h55m left)
[step 57120/70000] loss=0.5731 lr=5.9e-06 (0.82s/step, ~2h55m left)
[step 57130/70000] loss=0.6001 lr=5.9e-06 (0.82s/step, ~2h55m left)
[step 57140/70000] loss=0.5817 lr=5.9e-06 (0.82s/step, ~2h55m left)
[step 57150/70000] loss=0.5644 lr=5.9e-06 (0.82s/step, ~2h55m left)
[step 57160/70000] loss=0.5810 lr=5.9e-06 (0.82s/step, ~2h54m left)
[step 57170/70000] loss=0.5608 lr=5.9e-06 (0.82s/step, ~2h54m left)
[step 57180/70000] loss=0.5838 lr=5.9e-06 (0.82s/step, ~2h55m left)
[step 57190/70000] loss=0.5703 lr=5.9e-06 (0.82s/step, ~2h54m left)
[step 57200/70000] loss=0.5765 lr=5.9e-06 (0.82s/step, ~2h54m left)
[step 57210/70000] loss=0.5711 lr=5.9e-06 (0.82s/step, ~2h54m left)
[step 57220/70000] loss=0.5815 lr=5.9e-06 (0.82s/step, ~2h54m left)
[step 57230/70000] loss=0.5921 lr=5.9e-06 (0.82s/step, ~2h54m left)
[step 57240/70000] loss=0.5733 lr=5.9e-06 (0.82s/step, ~2h53m left)
[step 57250/70000] loss=0.5844 lr=5.9e-06 (0.82s/step, ~2h54m left)
[step 57260/70000] loss=0.6001 lr=5.9e-06 (0.82s/step, ~2h53m left)
[step 57270/70000] loss=0.5810 lr=5.9e-06 (0.82s/step, ~2h53m left)
[step 57280/70000] loss=0.5705 lr=5.9e-06 (0.82s/step, ~2h53m left)
[step 57290/70000] loss=0.5762 lr=5.9e-06 (0.82s/step, ~2h54m left)
[step 57300/70000] loss=0.5832 lr=5.9e-06 (0.82s/step, ~2h53m left)
[step 57310/70000] loss=0.5797 lr=5.9e-06 (0.82s/step, ~2h53m left)
[step 57320/70000] loss=0.5773 lr=5.9e-06 (0.82s/step, ~2h53m left)
[step 57330/70000] loss=0.5636 lr=5.9e-06 (0.82s/step, ~2h53m left)
[step 57340/70000] loss=0.5710 lr=5.9e-06 (0.82s/step, ~2h52m left)
[step 57350/70000] loss=0.5774 lr=5.9e-06 (0.82s/step, ~2h52m left)
[step 57360/70000] loss=0.5991 lr=5.9e-06 (0.82s/step, ~2h53m left)
[step 57370/70000] loss=0.5873 lr=5.9e-06 (0.82s/step, ~2h52m left)
[step 57380/70000] loss=0.5896 lr=5.9e-06 (0.82s/step, ~2h52m left)
[step 57390/70000] loss=0.5778 lr=5.9e-06 (0.82s/step, ~2h52m left)
[step 57400/70000] loss=0.5669 lr=5.9e-06 (0.82s/step, ~2h52m left)
[step 57410/70000] loss=0.5896 lr=5.9e-06 (0.82s/step, ~2h52m left)
[step 57420/70000] loss=0.5782 lr=5.9e-06 (0.82s/step, ~2h51m left)
[step 57430/70000] loss=0.5664 lr=5.9e-06 (0.82s/step, ~2h51m left)
[step 57440/70000] loss=0.5606 lr=5.9e-06 (0.82s/step, ~2h52m left)
[step 57450/70000] loss=0.5851 lr=5.9e-06 (0.82s/step, ~2h51m left)
[step 57460/70000] loss=0.5884 lr=5.9e-06 (0.82s/step, ~2h50m left)
[step 57470/70000] loss=0.5882 lr=5.9e-06 (0.82s/step, ~2h51m left)
[step 57480/70000] loss=0.5783 lr=5.9e-06 (0.82s/step, ~2h50m left)
[step 57490/70000] loss=0.5769 lr=5.9e-06 (0.82s/step, ~2h51m left)
[step 57500/70000] loss=0.5809 lr=5.9e-06 (0.82s/step, ~2h50m left)
[eval @ step 57500] val_loss=0.5562 train_loss=0.5825
[saved] runs/finetune_001/step_0057500.pth
[step 57510/70000] loss=0.5749 lr=5.9e-06 (0.82s/step, ~2h50m left)
[step 57520/70000] loss=0.5786 lr=5.9e-06 (0.82s/step, ~2h50m left)
[step 57530/70000] loss=0.5894 lr=5.9e-06 (0.82s/step, ~2h50m left)
[step 57540/70000] loss=0.5839 lr=5.9e-06 (0.82s/step, ~2h50m left)
[step 57550/70000] loss=0.5879 lr=5.9e-06 (0.82s/step, ~2h49m left)
[step 57560/70000] loss=0.5746 lr=5.9e-06 (0.82s/step, ~2h49m left)
[step 57570/70000] loss=0.5744 lr=5.9e-06 (0.82s/step, ~2h50m left)
[step 57580/70000] loss=0.5723 lr=5.9e-06 (0.82s/step, ~2h49m left)
[step 57590/70000] loss=0.5797 lr=5.9e-06 (0.82s/step, ~2h48m left)
[step 57600/70000] loss=0.5935 lr=5.9e-06 (0.82s/step, ~2h48m left)
[step 57610/70000] loss=0.5834 lr=5.9e-06 (0.82s/step, ~2h49m left)
[step 57620/70000] loss=0.5893 lr=5.9e-06 (0.82s/step, ~2h48m left)
[step 57630/70000] loss=0.5887 lr=5.9e-06 (0.82s/step, ~2h48m left)
[step 57640/70000] loss=0.5874 lr=5.9e-06 (0.82s/step, ~2h48m left)
[step 57650/70000] loss=0.5966 lr=5.9e-06 (0.82s/step, ~2h49m left)
[step 57660/70000] loss=0.5751 lr=5.9e-06 (0.81s/step, ~2h47m left)
[step 57670/70000] loss=0.5768 lr=5.9e-06 (0.81s/step, ~2h47m left)
[step 57680/70000] loss=0.5819 lr=5.9e-06 (0.82s/step, ~2h47m left)
[step 57690/70000] loss=0.5844 lr=5.9e-06 (0.82s/step, ~2h48m left)
[step 57700/70000] loss=0.5847 lr=5.9e-06 (0.82s/step, ~2h47m left)
[step 57710/70000] loss=0.5789 lr=5.9e-06 (0.82s/step, ~2h47m left)
[step 57720/70000] loss=0.5745 lr=5.9e-06 (0.82s/step, ~2h47m left)
[step 57730/70000] loss=0.5737 lr=5.9e-06 (0.82s/step, ~2h47m left)
[step 57740/70000] loss=0.5899 lr=5.9e-06 (0.82s/step, ~2h47m left)
[step 57750/70000] loss=0.5800 lr=5.9e-06 (0.82s/step, ~2h47m left)
[step 57760/70000] loss=0.5822 lr=5.9e-06 (0.82s/step, ~2h47m left)
[step 57770/70000] loss=0.5921 lr=5.9e-06 (0.82s/step, ~2h47m left)
[step 57780/70000] loss=0.5945 lr=5.9e-06 (0.82s/step, ~2h46m left)
[step 57790/70000] loss=0.5743 lr=5.9e-06 (0.82s/step, ~2h46m left)
[step 57800/70000] loss=0.5755 lr=5.9e-06 (0.82s/step, ~2h46m left)
[step 57810/70000] loss=0.5846 lr=5.9e-06 (0.82s/step, ~2h46m left)
[step 57820/70000] loss=0.5795 lr=5.9e-06 (0.82s/step, ~2h45m left)
[step 57830/70000] loss=0.5740 lr=5.9e-06 (0.82s/step, ~2h46m left)
[step 57840/70000] loss=0.5679 lr=5.9e-06 (0.82s/step, ~2h45m left)
[step 57850/70000] loss=0.5700 lr=5.9e-06 (0.82s/step, ~2h46m left)
[step 57860/70000] loss=0.5593 lr=5.9e-06 (0.82s/step, ~2h45m left)
[step 57870/70000] loss=0.5863 lr=5.9e-06 (0.82s/step, ~2h45m left)
[step 57880/70000] loss=0.5695 lr=5.9e-06 (0.82s/step, ~2h45m left)
[step 57890/70000] loss=0.5941 lr=5.9e-06 (0.82s/step, ~2h45m left)
[step 57900/70000] loss=0.5794 lr=5.9e-06 (0.82s/step, ~2h44m left)
[step 57910/70000] loss=0.5765 lr=5.9e-06 (0.82s/step, ~2h45m left)
[step 57920/70000] loss=0.5842 lr=5.9e-06 (0.82s/step, ~2h44m left)
[step 57930/70000] loss=0.5722 lr=5.9e-06 (0.82s/step, ~2h45m left)
[step 57940/70000] loss=0.5777 lr=5.9e-06 (0.82s/step, ~2h44m left)
[step 57950/70000] loss=0.5759 lr=5.9e-06 (0.82s/step, ~2h44m left)
[step 57960/70000] loss=0.5840 lr=5.9e-06 (0.82s/step, ~2h44m left)
[step 57970/70000] loss=0.5837 lr=5.9e-06 (0.82s/step, ~2h44m left)
[step 57980/70000] loss=0.5648 lr=5.9e-06 (0.82s/step, ~2h44m left)
[step 57990/70000] loss=0.5771 lr=5.9e-06 (0.82s/step, ~2h43m left)
[step 58000/70000] loss=0.6156 lr=5.9e-06 (0.82s/step, ~2h44m left)
[step 58010/70000] loss=0.5838 lr=5.9e-06 (0.82s/step, ~2h43m left)
[step 58020/70000] loss=0.5813 lr=5.9e-06 (0.82s/step, ~2h44m left)
[step 58030/70000] loss=0.5619 lr=5.9e-06 (0.82s/step, ~2h43m left)
[step 58040/70000] loss=0.5614 lr=5.9e-06 (0.82s/step, ~2h43m left)
[step 58050/70000] loss=0.5638 lr=5.9e-06 (0.82s/step, ~2h43m left)
[step 58060/70000] loss=0.5810 lr=5.9e-06 (0.82s/step, ~2h42m left)
[step 58070/70000] loss=0.5716 lr=5.9e-06 (0.82s/step, ~2h42m left)
[step 58080/70000] loss=0.6108 lr=5.9e-06 (0.82s/step, ~2h43m left)
[step 58090/70000] loss=0.5922 lr=5.9e-06 (0.82s/step, ~2h43m left)
[step 58100/70000] loss=0.5788 lr=5.9e-06 (0.82s/step, ~2h42m left)
[step 58110/70000] loss=0.5680 lr=5.9e-06 (0.82s/step, ~2h42m left)
[step 58120/70000] loss=0.5619 lr=5.9e-06 (0.82s/step, ~2h42m left)
[step 58130/70000] loss=0.5721 lr=5.9e-06 (0.82s/step, ~2h42m left)
[step 58140/70000] loss=0.5764 lr=5.9e-06 (0.82s/step, ~2h42m left)
[step 58150/70000] loss=0.5938 lr=5.9e-06 (0.82s/step, ~2h41m left)
[step 58160/70000] loss=0.5732 lr=5.9e-06 (0.82s/step, ~2h42m left)
[step 58170/70000] loss=0.5791 lr=5.9e-06 (0.82s/step, ~2h41m left)
[step 58180/70000] loss=0.5708 lr=5.9e-06 (0.82s/step, ~2h41m left)
[step 58190/70000] loss=0.5558 lr=5.9e-06 (0.82s/step, ~2h40m left)
[step 58200/70000] loss=0.5790 lr=5.9e-06 (0.82s/step, ~2h40m left)
[step 58210/70000] loss=0.5726 lr=5.9e-06 (0.82s/step, ~2h41m left)
[step 58220/70000] loss=0.5794 lr=5.9e-06 (0.82s/step, ~2h41m left)
[step 58230/70000] loss=0.5752 lr=5.9e-06 (0.82s/step, ~2h41m left)
[step 58240/70000] loss=0.5801 lr=5.9e-06 (0.82s/step, ~2h40m left)
[step 58250/70000] loss=0.5864 lr=5.9e-06 (0.82s/step, ~2h40m left)
[step 58260/70000] loss=0.5876 lr=5.9e-06 (0.82s/step, ~2h40m left)
[step 58270/70000] loss=0.5867 lr=5.9e-06 (0.82s/step, ~2h40m left)
[step 58280/70000] loss=0.5659 lr=5.9e-06 (0.82s/step, ~2h40m left)
[step 58290/70000] loss=0.5779 lr=5.9e-06 (0.82s/step, ~2h39m left)
[step 58300/70000] loss=0.5802 lr=5.9e-06 (0.82s/step, ~2h40m left)
[step 58310/70000] loss=0.5765 lr=5.9e-06 (0.83s/step, ~2h40m left)
[step 58320/70000] loss=0.5923 lr=5.9e-06 (0.82s/step, ~2h39m left)
[step 58330/70000] loss=0.5763 lr=5.9e-06 (0.82s/step, ~2h39m left)
[step 58340/70000] loss=0.5870 lr=5.9e-06 (0.82s/step, ~2h39m left)
[step 58350/70000] loss=0.5876 lr=5.9e-06 (0.82s/step, ~2h39m left)
[step 58360/70000] loss=0.5730 lr=5.9e-06 (0.82s/step, ~2h38m left)
[step 58370/70000] loss=0.5763 lr=5.9e-06 (0.82s/step, ~2h38m left)
[step 58380/70000] loss=0.5651 lr=5.9e-06 (0.81s/step, ~2h37m left)
[step 58390/70000] loss=0.5800 lr=5.9e-06 (0.82s/step, ~2h38m left)
[step 58400/70000] loss=0.5818 lr=5.9e-06 (0.82s/step, ~2h38m left)
[step 58410/70000] loss=0.5672 lr=5.9e-06 (0.82s/step, ~2h38m left)
[step 58420/70000] loss=0.5971 lr=5.9e-06 (0.82s/step, ~2h38m left)
[step 58430/70000] loss=0.5667 lr=5.9e-06 (0.82s/step, ~2h37m left)
[step 58440/70000] loss=0.5701 lr=5.9e-06 (0.82s/step, ~2h38m left)
[step 58450/70000] loss=0.5786 lr=5.9e-06 (0.82s/step, ~2h37m left)
[step 58460/70000] loss=0.5674 lr=5.9e-06 (0.82s/step, ~2h38m left)
[step 58470/70000] loss=0.5782 lr=5.9e-06 (0.82s/step, ~2h36m left)
[step 58480/70000] loss=0.5683 lr=5.9e-06 (0.82s/step, ~2h36m left)
[step 58490/70000] loss=0.5687 lr=5.9e-06 (0.82s/step, ~2h36m left)
[step 58500/70000] loss=0.5699 lr=5.9e-06 (0.82s/step, ~2h37m left)
[step 58510/70000] loss=0.5767 lr=5.9e-06 (0.82s/step, ~2h36m left)
[step 58520/70000] loss=0.5743 lr=5.9e-06 (0.82s/step, ~2h36m left)
[step 58530/70000] loss=0.5989 lr=5.9e-06 (0.82s/step, ~2h37m left)
[step 58540/70000] loss=0.5760 lr=5.9e-06 (0.82s/step, ~2h36m left)
[step 58550/70000] loss=0.5795 lr=5.9e-06 (0.83s/step, ~2h37m left)
[step 58560/70000] loss=0.5602 lr=5.9e-06 (0.82s/step, ~2h36m left)
[step 58570/70000] loss=0.6006 lr=5.9e-06 (0.82s/step, ~2h36m left)
[step 58580/70000] loss=0.5922 lr=5.9e-06 (0.82s/step, ~2h35m left)
[step 58590/70000] loss=0.5778 lr=5.9e-06 (0.82s/step, ~2h35m left)
[step 58600/70000] loss=0.5655 lr=5.9e-06 (0.82s/step, ~2h35m left)
[step 58610/70000] loss=0.5999 lr=5.9e-06 (0.82s/step, ~2h36m left)
[step 58620/70000] loss=0.5701 lr=5.9e-06 (0.82s/step, ~2h35m left)
[step 58630/70000] loss=0.5752 lr=5.9e-06 (0.82s/step, ~2h34m left)
[step 58640/70000] loss=0.5788 lr=5.9e-06 (0.82s/step, ~2h35m left)
[step 58650/70000] loss=0.5621 lr=5.9e-06 (0.82s/step, ~2h35m left)
[step 58660/70000] loss=0.5732 lr=5.9e-06 (0.82s/step, ~2h34m left)
[step 58670/70000] loss=0.5797 lr=5.9e-06 (0.82s/step, ~2h34m left)
[step 58680/70000] loss=0.5567 lr=5.9e-06 (0.82s/step, ~2h35m left)
[step 58690/70000] loss=0.5681 lr=5.9e-06 (0.82s/step, ~2h34m left)
[step 58700/70000] loss=0.5789 lr=5.9e-06 (0.82s/step, ~2h34m left)
[step 58710/70000] loss=0.5765 lr=5.9e-06 (0.82s/step, ~2h33m left)
[step 58720/70000] loss=0.5866 lr=5.9e-06 (0.82s/step, ~2h34m left)
[step 58730/70000] loss=0.5795 lr=5.9e-06 (0.82s/step, ~2h33m left)
[step 58740/70000] loss=0.5983 lr=5.9e-06 (0.82s/step, ~2h33m left)
[step 58750/70000] loss=0.5860 lr=5.9e-06 (0.82s/step, ~2h33m left)
[step 58760/70000] loss=0.5933 lr=5.9e-06 (0.82s/step, ~2h34m left)
[step 58770/70000] loss=0.5649 lr=5.9e-06 (0.82s/step, ~2h32m left)
[step 58780/70000] loss=0.5860 lr=5.9e-06 (0.82s/step, ~2h32m left)
[step 58790/70000] loss=0.5826 lr=5.9e-06 (0.82s/step, ~2h33m left)
[step 58800/70000] loss=0.5775 lr=5.9e-06 (0.82s/step, ~2h32m left)
[step 58810/70000] loss=0.5748 lr=5.9e-06 (0.82s/step, ~2h32m left)
[step 58820/70000] loss=0.5929 lr=5.9e-06 (0.82s/step, ~2h32m left)
[step 58830/70000] loss=0.5833 lr=5.9e-06 (0.82s/step, ~2h32m left)
[step 58840/70000] loss=0.5646 lr=5.9e-06 (0.82s/step, ~2h31m left)
[step 58850/70000] loss=0.5726 lr=5.9e-06 (0.82s/step, ~2h31m left)
[step 58860/70000] loss=0.5755 lr=5.9e-06 (0.81s/step, ~2h31m left)
[step 58870/70000] loss=0.5690 lr=5.9e-06 (0.82s/step, ~2h31m left)
[step 58880/70000] loss=0.5750 lr=5.9e-06 (0.82s/step, ~2h31m left)
[step 58890/70000] loss=0.5851 lr=5.9e-06 (0.82s/step, ~2h31m left)
[step 58900/70000] loss=0.5764 lr=5.9e-06 (0.82s/step, ~2h31m left)
[step 58910/70000] loss=0.5904 lr=5.9e-06 (0.82s/step, ~2h31m left)
[step 58920/70000] loss=0.5743 lr=5.9e-06 (0.82s/step, ~2h31m left)
[step 58930/70000] loss=0.5740 lr=5.9e-06 (0.82s/step, ~2h31m left)
[step 58940/70000] loss=0.5921 lr=5.9e-06 (0.82s/step, ~2h31m left)
[step 58950/70000] loss=0.5609 lr=5.9e-06 (0.82s/step, ~2h31m left)
[step 58960/70000] loss=0.5816 lr=5.9e-06 (0.82s/step, ~2h31m left)
[step 58970/70000] loss=0.5822 lr=5.9e-06 (0.82s/step, ~2h31m left)
[step 58980/70000] loss=0.5753 lr=5.9e-06 (0.82s/step, ~2h30m left)
[step 58990/70000] loss=0.6117 lr=5.9e-06 (0.82s/step, ~2h29m left)
[step 59000/70000] loss=0.5658 lr=5.9e-06 (0.82s/step, ~2h29m left)
[step 59010/70000] loss=0.5784 lr=5.9e-06 (0.82s/step, ~2h30m left)
[step 59020/70000] loss=0.5983 lr=5.9e-06 (0.82s/step, ~2h29m left)
[step 59030/70000] loss=0.5664 lr=5.9e-06 (0.82s/step, ~2h29m left)
[step 59040/70000] loss=0.6075 lr=5.9e-06 (0.82s/step, ~2h29m left)
[step 59050/70000] loss=0.5768 lr=5.9e-06 (0.82s/step, ~2h29m left)
[step 59060/70000] loss=0.5747 lr=5.9e-06 (0.82s/step, ~2h28m left)
[step 59070/70000] loss=0.5793 lr=5.9e-06 (0.82s/step, ~2h28m left)
[step 59080/70000] loss=0.5848 lr=5.9e-06 (0.82s/step, ~2h28m left)
[step 59090/70000] loss=0.5967 lr=5.9e-06 (0.82s/step, ~2h29m left)
[step 59100/70000] loss=0.5776 lr=5.9e-06 (0.82s/step, ~2h28m left)
[step 59110/70000] loss=0.5797 lr=5.9e-06 (0.82s/step, ~2h28m left)
[step 59120/70000] loss=0.5927 lr=5.9e-06 (0.82s/step, ~2h27m left)
[step 59130/70000] loss=0.5749 lr=5.9e-06 (0.82s/step, ~2h28m left)
[step 59140/70000] loss=0.5830 lr=5.9e-06 (0.82s/step, ~2h27m left)
[step 59150/70000] loss=0.6042 lr=5.9e-06 (0.82s/step, ~2h28m left)
[step 59160/70000] loss=0.5647 lr=5.9e-06 (0.82s/step, ~2h28m left)
[step 59170/70000] loss=0.5950 lr=5.9e-06 (0.82s/step, ~2h27m left)
[step 59180/70000] loss=0.5654 lr=5.9e-06 (0.82s/step, ~2h27m left)
[step 59190/70000] loss=0.5852 lr=5.9e-06 (0.82s/step, ~2h27m left)
[step 59200/70000] loss=0.6056 lr=5.9e-06 (0.82s/step, ~2h28m left)
[step 59210/70000] loss=0.5798 lr=5.9e-06 (0.82s/step, ~2h27m left)
[step 59220/70000] loss=0.5919 lr=5.9e-06 (0.82s/step, ~2h27m left)
[step 59230/70000] loss=0.5731 lr=5.9e-06 (0.82s/step, ~2h27m left)
[step 59240/70000] loss=0.5873 lr=5.9e-06 (0.82s/step, ~2h27m left)
[step 59250/70000] loss=0.5878 lr=5.9e-06 (0.82s/step, ~2h26m left)
[step 59260/70000] loss=0.5893 lr=5.9e-06 (0.82s/step, ~2h26m left)
[step 59270/70000] loss=0.5917 lr=5.9e-06 (0.82s/step, ~2h27m left)
[step 59280/70000] loss=0.5660 lr=5.9e-06 (0.82s/step, ~2h26m left)
[step 59290/70000] loss=0.5777 lr=5.9e-06 (0.82s/step, ~2h26m left)
[step 59300/70000] loss=0.5837 lr=5.9e-06 (0.82s/step, ~2h26m left)
[step 59310/70000] loss=0.5928 lr=5.9e-06 (0.83s/step, ~2h27m left)
[step 59320/70000] loss=0.5680 lr=5.9e-06 (0.82s/step, ~2h25m left)
[step 59330/70000] loss=0.5801 lr=5.9e-06 (0.82s/step, ~2h25m left)
[step 59340/70000] loss=0.5971 lr=5.9e-06 (0.82s/step, ~2h25m left)
[step 59350/70000] loss=0.5779 lr=5.9e-06 (0.82s/step, ~2h26m left)
[step 59360/70000] loss=0.5739 lr=5.9e-06 (0.82s/step, ~2h25m left)
[step 59370/70000] loss=0.5873 lr=5.9e-06 (0.82s/step, ~2h25m left)
[step 59380/70000] loss=0.5655 lr=5.9e-06 (0.82s/step, ~2h25m left)
[step 59390/70000] loss=0.5763 lr=5.9e-06 (0.82s/step, ~2h24m left)
[step 59400/70000] loss=0.5766 lr=5.9e-06 (0.82s/step, ~2h24m left)
[step 59410/70000] loss=0.5791 lr=5.9e-06 (0.82s/step, ~2h24m left)
[step 59420/70000] loss=0.5833 lr=5.9e-06 (0.82s/step, ~2h24m left)
[step 59430/70000] loss=0.5788 lr=5.9e-06 (0.82s/step, ~2h23m left)
[step 59440/70000] loss=0.5931 lr=5.9e-06 (0.82s/step, ~2h24m left)
[step 59450/70000] loss=0.5709 lr=5.9e-06 (0.82s/step, ~2h24m left)
[step 59460/70000] loss=0.5792 lr=5.9e-06 (0.82s/step, ~2h24m left)
[step 59470/70000] loss=0.5709 lr=5.9e-06 (0.82s/step, ~2h23m left)
[step 59480/70000] loss=0.5911 lr=5.9e-06 (0.82s/step, ~2h23m left)
[step 59490/70000] loss=0.5578 lr=5.9e-06 (0.82s/step, ~2h23m left)
[step 59500/70000] loss=0.5693 lr=5.9e-06 (0.82s/step, ~2h23m left)
[step 59510/70000] loss=0.5964 lr=5.9e-06 (0.81s/step, ~2h22m left)
[step 59520/70000] loss=0.5868 lr=5.9e-06 (0.82s/step, ~2h22m left)
[step 59530/70000] loss=0.5965 lr=5.9e-06 (0.82s/step, ~2h23m left)
[step 59540/70000] loss=0.5840 lr=5.9e-06 (0.82s/step, ~2h22m left)
[step 59550/70000] loss=0.5829 lr=5.9e-06 (0.82s/step, ~2h22m left)
[step 59560/70000] loss=0.5818 lr=5.9e-06 (0.82s/step, ~2h22m left)
[step 59570/70000] loss=0.5786 lr=5.9e-06 (0.82s/step, ~2h22m left)
[step 59580/70000] loss=0.5922 lr=5.9e-06 (0.82s/step, ~2h22m left)
[step 59590/70000] loss=0.5714 lr=5.9e-06 (0.82s/step, ~2h22m left)
[step 59600/70000] loss=0.5798 lr=5.9e-06 (0.82s/step, ~2h21m left)
[step 59610/70000] loss=0.5678 lr=5.9e-06 (0.83s/step, ~2h22m left)
[step 59620/70000] loss=0.5855 lr=5.9e-06 (0.82s/step, ~2h21m left)
[step 59630/70000] loss=0.5698 lr=5.9e-06 (0.82s/step, ~2h21m left)
[step 59640/70000] loss=0.5567 lr=5.9e-06 (0.82s/step, ~2h21m left)
[step 59650/70000] loss=0.5807 lr=5.9e-06 (0.82s/step, ~2h21m left)
[step 59660/70000] loss=0.5841 lr=5.9e-06 (0.82s/step, ~2h21m left)
[step 59670/70000] loss=0.5781 lr=5.9e-06 (0.82s/step, ~2h21m left)
[step 59680/70000] loss=0.5843 lr=5.9e-06 (0.83s/step, ~2h22m left)
[step 59690/70000] loss=0.6020 lr=5.9e-06 (0.82s/step, ~2h21m left)
[step 59700/70000] loss=0.5942 lr=5.9e-06 (0.82s/step, ~2h21m left)
[step 59710/70000] loss=0.5802 lr=5.9e-06 (0.82s/step, ~2h21m left)
[step 59720/70000] loss=0.5666 lr=5.9e-06 (0.82s/step, ~2h21m left)
[step 59730/70000] loss=0.5803 lr=5.9e-06 (0.82s/step, ~2h20m left)
[step 59740/70000] loss=0.5709 lr=5.9e-06 (0.82s/step, ~2h20m left)
[step 59750/70000] loss=0.5815 lr=5.9e-06 (0.83s/step, ~2h21m left)
[step 59760/70000] loss=0.5783 lr=5.9e-06 (0.82s/step, ~2h20m left)
[step 59770/70000] loss=0.5650 lr=5.9e-06 (0.82s/step, ~2h19m left)
[step 59780/70000] loss=0.5786 lr=5.9e-06 (0.82s/step, ~2h19m left)
[step 59790/70000] loss=0.5779 lr=5.9e-06 (0.82s/step, ~2h19m left)
[step 59800/70000] loss=0.5697 lr=5.9e-06 (0.82s/step, ~2h19m left)
[step 59810/70000] loss=0.5557 lr=5.9e-06 (0.82s/step, ~2h19m left)
[step 59820/70000] loss=0.5793 lr=5.9e-06 (0.82s/step, ~2h19m left)
[step 59830/70000] loss=0.5705 lr=5.9e-06 (0.82s/step, ~2h19m left)
[step 59840/70000] loss=0.5752 lr=5.9e-06 (0.82s/step, ~2h18m left)
[step 59850/70000] loss=0.5686 lr=5.9e-06 (0.82s/step, ~2h18m left)
[step 59860/70000] loss=0.5700 lr=5.9e-06 (0.82s/step, ~2h18m left)
[step 59870/70000] loss=0.5806 lr=5.9e-06 (0.82s/step, ~2h18m left)
[step 59880/70000] loss=0.5664 lr=5.9e-06 (0.82s/step, ~2h17m left)
[step 59890/70000] loss=0.5581 lr=5.9e-06 (0.82s/step, ~2h17m left)
[step 59900/70000] loss=0.5862 lr=5.9e-06 (0.82s/step, ~2h18m left)
[step 59910/70000] loss=0.5787 lr=5.9e-06 (0.82s/step, ~2h17m left)
[step 59920/70000] loss=0.5932 lr=5.9e-06 (0.82s/step, ~2h18m left)
[step 59930/70000] loss=0.5896 lr=5.9e-06 (0.82s/step, ~2h17m left)
[step 59940/70000] loss=0.5723 lr=5.9e-06 (0.82s/step, ~2h17m left)
[step 59950/70000] loss=0.6038 lr=5.9e-06 (0.82s/step, ~2h16m left)
[step 59960/70000] loss=0.5729 lr=5.9e-06 (0.82s/step, ~2h16m left)
[step 59970/70000] loss=0.5591 lr=5.9e-06 (0.82s/step, ~2h16m left)
[step 59980/70000] loss=0.5685 lr=5.9e-06 (0.82s/step, ~2h16m left)
[step 59990/70000] loss=0.5789 lr=5.9e-06 (0.82s/step, ~2h16m left)
[lr decay @ step 60000] lr=5.31e-06
[step 60000/70000] loss=0.5665 lr=5.3e-06 (0.82s/step, ~2h16m left)
[eval @ step 60000] val_loss=0.5556 train_loss=0.5692
[saved] runs/finetune_001/step_0060000.pth
[step 60010/70000] loss=0.5838 lr=5.3e-06 (0.81s/step, ~2h15m left)
[step 60020/70000] loss=0.5735 lr=5.3e-06 (0.81s/step, ~2h15m left)
[step 60030/70000] loss=0.5756 lr=5.3e-06 (0.81s/step, ~2h15m left)
[step 60040/70000] loss=0.5725 lr=5.3e-06 (0.82s/step, ~2h15m left)
[step 60050/70000] loss=0.5743 lr=5.3e-06 (0.81s/step, ~2h15m left)
[step 60060/70000] loss=0.5739 lr=5.3e-06 (0.81s/step, ~2h14m left)
[step 60070/70000] loss=0.6054 lr=5.3e-06 (0.82s/step, ~2h15m left)
[step 60080/70000] loss=0.5725 lr=5.3e-06 (0.82s/step, ~2h15m left)
[step 60090/70000] loss=0.5830 lr=5.3e-06 (0.82s/step, ~2h15m left)
[step 60100/70000] loss=0.5761 lr=5.3e-06 (0.82s/step, ~2h15m left)
[step 60110/70000] loss=0.5807 lr=5.3e-06 (0.83s/step, ~2h16m left)
[step 60120/70000] loss=0.5828 lr=5.3e-06 (0.82s/step, ~2h14m left)
[step 60130/70000] loss=0.5728 lr=5.3e-06 (0.82s/step, ~2h14m left)
[step 60140/70000] loss=0.5731 lr=5.3e-06 (0.82s/step, ~2h14m left)
[step 60150/70000] loss=0.5825 lr=5.3e-06 (0.82s/step, ~2h14m left)
[step 60160/70000] loss=0.5807 lr=5.3e-06 (0.82s/step, ~2h14m left)
[step 60170/70000] loss=0.5550 lr=5.3e-06 (0.82s/step, ~2h14m left)
[step 60180/70000] loss=0.6012 lr=5.3e-06 (0.82s/step, ~2h13m left)
[step 60190/70000] loss=0.5737 lr=5.3e-06 (0.82s/step, ~2h14m left)
[step 60200/70000] loss=0.5769 lr=5.3e-06 (0.82s/step, ~2h13m left)
[step 60210/70000] loss=0.5820 lr=5.3e-06 (0.82s/step, ~2h13m left)
[step 60220/70000] loss=0.5621 lr=5.3e-06 (0.82s/step, ~2h14m left)
[step 60230/70000] loss=0.5809 lr=5.3e-06 (0.82s/step, ~2h13m left)
[step 60240/70000] loss=0.5732 lr=5.3e-06 (0.82s/step, ~2h13m left)
[step 60250/70000] loss=0.5848 lr=5.3e-06 (0.82s/step, ~2h13m left)
[step 60260/70000] loss=0.5876 lr=5.3e-06 (0.82s/step, ~2h13m left)
[step 60270/70000] loss=0.5821 lr=5.3e-06 (0.82s/step, ~2h12m left)
[step 60280/70000] loss=0.5702 lr=5.3e-06 (0.82s/step, ~2h12m left)
[step 60290/70000] loss=0.5708 lr=5.3e-06 (0.82s/step, ~2h12m left)
[step 60300/70000] loss=0.5838 lr=5.3e-06 (0.82s/step, ~2h13m left)
[step 60310/70000] loss=0.5639 lr=5.3e-06 (0.82s/step, ~2h12m left)
[step 60320/70000] loss=0.5806 lr=5.3e-06 (0.82s/step, ~2h12m left)
[step 60330/70000] loss=0.5728 lr=5.3e-06 (0.82s/step, ~2h12m left)
[step 60340/70000] loss=0.5624 lr=5.3e-06 (0.82s/step, ~2h11m left)
[step 60350/70000] loss=0.5847 lr=5.3e-06 (0.82s/step, ~2h11m left)
[step 60360/70000] loss=0.5923 lr=5.3e-06 (0.82s/step, ~2h10m left)
[step 60370/70000] loss=0.5872 lr=5.3e-06 (0.82s/step, ~2h11m left)
[step 60380/70000] loss=0.5681 lr=5.3e-06 (0.82s/step, ~2h11m left)
[step 60390/70000] loss=0.5801 lr=5.3e-06 (0.82s/step, ~2h11m left)
[step 60400/70000] loss=0.5751 lr=5.3e-06 (0.82s/step, ~2h10m left)
[step 60410/70000] loss=0.5693 lr=5.3e-06 (0.82s/step, ~2h11m left)
[step 60420/70000] loss=0.5877 lr=5.3e-06 (0.82s/step, ~2h10m left)
[step 60430/70000] loss=0.5815 lr=5.3e-06 (0.82s/step, ~2h10m left)
[step 60440/70000] loss=0.5752 lr=5.3e-06 (0.82s/step, ~2h11m left)
[step 60450/70000] loss=0.5850 lr=5.3e-06 (0.82s/step, ~2h10m left)
[step 60460/70000] loss=0.5867 lr=5.3e-06 (0.82s/step, ~2h10m left)
[step 60470/70000] loss=0.5676 lr=5.3e-06 (0.82s/step, ~2h09m left)
[step 60480/70000] loss=0.5825 lr=5.3e-06 (0.82s/step, ~2h10m left)
[step 60490/70000] loss=0.5744 lr=5.3e-06 (0.82s/step, ~2h09m left)
[step 60500/70000] loss=0.5870 lr=5.3e-06 (0.82s/step, ~2h09m left)
[step 60510/70000] loss=0.5736 lr=5.3e-06 (0.82s/step, ~2h08m left)
[step 60520/70000] loss=0.6066 lr=5.3e-06 (0.82s/step, ~2h09m left)
[step 60530/70000] loss=0.5768 lr=5.3e-06 (0.82s/step, ~2h08m left)
[step 60540/70000] loss=0.5814 lr=5.3e-06 (0.82s/step, ~2h08m left)
[step 60550/70000] loss=0.5884 lr=5.3e-06 (0.82s/step, ~2h08m left)
[step 60560/70000] loss=0.5738 lr=5.3e-06 (0.82s/step, ~2h08m left)
[step 60570/70000] loss=0.5843 lr=5.3e-06 (0.82s/step, ~2h08m left)
[step 60580/70000] loss=0.5830 lr=5.3e-06 (0.82s/step, ~2h09m left)
[step 60590/70000] loss=0.5810 lr=5.3e-06 (0.83s/step, ~2h09m left)
[step 60600/70000] loss=0.5941 lr=5.3e-06 (0.82s/step, ~2h09m left)
[step 60610/70000] loss=0.5868 lr=5.3e-06 (0.82s/step, ~2h08m left)
[step 60620/70000] loss=0.5695 lr=5.3e-06 (0.82s/step, ~2h08m left)
[step 60630/70000] loss=0.5650 lr=5.3e-06 (0.82s/step, ~2h08m left)
[step 60640/70000] loss=0.5794 lr=5.3e-06 (0.82s/step, ~2h08m left)
[step 60650/70000] loss=0.5739 lr=5.3e-06 (0.82s/step, ~2h08m left)
[step 60660/70000] loss=0.5695 lr=5.3e-06 (0.82s/step, ~2h08m left)
[step 60670/70000] loss=0.5839 lr=5.3e-06 (0.83s/step, ~2h08m left)
[step 60680/70000] loss=0.5770 lr=5.3e-06 (0.82s/step, ~2h07m left)
[step 60690/70000] loss=0.5615 lr=5.3e-06 (0.82s/step, ~2h07m left)
[step 60700/70000] loss=0.6131 lr=5.3e-06 (0.83s/step, ~2h07m left)
[step 60710/70000] loss=0.5647 lr=5.3e-06 (0.82s/step, ~2h07m left)
[step 60720/70000] loss=0.5691 lr=5.3e-06 (0.82s/step, ~2h06m left)
[step 60730/70000] loss=0.5945 lr=5.3e-06 (0.82s/step, ~2h06m left)
[step 60740/70000] loss=0.6051 lr=5.3e-06 (0.82s/step, ~2h06m left)
[step 60750/70000] loss=0.5723 lr=5.3e-06 (0.82s/step, ~2h06m left)
[step 60760/70000] loss=0.5738 lr=5.3e-06 (0.82s/step, ~2h06m left)
[step 60770/70000] loss=0.5751 lr=5.3e-06 (0.82s/step, ~2h05m left)
[step 60780/70000] loss=0.6021 lr=5.3e-06 (0.82s/step, ~2h06m left)
[step 60790/70000] loss=0.5864 lr=5.3e-06 (0.82s/step, ~2h05m left)
[step 60800/70000] loss=0.5901 lr=5.3e-06 (0.82s/step, ~2h05m left)
[step 60810/70000] loss=0.5731 lr=5.3e-06 (0.82s/step, ~2h05m left)
[step 60820/70000] loss=0.5781 lr=5.3e-06 (0.82s/step, ~2h05m left)
[step 60830/70000] loss=0.5865 lr=5.3e-06 (0.82s/step, ~2h05m left)
[step 60840/70000] loss=0.5771 lr=5.3e-06 (0.82s/step, ~2h05m left)
[step 60850/70000] loss=0.5667 lr=5.3e-06 (0.83s/step, ~2h05m left)
[step 60860/70000] loss=0.5760 lr=5.3e-06 (0.82s/step, ~2h04m left)
[step 60870/70000] loss=0.5738 lr=5.3e-06 (0.82s/step, ~2h04m left)
[step 60880/70000] loss=0.5836 lr=5.3e-06 (0.82s/step, ~2h04m left)
[step 60890/70000] loss=0.5683 lr=5.3e-06 (0.82s/step, ~2h05m left)
[step 60900/70000] loss=0.5635 lr=5.3e-06 (0.82s/step, ~2h04m left)
[step 60910/70000] loss=0.5718 lr=5.3e-06 (0.82s/step, ~2h04m left)
[step 60920/70000] loss=0.5795 lr=5.3e-06 (0.82s/step, ~2h04m left)
[step 60930/70000] loss=0.6040 lr=5.3e-06 (0.82s/step, ~2h03m left)
[step 60940/70000] loss=0.5824 lr=5.3e-06 (0.82s/step, ~2h03m left)
[step 60950/70000] loss=0.5705 lr=5.3e-06 (0.82s/step, ~2h03m left)
[step 60960/70000] loss=0.5719 lr=5.3e-06 (0.82s/step, ~2h03m left)
[step 60970/70000] loss=0.5859 lr=5.3e-06 (0.82s/step, ~2h03m left)
[step 60980/70000] loss=0.5916 lr=5.3e-06 (0.82s/step, ~2h03m left)
[step 60990/70000] loss=0.5771 lr=5.3e-06 (0.82s/step, ~2h03m left)
[step 61000/70000] loss=0.5788 lr=5.3e-06 (0.82s/step, ~2h03m left)
[step 61010/70000] loss=0.5814 lr=5.3e-06 (0.82s/step, ~2h02m left)
[step 61020/70000] loss=0.5674 lr=5.3e-06 (0.82s/step, ~2h02m left)
[step 61030/70000] loss=0.5747 lr=5.3e-06 (0.82s/step, ~2h02m left)
[step 61040/70000] loss=0.5658 lr=5.3e-06 (0.82s/step, ~2h02m left)
[step 61050/70000] loss=0.5750 lr=5.3e-06 (0.82s/step, ~2h02m left)
[step 61060/70000] loss=0.5664 lr=5.3e-06 (0.82s/step, ~2h02m left)
[step 61070/70000] loss=0.5916 lr=5.3e-06 (0.83s/step, ~2h02m left)
[step 61080/70000] loss=0.5943 lr=5.3e-06 (0.82s/step, ~2h02m left)
[step 61090/70000] loss=0.5617 lr=5.3e-06 (0.82s/step, ~2h01m left)
[step 61100/70000] loss=0.5790 lr=5.3e-06 (0.82s/step, ~2h01m left)
[step 61110/70000] loss=0.5811 lr=5.3e-06 (0.82s/step, ~2h01m left)
[step 61120/70000] loss=0.5790 lr=5.3e-06 (0.82s/step, ~2h01m left)
[step 61130/70000] loss=0.5857 lr=5.3e-06 (0.82s/step, ~2h00m left)
[step 61140/70000] loss=0.5873 lr=5.3e-06 (0.81s/step, ~2h00m left)
[step 61150/70000] loss=0.5847 lr=5.3e-06 (0.82s/step, ~2h00m left)
[step 61160/70000] loss=0.5808 lr=5.3e-06 (0.82s/step, ~2h00m left)
[step 61170/70000] loss=0.5738 lr=5.3e-06 (0.82s/step, ~2h00m left)
[step 61180/70000] loss=0.5779 lr=5.3e-06 (0.82s/step, ~2h00m left)
[step 61190/70000] loss=0.5775 lr=5.3e-06 (0.82s/step, ~2h00m left)
[step 61200/70000] loss=0.5679 lr=5.3e-06 (0.82s/step, ~2h00m left)
[step 61210/70000] loss=0.5774 lr=5.3e-06 (0.82s/step, ~2h00m left)
[step 61220/70000] loss=0.5614 lr=5.3e-06 (0.82s/step, ~2h00m left)
[step 61230/70000] loss=0.5766 lr=5.3e-06 (0.82s/step, ~2h00m left)
[step 61240/70000] loss=0.5658 lr=5.3e-06 (0.82s/step, ~1h59m left)
[step 61250/70000] loss=0.5739 lr=5.3e-06 (0.82s/step, ~1h59m left)
[step 61260/70000] loss=0.5655 lr=5.3e-06 (0.82s/step, ~1h59m left)
[step 61270/70000] loss=0.5684 lr=5.3e-06 (0.82s/step, ~1h59m left)
[step 61280/70000] loss=0.5633 lr=5.3e-06 (0.82s/step, ~1h59m left)
[step 61290/70000] loss=0.5807 lr=5.3e-06 (0.82s/step, ~1h58m left)
[step 61300/70000] loss=0.5815 lr=5.3e-06 (0.82s/step, ~1h58m left)
[step 61310/70000] loss=0.5963 lr=5.3e-06 (0.82s/step, ~1h58m left)
[step 61320/70000] loss=0.5653 lr=5.3e-06 (0.82s/step, ~1h58m left)
[step 61330/70000] loss=0.5780 lr=5.3e-06 (0.82s/step, ~1h59m left)
[step 61340/70000] loss=0.5703 lr=5.3e-06 (0.82s/step, ~1h58m left)
[step 61350/70000] loss=0.5761 lr=5.3e-06 (0.82s/step, ~1h57m left)
[step 61360/70000] loss=0.5835 lr=5.3e-06 (0.82s/step, ~1h58m left)
[step 61370/70000] loss=0.5724 lr=5.3e-06 (0.82s/step, ~1h58m left)
[step 61380/70000] loss=0.5950 lr=5.3e-06 (0.82s/step, ~1h57m left)
[step 61390/70000] loss=0.5726 lr=5.3e-06 (0.82s/step, ~1h57m left)
[step 61400/70000] loss=0.5675 lr=5.3e-06 (0.82s/step, ~1h57m left)
[step 61410/70000] loss=0.5915 lr=5.3e-06 (0.82s/step, ~1h57m left)
[step 61420/70000] loss=0.5755 lr=5.3e-06 (0.82s/step, ~1h57m left)
[step 61430/70000] loss=0.5622 lr=5.3e-06 (0.82s/step, ~1h57m left)
[step 61440/70000] loss=0.5837 lr=5.3e-06 (0.82s/step, ~1h57m left)
[step 61450/70000] loss=0.5677 lr=5.3e-06 (0.83s/step, ~1h57m left)
[step 61460/70000] loss=0.5754 lr=5.3e-06 (0.82s/step, ~1h56m left)
[step 61470/70000] loss=0.5794 lr=5.3e-06 (0.82s/step, ~1h56m left)
[step 61480/70000] loss=0.5713 lr=5.3e-06 (0.82s/step, ~1h56m left)
[step 61490/70000] loss=0.5841 lr=5.3e-06 (0.82s/step, ~1h56m left)
[step 61500/70000] loss=0.5771 lr=5.3e-06 (0.82s/step, ~1h56m left)
[step 61510/70000] loss=0.5599 lr=5.3e-06 (0.82s/step, ~1h55m left)
[step 61520/70000] loss=0.5684 lr=5.3e-06 (0.82s/step, ~1h56m left)
[step 61530/70000] loss=0.5851 lr=5.3e-06 (0.82s/step, ~1h55m left)
[step 61540/70000] loss=0.5845 lr=5.3e-06 (0.82s/step, ~1h55m left)
[step 61550/70000] loss=0.5672 lr=5.3e-06 (0.82s/step, ~1h54m left)
[step 61560/70000] loss=0.5762 lr=5.3e-06 (0.82s/step, ~1h55m left)
[step 61570/70000] loss=0.5599 lr=5.3e-06 (0.82s/step, ~1h54m left)
[step 61580/70000] loss=0.5704 lr=5.3e-06 (0.82s/step, ~1h54m left)
[step 61590/70000] loss=0.5887 lr=5.3e-06 (0.82s/step, ~1h54m left)
[step 61600/70000] loss=0.5763 lr=5.3e-06 (0.81s/step, ~1h54m left)
[step 61610/70000] loss=0.5771 lr=5.3e-06 (0.82s/step, ~1h54m left)
[step 61620/70000] loss=0.5666 lr=5.3e-06 (0.82s/step, ~1h54m left)
[step 61630/70000] loss=0.5873 lr=5.3e-06 (0.82s/step, ~1h54m left)
[step 61640/70000] loss=0.5681 lr=5.3e-06 (0.82s/step, ~1h53m left)
[step 61650/70000] loss=0.5797 lr=5.3e-06 (0.82s/step, ~1h53m left)
[step 61660/70000] loss=0.5876 lr=5.3e-06 (0.81s/step, ~1h53m left)
[step 61670/70000] loss=0.5660 lr=5.3e-06 (0.82s/step, ~1h53m left)
[step 61680/70000] loss=0.5693 lr=5.3e-06 (0.82s/step, ~1h53m left)
[step 61690/70000] loss=0.5641 lr=5.3e-06 (0.82s/step, ~1h53m left)
[step 61700/70000] loss=0.5888 lr=5.3e-06 (0.82s/step, ~1h53m left)
[step 61710/70000] loss=0.5774 lr=5.3e-06 (0.82s/step, ~1h53m left)
[step 61720/70000] loss=0.5888 lr=5.3e-06 (0.82s/step, ~1h53m left)
[step 61730/70000] loss=0.5680 lr=5.3e-06 (0.82s/step, ~1h53m left)
[step 61740/70000] loss=0.5877 lr=5.3e-06 (0.82s/step, ~1h53m left)
[step 61750/70000] loss=0.5720 lr=5.3e-06 (0.82s/step, ~1h52m left)
[step 61760/70000] loss=0.5755 lr=5.3e-06 (0.82s/step, ~1h52m left)
[step 61770/70000] loss=0.5779 lr=5.3e-06 (0.82s/step, ~1h51m left)
[step 61780/70000] loss=0.5708 lr=5.3e-06 (0.82s/step, ~1h52m left)
[step 61790/70000] loss=0.5744 lr=5.3e-06 (0.82s/step, ~1h52m left)
[step 61800/70000] loss=0.5714 lr=5.3e-06 (0.82s/step, ~1h51m left)
[step 61810/70000] loss=0.5649 lr=5.3e-06 (0.82s/step, ~1h51m left)
[step 61820/70000] loss=0.5923 lr=5.3e-06 (0.82s/step, ~1h52m left)
[step 61830/70000] loss=0.5691 lr=5.3e-06 (0.82s/step, ~1h51m left)
[step 61840/70000] loss=0.5627 lr=5.3e-06 (0.82s/step, ~1h51m left)
[step 61850/70000] loss=0.5686 lr=5.3e-06 (0.82s/step, ~1h51m left)
[step 61860/70000] loss=0.5841 lr=5.3e-06 (0.82s/step, ~1h51m left)
[step 61870/70000] loss=0.5639 lr=5.3e-06 (0.82s/step, ~1h51m left)
[step 61880/70000] loss=0.5859 lr=5.3e-06 (0.82s/step, ~1h51m left)
[step 61890/70000] loss=0.5830 lr=5.3e-06 (0.82s/step, ~1h51m left)
[step 61900/70000] loss=0.5741 lr=5.3e-06 (0.82s/step, ~1h50m left)
[step 61910/70000] loss=0.5581 lr=5.3e-06 (0.82s/step, ~1h50m left)
[step 61920/70000] loss=0.5704 lr=5.3e-06 (0.82s/step, ~1h50m left)
[step 61930/70000] loss=0.5706 lr=5.3e-06 (0.82s/step, ~1h50m left)
[step 61940/70000] loss=0.5695 lr=5.3e-06 (0.82s/step, ~1h50m left)
[step 61950/70000] loss=0.5912 lr=5.3e-06 (0.82s/step, ~1h49m left)
[step 61960/70000] loss=0.5833 lr=5.3e-06 (0.82s/step, ~1h50m left)
[step 61970/70000] loss=0.5988 lr=5.3e-06 (0.82s/step, ~1h49m left)
[step 61980/70000] loss=0.5694 lr=5.3e-06 (0.82s/step, ~1h49m left)
[step 61990/70000] loss=0.5772 lr=5.3e-06 (0.82s/step, ~1h49m left)
[step 62000/70000] loss=0.5644 lr=5.3e-06 (0.82s/step, ~1h49m left)
[step 62010/70000] loss=0.5717 lr=5.3e-06 (0.82s/step, ~1h48m left)
[step 62020/70000] loss=0.5944 lr=5.3e-06 (0.82s/step, ~1h48m left)
[step 62030/70000] loss=0.5841 lr=5.3e-06 (0.82s/step, ~1h48m left)
[step 62040/70000] loss=0.5840 lr=5.3e-06 (0.82s/step, ~1h48m left)
[step 62050/70000] loss=0.5991 lr=5.3e-06 (0.82s/step, ~1h48m left)
[step 62060/70000] loss=0.6194 lr=5.3e-06 (0.82s/step, ~1h48m left)
[step 62070/70000] loss=0.5761 lr=5.3e-06 (0.82s/step, ~1h48m left)
[step 62080/70000] loss=0.5724 lr=5.3e-06 (0.82s/step, ~1h48m left)
[step 62090/70000] loss=0.5886 lr=5.3e-06 (0.82s/step, ~1h47m left)
[step 62100/70000] loss=0.5676 lr=5.3e-06 (0.82s/step, ~1h47m left)
[step 62110/70000] loss=0.5624 lr=5.3e-06 (0.82s/step, ~1h47m left)
[step 62120/70000] loss=0.5780 lr=5.3e-06 (0.82s/step, ~1h47m left)
[step 62130/70000] loss=0.5696 lr=5.3e-06 (0.82s/step, ~1h47m left)
[step 62140/70000] loss=0.5717 lr=5.3e-06 (0.82s/step, ~1h47m left)
[step 62150/70000] loss=0.5826 lr=5.3e-06 (0.82s/step, ~1h47m left)
[step 62160/70000] loss=0.5786 lr=5.3e-06 (0.82s/step, ~1h46m left)
[step 62170/70000] loss=0.5688 lr=5.3e-06 (0.82s/step, ~1h46m left)
[step 62180/70000] loss=0.5761 lr=5.3e-06 (0.82s/step, ~1h46m left)
[step 62190/70000] loss=0.5618 lr=5.3e-06 (0.82s/step, ~1h46m left)
[step 62200/70000] loss=0.5980 lr=5.3e-06 (0.82s/step, ~1h46m left)
[step 62210/70000] loss=0.5658 lr=5.3e-06 (0.82s/step, ~1h46m left)
[step 62220/70000] loss=0.5781 lr=5.3e-06 (0.82s/step, ~1h46m left)
[step 62230/70000] loss=0.5832 lr=5.3e-06 (0.82s/step, ~1h46m left)
[step 62240/70000] loss=0.5757 lr=5.3e-06 (0.82s/step, ~1h45m left)
[step 62250/70000] loss=0.5888 lr=5.3e-06 (0.82s/step, ~1h45m left)
[step 62260/70000] loss=0.5752 lr=5.3e-06 (0.83s/step, ~1h46m left)
[step 62270/70000] loss=0.5679 lr=5.3e-06 (0.82s/step, ~1h45m left)
[step 62280/70000] loss=0.5718 lr=5.3e-06 (0.82s/step, ~1h45m left)
[step 62290/70000] loss=0.5603 lr=5.3e-06 (0.82s/step, ~1h45m left)
[step 62300/70000] loss=0.5749 lr=5.3e-06 (0.82s/step, ~1h45m left)
[step 62310/70000] loss=0.5609 lr=5.3e-06 (0.82s/step, ~1h45m left)
[step 62320/70000] loss=0.5806 lr=5.3e-06 (0.82s/step, ~1h45m left)
[step 62330/70000] loss=0.5712 lr=5.3e-06 (0.82s/step, ~1h45m left)
[step 62340/70000] loss=0.5621 lr=5.3e-06 (0.82s/step, ~1h44m left)
[step 62350/70000] loss=0.6070 lr=5.3e-06 (0.82s/step, ~1h44m left)
[step 62360/70000] loss=0.5750 lr=5.3e-06 (0.82s/step, ~1h44m left)
[step 62370/70000] loss=0.5970 lr=5.3e-06 (0.82s/step, ~1h44m left)
[step 62380/70000] loss=0.5840 lr=5.3e-06 (0.82s/step, ~1h43m left)
[step 62390/70000] loss=0.5842 lr=5.3e-06 (0.82s/step, ~1h43m left)
[step 62400/70000] loss=0.5825 lr=5.3e-06 (0.82s/step, ~1h43m left)
[step 62410/70000] loss=0.5780 lr=5.3e-06 (0.82s/step, ~1h43m left)
[step 62420/70000] loss=0.5603 lr=5.3e-06 (0.82s/step, ~1h43m left)
[step 62430/70000] loss=0.5756 lr=5.3e-06 (0.82s/step, ~1h43m left)
[step 62440/70000] loss=0.5806 lr=5.3e-06 (0.82s/step, ~1h43m left)
[step 62450/70000] loss=0.5859 lr=5.3e-06 (0.82s/step, ~1h43m left)
[step 62460/70000] loss=0.5635 lr=5.3e-06 (0.82s/step, ~1h42m left)
[step 62470/70000] loss=0.5711 lr=5.3e-06 (0.82s/step, ~1h42m left)
[step 62480/70000] loss=0.5723 lr=5.3e-06 (0.82s/step, ~1h43m left)
[step 62490/70000] loss=0.5741 lr=5.3e-06 (0.82s/step, ~1h42m left)
[step 62500/70000] loss=0.5739 lr=5.3e-06 (0.82s/step, ~1h42m left)
[eval @ step 62500] val_loss=0.5556 train_loss=0.5710
[saved] runs/finetune_001/step_0062500.pth
[step 62510/70000] loss=0.5872 lr=5.3e-06 (0.82s/step, ~1h42m left)
[step 62520/70000] loss=0.5819 lr=5.3e-06 (0.82s/step, ~1h42m left)
[step 62530/70000] loss=0.5687 lr=5.3e-06 (0.82s/step, ~1h41m left)
[step 62540/70000] loss=0.5913 lr=5.3e-06 (0.82s/step, ~1h42m left)
[step 62550/70000] loss=0.5641 lr=5.3e-06 (0.82s/step, ~1h41m left)
[step 62560/70000] loss=0.5594 lr=5.3e-06 (0.82s/step, ~1h41m left)
[step 62570/70000] loss=0.5700 lr=5.3e-06 (0.82s/step, ~1h41m left)
[step 62580/70000] loss=0.5946 lr=5.3e-06 (0.82s/step, ~1h41m left)
[step 62590/70000] loss=0.5714 lr=5.3e-06 (0.82s/step, ~1h41m left)
[step 62600/70000] loss=0.5814 lr=5.3e-06 (0.82s/step, ~1h41m left)
[step 62610/70000] loss=0.5805 lr=5.3e-06 (0.82s/step, ~1h40m left)
[step 62620/70000] loss=0.5748 lr=5.3e-06 (0.82s/step, ~1h41m left)
[step 62630/70000] loss=0.5677 lr=5.3e-06 (0.82s/step, ~1h40m left)
[step 62640/70000] loss=0.5712 lr=5.3e-06 (0.82s/step, ~1h40m left)
[step 62650/70000] loss=0.5701 lr=5.3e-06 (0.82s/step, ~1h40m left)
[step 62660/70000] loss=0.5724 lr=5.3e-06 (0.82s/step, ~1h40m left)
[step 62670/70000] loss=0.5766 lr=5.3e-06 (0.82s/step, ~1h40m left)
[step 62680/70000] loss=0.5885 lr=5.3e-06 (0.82s/step, ~1h40m left)
[step 62690/70000] loss=0.5755 lr=5.3e-06 (0.82s/step, ~1h40m left)
[step 62700/70000] loss=0.5650 lr=5.3e-06 (0.82s/step, ~1h39m left)
[step 62710/70000] loss=0.5762 lr=5.3e-06 (0.82s/step, ~1h39m left)
[step 62720/70000] loss=0.5864 lr=5.3e-06 (0.82s/step, ~1h39m left)
[step 62730/70000] loss=0.5873 lr=5.3e-06 (0.82s/step, ~1h39m left)
[step 62740/70000] loss=0.5825 lr=5.3e-06 (0.82s/step, ~1h39m left)
[step 62750/70000] loss=0.5677 lr=5.3e-06 (0.82s/step, ~1h38m left)
[step 62760/70000] loss=0.5876 lr=5.3e-06 (0.82s/step, ~1h38m left)
[step 62770/70000] loss=0.5776 lr=5.3e-06 (0.82s/step, ~1h39m left)
[step 62780/70000] loss=0.5923 lr=5.3e-06 (0.82s/step, ~1h38m left)
[step 62790/70000] loss=0.5673 lr=5.3e-06 (0.82s/step, ~1h38m left)
[step 62800/70000] loss=0.5693 lr=5.3e-06 (0.82s/step, ~1h37m left)
[step 62810/70000] loss=0.5742 lr=5.3e-06 (0.82s/step, ~1h37m left)
[step 62820/70000] loss=0.5744 lr=5.3e-06 (0.82s/step, ~1h38m left)
[step 62830/70000] loss=0.5618 lr=5.3e-06 (0.82s/step, ~1h37m left)
[step 62840/70000] loss=0.5684 lr=5.3e-06 (0.82s/step, ~1h37m left)
[step 62850/70000] loss=0.5672 lr=5.3e-06 (0.82s/step, ~1h37m left)
[step 62860/70000] loss=0.5666 lr=5.3e-06 (0.82s/step, ~1h37m left)
[step 62870/70000] loss=0.5785 lr=5.3e-06 (0.82s/step, ~1h37m left)
[step 62880/70000] loss=0.5758 lr=5.3e-06 (0.82s/step, ~1h37m left)
[step 62890/70000] loss=0.5702 lr=5.3e-06 (0.82s/step, ~1h36m left)
[step 62900/70000] loss=0.5788 lr=5.3e-06 (0.82s/step, ~1h36m left)
[step 62910/70000] loss=0.5672 lr=5.3e-06 (0.82s/step, ~1h36m left)
[step 62920/70000] loss=0.5853 lr=5.3e-06 (0.82s/step, ~1h36m left)
[step 62930/70000] loss=0.5668 lr=5.3e-06 (0.82s/step, ~1h36m left)
[step 62940/70000] loss=0.5749 lr=5.3e-06 (0.82s/step, ~1h36m left)
[step 62950/70000] loss=0.5883 lr=5.3e-06 (0.82s/step, ~1h36m left)
[step 62960/70000] loss=0.5606 lr=5.3e-06 (0.82s/step, ~1h36m left)
[step 62970/70000] loss=0.5903 lr=5.3e-06 (0.82s/step, ~1h35m left)
[step 62980/70000] loss=0.5751 lr=5.3e-06 (0.82s/step, ~1h35m left)
[step 62990/70000] loss=0.6000 lr=5.3e-06 (0.82s/step, ~1h35m left)
[step 63000/70000] loss=0.5740 lr=5.3e-06 (0.82s/step, ~1h35m left)
[step 63010/70000] loss=0.5703 lr=5.3e-06 (0.82s/step, ~1h35m left)
[step 63020/70000] loss=0.5819 lr=5.3e-06 (0.82s/step, ~1h35m left)
[step 63030/70000] loss=0.5915 lr=5.3e-06 (0.82s/step, ~1h35m left)
[step 63040/70000] loss=0.5662 lr=5.3e-06 (0.82s/step, ~1h34m left)
[step 63050/70000] loss=0.5711 lr=5.3e-06 (0.82s/step, ~1h34m left)
[step 63060/70000] loss=0.5795 lr=5.3e-06 (0.82s/step, ~1h35m left)
[step 63070/70000] loss=0.5807 lr=5.3e-06 (0.82s/step, ~1h34m left)
[step 63080/70000] loss=0.5832 lr=5.3e-06 (0.82s/step, ~1h34m left)
[step 63090/70000] loss=0.5861 lr=5.3e-06 (0.82s/step, ~1h34m left)
[step 63100/70000] loss=0.5625 lr=5.3e-06 (0.82s/step, ~1h34m left)
[step 63110/70000] loss=0.5855 lr=5.3e-06 (0.82s/step, ~1h34m left)
[step 63120/70000] loss=0.5671 lr=5.3e-06 (0.82s/step, ~1h33m left)
[step 63130/70000] loss=0.5841 lr=5.3e-06 (0.82s/step, ~1h33m left)
[step 63140/70000] loss=0.5872 lr=5.3e-06 (0.82s/step, ~1h33m left)
[step 63150/70000] loss=0.5740 lr=5.3e-06 (0.81s/step, ~1h33m left)
[step 63160/70000] loss=0.5590 lr=5.3e-06 (0.81s/step, ~1h32m left)
[step 63170/70000] loss=0.5743 lr=5.3e-06 (0.82s/step, ~1h32m left)
[step 63180/70000] loss=0.5819 lr=5.3e-06 (0.82s/step, ~1h32m left)
[step 63190/70000] loss=0.5894 lr=5.3e-06 (0.82s/step, ~1h32m left)
[step 63200/70000] loss=0.5767 lr=5.3e-06 (0.82s/step, ~1h32m left)
[step 63210/70000] loss=0.5988 lr=5.3e-06 (0.82s/step, ~1h33m left)
[step 63220/70000] loss=0.5757 lr=5.3e-06 (0.82s/step, ~1h32m left)
[step 63230/70000] loss=0.5712 lr=5.3e-06 (0.82s/step, ~1h32m left)
[step 63240/70000] loss=0.6060 lr=5.3e-06 (0.82s/step, ~1h32m left)
[step 63250/70000] loss=0.5828 lr=5.3e-06 (0.82s/step, ~1h31m left)
[step 63260/70000] loss=0.5935 lr=5.3e-06 (0.81s/step, ~1h31m left)
[step 63270/70000] loss=0.5845 lr=5.3e-06 (0.82s/step, ~1h31m left)
[step 63280/70000] loss=0.5861 lr=5.3e-06 (0.82s/step, ~1h31m left)
[step 63290/70000] loss=0.5981 lr=5.3e-06 (0.81s/step, ~1h31m left)
[step 63300/70000] loss=0.5947 lr=5.3e-06 (0.82s/step, ~1h31m left)
[step 63310/70000] loss=0.5865 lr=5.3e-06 (0.82s/step, ~1h31m left)
[step 63320/70000] loss=0.5852 lr=5.3e-06 (0.82s/step, ~1h31m left)
[step 63330/70000] loss=0.5671 lr=5.3e-06 (0.82s/step, ~1h31m left)
[step 63340/70000] loss=0.5739 lr=5.3e-06 (0.82s/step, ~1h30m left)
[step 63350/70000] loss=0.5711 lr=5.3e-06 (0.81s/step, ~1h30m left)
[step 63360/70000] loss=0.5851 lr=5.3e-06 (0.82s/step, ~1h30m left)
[step 63370/70000] loss=0.5806 lr=5.3e-06 (0.81s/step, ~1h29m left)
[step 63380/70000] loss=0.5721 lr=5.3e-06 (0.82s/step, ~1h30m left)
[step 63390/70000] loss=0.5722 lr=5.3e-06 (0.82s/step, ~1h30m left)
[step 63400/70000] loss=0.5887 lr=5.3e-06 (0.82s/step, ~1h30m left)
[step 63410/70000] loss=0.5790 lr=5.3e-06 (0.82s/step, ~1h29m left)
[step 63420/70000] loss=0.5715 lr=5.3e-06 (0.82s/step, ~1h29m left)
[step 63430/70000] loss=0.5780 lr=5.3e-06 (0.82s/step, ~1h29m left)
[step 63440/70000] loss=0.5869 lr=5.3e-06 (0.82s/step, ~1h29m left)
[step 63450/70000] loss=0.5697 lr=5.3e-06 (0.82s/step, ~1h29m left)
[step 63460/70000] loss=0.5802 lr=5.3e-06 (0.82s/step, ~1h29m left)
[step 63470/70000] loss=0.5751 lr=5.3e-06 (0.83s/step, ~1h29m left)
[step 63480/70000] loss=0.5667 lr=5.3e-06 (0.82s/step, ~1h29m left)
[step 63490/70000] loss=0.5699 lr=5.3e-06 (0.82s/step, ~1h29m left)
[step 63500/70000] loss=0.5847 lr=5.3e-06 (0.82s/step, ~1h28m left)
[step 63510/70000] loss=0.5647 lr=5.3e-06 (0.83s/step, ~1h29m left)
[step 63520/70000] loss=0.5745 lr=5.3e-06 (0.82s/step, ~1h28m left)
[step 63530/70000] loss=0.5851 lr=5.3e-06 (0.82s/step, ~1h28m left)
[step 63540/70000] loss=0.5820 lr=5.3e-06 (0.82s/step, ~1h28m left)
[step 63550/70000] loss=0.5743 lr=5.3e-06 (0.83s/step, ~1h28m left)
[step 63560/70000] loss=0.6067 lr=5.3e-06 (0.82s/step, ~1h28m left)
[step 63570/70000] loss=0.5900 lr=5.3e-06 (0.82s/step, ~1h28m left)
[step 63580/70000] loss=0.5698 lr=5.3e-06 (0.83s/step, ~1h28m left)
[step 63590/70000] loss=0.5728 lr=5.3e-06 (0.82s/step, ~1h27m left)
[step 63600/70000] loss=0.5752 lr=5.3e-06 (0.82s/step, ~1h27m left)
[step 63610/70000] loss=0.5849 lr=5.3e-06 (0.82s/step, ~1h27m left)
[step 63620/70000] loss=0.5887 lr=5.3e-06 (0.82s/step, ~1h27m left)
[step 63630/70000] loss=0.5828 lr=5.3e-06 (0.82s/step, ~1h26m left)
[step 63640/70000] loss=0.5997 lr=5.3e-06 (0.82s/step, ~1h26m left)
[step 63650/70000] loss=0.5814 lr=5.3e-06 (0.82s/step, ~1h26m left)
[step 63660/70000] loss=0.5773 lr=5.3e-06 (0.82s/step, ~1h26m left)
[step 63670/70000] loss=0.5605 lr=5.3e-06 (0.82s/step, ~1h26m left)
[step 63680/70000] loss=0.5763 lr=5.3e-06 (0.82s/step, ~1h26m left)
[step 63690/70000] loss=0.5849 lr=5.3e-06 (0.83s/step, ~1h26m left)
[step 63700/70000] loss=0.5792 lr=5.3e-06 (0.82s/step, ~1h26m left)
[step 63710/70000] loss=0.5715 lr=5.3e-06 (0.82s/step, ~1h26m left)
[step 63720/70000] loss=0.5892 lr=5.3e-06 (0.82s/step, ~1h25m left)
[step 63730/70000] loss=0.5624 lr=5.3e-06 (0.82s/step, ~1h25m left)
[step 63740/70000] loss=0.5892 lr=5.3e-06 (0.82s/step, ~1h25m left)
[step 63750/70000] loss=0.6159 lr=5.3e-06 (0.82s/step, ~1h25m left)
[step 63760/70000] loss=0.5761 lr=5.3e-06 (0.82s/step, ~1h25m left)
[step 63770/70000] loss=0.5734 lr=5.3e-06 (0.82s/step, ~1h25m left)
[step 63780/70000] loss=0.5790 lr=5.3e-06 (0.82s/step, ~1h25m left)
[step 63790/70000] loss=0.5882 lr=5.3e-06 (0.82s/step, ~1h24m left)
[step 63800/70000] loss=0.5816 lr=5.3e-06 (0.82s/step, ~1h25m left)
[step 63810/70000] loss=0.5976 lr=5.3e-06 (0.82s/step, ~1h24m left)
[step 63820/70000] loss=0.5731 lr=5.3e-06 (0.83s/step, ~1h25m left)
[step 63830/70000] loss=0.5763 lr=5.3e-06 (0.82s/step, ~1h24m left)
[step 63840/70000] loss=0.5710 lr=5.3e-06 (0.84s/step, ~1h26m left)
[step 63850/70000] loss=0.5740 lr=5.3e-06 (0.82s/step, ~1h24m left)
[step 63860/70000] loss=0.5805 lr=5.3e-06 (0.82s/step, ~1h24m left)
[step 63870/70000] loss=0.5820 lr=5.3e-06 (0.84s/step, ~1h25m left)
[step 63880/70000] loss=0.5621 lr=5.3e-06 (0.85s/step, ~1h26m left)
[step 63890/70000] loss=0.5762 lr=5.3e-06 (0.84s/step, ~1h25m left)
[step 63900/70000] loss=0.5725 lr=5.3e-06 (0.83s/step, ~1h24m left)
[step 63910/70000] loss=0.5832 lr=5.3e-06 (0.83s/step, ~1h24m left)
[step 63920/70000] loss=0.5697 lr=5.3e-06 (0.84s/step, ~1h24m left)
[step 63930/70000] loss=0.5735 lr=5.3e-06 (0.83s/step, ~1h24m left)
[step 63940/70000] loss=0.5833 lr=5.3e-06 (0.84s/step, ~1h24m left)
[step 63950/70000] loss=0.5766 lr=5.3e-06 (0.83s/step, ~1h23m left)
[step 63960/70000] loss=0.5683 lr=5.3e-06 (0.84s/step, ~1h24m left)
[step 63970/70000] loss=0.5835 lr=5.3e-06 (0.83s/step, ~1h23m left)
[step 63980/70000] loss=0.5877 lr=5.3e-06 (0.85s/step, ~1h25m left)
[step 63990/70000] loss=0.5774 lr=5.3e-06 (0.85s/step, ~1h24m left)
[step 64000/70000] loss=0.5776 lr=5.3e-06 (0.85s/step, ~1h24m left)
[step 64010/70000] loss=0.5944 lr=5.3e-06 (0.84s/step, ~1h23m left)
[step 64020/70000] loss=0.5796 lr=5.3e-06 (0.83s/step, ~1h22m left)
[step 64030/70000] loss=0.5787 lr=5.3e-06 (0.82s/step, ~1h21m left)
[step 64040/70000] loss=0.5931 lr=5.3e-06 (0.83s/step, ~1h22m left)
[step 64050/70000] loss=0.5884 lr=5.3e-06 (0.83s/step, ~1h22m left)
[step 64060/70000] loss=0.6108 lr=5.3e-06 (0.84s/step, ~1h22m left)
[step 64070/70000] loss=0.5680 lr=5.3e-06 (0.84s/step, ~1h22m left)
[step 64080/70000] loss=0.5817 lr=5.3e-06 (0.82s/step, ~1h20m left)
[step 64090/70000] loss=0.5622 lr=5.3e-06 (0.83s/step, ~1h21m left)
[step 64100/70000] loss=0.5802 lr=5.3e-06 (0.83s/step, ~1h21m left)
[step 64110/70000] loss=0.5671 lr=5.3e-06 (0.84s/step, ~1h22m left)
[step 64120/70000] loss=0.6031 lr=5.3e-06 (0.83s/step, ~1h21m left)
[step 64130/70000] loss=0.5762 lr=5.3e-06 (0.83s/step, ~1h21m left)
[step 64140/70000] loss=0.5822 lr=5.3e-06 (0.84s/step, ~1h22m left)
[step 64150/70000] loss=0.5974 lr=5.3e-06 (0.84s/step, ~1h22m left)
[step 64160/70000] loss=0.5600 lr=5.3e-06 (0.82s/step, ~1h19m left)
[step 64170/70000] loss=0.5754 lr=5.3e-06 (0.84s/step, ~1h21m left)
[step 64180/70000] loss=0.5734 lr=5.3e-06 (0.85s/step, ~1h22m left)
[step 64190/70000] loss=0.5694 lr=5.3e-06 (0.84s/step, ~1h21m left)
[step 64200/70000] loss=0.5747 lr=5.3e-06 (0.84s/step, ~1h20m left)
[step 64210/70000] loss=0.5864 lr=5.3e-06 (0.85s/step, ~1h22m left)
[step 64220/70000] loss=0.5769 lr=5.3e-06 (0.82s/step, ~1h19m left)
[step 64230/70000] loss=0.5932 lr=5.3e-06 (0.84s/step, ~1h20m left)
[step 64240/70000] loss=0.5841 lr=5.3e-06 (0.84s/step, ~1h20m left)
[step 64250/70000] loss=0.6027 lr=5.3e-06 (0.85s/step, ~1h21m left)
[step 64260/70000] loss=0.5804 lr=5.3e-06 (0.84s/step, ~1h20m left)
[step 64270/70000] loss=0.5711 lr=5.3e-06 (0.83s/step, ~1h19m left)
[step 64280/70000] loss=0.5721 lr=5.3e-06 (0.82s/step, ~1h18m left)
[step 64290/70000] loss=0.5729 lr=5.3e-06 (0.83s/step, ~1h19m left)
[step 64300/70000] loss=0.5780 lr=5.3e-06 (0.85s/step, ~1h20m left)
[step 64310/70000] loss=0.5726 lr=5.3e-06 (0.83s/step, ~1h18m left)
[step 64320/70000] loss=0.5784 lr=5.3e-06 (0.84s/step, ~1h19m left)
[step 64330/70000] loss=0.5922 lr=5.3e-06 (0.84s/step, ~1h19m left)
[step 64340/70000] loss=0.5737 lr=5.3e-06 (0.83s/step, ~1h18m left)
[step 64350/70000] loss=0.5797 lr=5.3e-06 (0.84s/step, ~1h18m left)
[step 64360/70000] loss=0.5850 lr=5.3e-06 (0.84s/step, ~1h18m left)
[step 64370/70000] loss=0.5729 lr=5.3e-06 (0.85s/step, ~1h19m left)
[step 64380/70000] loss=0.5673 lr=5.3e-06 (0.84s/step, ~1h18m left)
[step 64390/70000] loss=0.5606 lr=5.3e-06 (0.84s/step, ~1h18m left)
[step 64400/70000] loss=0.5889 lr=5.3e-06 (0.85s/step, ~1h19m left)
[step 64410/70000] loss=0.5917 lr=5.3e-06 (0.85s/step, ~1h19m left)
[step 64420/70000] loss=0.5674 lr=5.3e-06 (0.84s/step, ~1h18m left)
[step 64430/70000] loss=0.5967 lr=5.3e-06 (0.84s/step, ~1h18m left)
[step 64440/70000] loss=0.5647 lr=5.3e-06 (0.84s/step, ~1h17m left)
[step 64450/70000] loss=0.5833 lr=5.3e-06 (0.84s/step, ~1h17m left)
[step 64460/70000] loss=0.5632 lr=5.3e-06 (0.86s/step, ~1h19m left)
[step 64470/70000] loss=0.5852 lr=5.3e-06 (0.85s/step, ~1h18m left)
[step 64480/70000] loss=0.5765 lr=5.3e-06 (0.86s/step, ~1h19m left)
[step 64490/70000] loss=0.5841 lr=5.3e-06 (0.84s/step, ~1h17m left)
[step 64500/70000] loss=0.5712 lr=5.3e-06 (0.84s/step, ~1h16m left)
[step 64510/70000] loss=0.5738 lr=5.3e-06 (0.86s/step, ~1h18m left)
[step 64520/70000] loss=0.5696 lr=5.3e-06 (0.84s/step, ~1h16m left)
[step 64530/70000] loss=0.5707 lr=5.3e-06 (0.84s/step, ~1h16m left)
[step 64540/70000] loss=0.5811 lr=5.3e-06 (0.84s/step, ~1h16m left)
[step 64550/70000] loss=0.5862 lr=5.3e-06 (0.84s/step, ~1h16m left)
[step 64560/70000] loss=0.5781 lr=5.3e-06 (0.84s/step, ~1h15m left)
[step 64570/70000] loss=0.5862 lr=5.3e-06 (0.88s/step, ~1h19m left)
[step 64580/70000] loss=0.5809 lr=5.3e-06 (0.84s/step, ~1h15m left)
[step 64590/70000] loss=0.5742 lr=5.3e-06 (0.86s/step, ~1h17m left)
[step 64600/70000] loss=0.5698 lr=5.3e-06 (0.83s/step, ~1h14m left)
[step 64610/70000] loss=0.5788 lr=5.3e-06 (0.85s/step, ~1h16m left)
[step 64620/70000] loss=0.5765 lr=5.3e-06 (0.83s/step, ~1h14m left)
[step 64630/70000] loss=0.5778 lr=5.3e-06 (0.83s/step, ~1h14m left)
[step 64640/70000] loss=0.5823 lr=5.3e-06 (0.82s/step, ~1h12m left)
[step 64650/70000] loss=0.5836 lr=5.3e-06 (0.82s/step, ~1h13m left)
[step 64660/70000] loss=0.5778 lr=5.3e-06 (0.83s/step, ~1h13m left)
[step 64670/70000] loss=0.5820 lr=5.3e-06 (0.83s/step, ~1h13m left)
[step 64680/70000] loss=0.5637 lr=5.3e-06 (0.82s/step, ~1h12m left)
[step 64690/70000] loss=0.5856 lr=5.3e-06 (0.82s/step, ~1h12m left)
[step 64700/70000] loss=0.5806 lr=5.3e-06 (0.85s/step, ~1h14m left)
[step 64710/70000] loss=0.5716 lr=5.3e-06 (0.84s/step, ~1h13m left)
[step 64720/70000] loss=0.5715 lr=5.3e-06 (0.82s/step, ~1h12m left)
[step 64730/70000] loss=0.5670 lr=5.3e-06 (0.86s/step, ~1h15m left)
[step 64740/70000] loss=0.5721 lr=5.3e-06 (0.84s/step, ~1h13m left)
[step 64750/70000] loss=0.5924 lr=5.3e-06 (0.85s/step, ~1h14m left)
[step 64760/70000] loss=0.5841 lr=5.3e-06 (0.85s/step, ~1h14m left)
[step 64770/70000] loss=0.5704 lr=5.3e-06 (0.84s/step, ~1h13m left)
[step 64780/70000] loss=0.5733 lr=5.3e-06 (0.84s/step, ~1h13m left)
[step 64790/70000] loss=0.5952 lr=5.3e-06 (0.85s/step, ~1h13m left)
[step 64800/70000] loss=0.5710 lr=5.3e-06 (0.86s/step, ~1h14m left)
[step 64810/70000] loss=0.5876 lr=5.3e-06 (0.83s/step, ~1h12m left)
[step 64820/70000] loss=0.5825 lr=5.3e-06 (0.84s/step, ~1h12m left)
[step 64830/70000] loss=0.5799 lr=5.3e-06 (0.84s/step, ~1h12m left)
[step 64840/70000] loss=0.6010 lr=5.3e-06 (0.84s/step, ~1h12m left)
[step 64850/70000] loss=0.5723 lr=5.3e-06 (0.87s/step, ~1h14m left)
[step 64860/70000] loss=0.6105 lr=5.3e-06 (0.84s/step, ~1h11m left)
[step 64870/70000] loss=0.5818 lr=5.3e-06 (0.84s/step, ~1h11m left)
[step 64880/70000] loss=0.5639 lr=5.3e-06 (0.86s/step, ~1h13m left)
[step 64890/70000] loss=0.5803 lr=5.3e-06 (0.85s/step, ~1h12m left)
[step 64900/70000] loss=0.5803 lr=5.3e-06 (0.86s/step, ~1h12m left)
[step 64910/70000] loss=0.5679 lr=5.3e-06 (0.86s/step, ~1h13m left)
[step 64920/70000] loss=0.5820 lr=5.3e-06 (0.86s/step, ~1h12m left)
[step 64930/70000] loss=0.5561 lr=5.3e-06 (0.84s/step, ~1h11m left)
[step 64940/70000] loss=0.5919 lr=5.3e-06 (0.86s/step, ~1h12m left)
[step 64950/70000] loss=0.5597 lr=5.3e-06 (0.85s/step, ~1h11m left)
[step 64960/70000] loss=0.5801 lr=5.3e-06 (0.84s/step, ~1h10m left)
[step 64970/70000] loss=0.5725 lr=5.3e-06 (0.88s/step, ~1h13m left)
[step 64980/70000] loss=0.5734 lr=5.3e-06 (0.86s/step, ~1h11m left)
[step 64990/70000] loss=0.5796 lr=5.3e-06 (0.87s/step, ~1h12m left)
[step 65000/70000] loss=0.5793 lr=5.3e-06 (0.86s/step, ~1h11m left)
[eval @ step 65000] val_loss=0.5566 train_loss=0.5770
[saved] runs/finetune_001/step_0065000.pth
[step 65010/70000] loss=0.5769 lr=5.3e-06 (0.87s/step, ~1h12m left)
[step 65020/70000] loss=0.5731 lr=5.3e-06 (0.87s/step, ~1h12m left)
[step 65030/70000] loss=0.5830 lr=5.3e-06 (0.87s/step, ~1h12m left)
[step 65040/70000] loss=0.5633 lr=5.3e-06 (0.86s/step, ~1h11m left)
[step 65050/70000] loss=0.5797 lr=5.3e-06 (0.86s/step, ~1h10m left)
[step 65060/70000] loss=0.5911 lr=5.3e-06 (0.88s/step, ~1h12m left)
[step 65070/70000] loss=0.5796 lr=5.3e-06 (0.86s/step, ~1h10m left)
[step 65080/70000] loss=0.5651 lr=5.3e-06 (0.88s/step, ~1h12m left)
[step 65090/70000] loss=0.5933 lr=5.3e-06 (0.86s/step, ~1h10m left)
[step 65100/70000] loss=0.5627 lr=5.3e-06 (0.86s/step, ~1h10m left)
[step 65110/70000] loss=0.5764 lr=5.3e-06 (0.87s/step, ~1h10m left)
[step 65120/70000] loss=0.5746 lr=5.3e-06 (0.87s/step, ~1h10m left)
[step 65130/70000] loss=0.5659 lr=5.3e-06 (0.86s/step, ~1h09m left)
[step 65140/70000] loss=0.5715 lr=5.3e-06 (0.87s/step, ~1h10m left)
[step 65150/70000] loss=0.5711 lr=5.3e-06 (0.86s/step, ~1h09m left)
[step 65160/70000] loss=0.5785 lr=5.3e-06 (0.89s/step, ~1h11m left)
[step 65170/70000] loss=0.5777 lr=5.3e-06 (0.87s/step, ~1h09m left)
[step 65180/70000] loss=0.5747 lr=5.3e-06 (0.88s/step, ~1h10m left)
[step 65190/70000] loss=0.5848 lr=5.3e-06 (0.87s/step, ~1h09m left)
[step 65200/70000] loss=0.5723 lr=5.3e-06 (0.87s/step, ~1h09m left)
[step 65210/70000] loss=0.5628 lr=5.3e-06 (0.85s/step, ~1h08m left)
[step 65220/70000] loss=0.5604 lr=5.3e-06 (0.85s/step, ~1h08m left)
[step 65230/70000] loss=0.5788 lr=5.3e-06 (0.86s/step, ~1h08m left)
[step 65240/70000] loss=0.5706 lr=5.3e-06 (0.89s/step, ~1h10m left)
[step 65250/70000] loss=0.5834 lr=5.3e-06 (0.86s/step, ~1h08m left)
[step 65260/70000] loss=0.5852 lr=5.3e-06 (0.87s/step, ~1h08m left)
[step 65270/70000] loss=0.6038 lr=5.3e-06 (0.86s/step, ~1h07m left)
[step 65280/70000] loss=0.5669 lr=5.3e-06 (0.85s/step, ~1h06m left)
[step 65290/70000] loss=0.5854 lr=5.3e-06 (0.88s/step, ~1h08m left)
[step 65300/70000] loss=0.5847 lr=5.3e-06 (0.86s/step, ~1h07m left)
[step 65310/70000] loss=0.5805 lr=5.3e-06 (0.84s/step, ~1h05m left)
[step 65320/70000] loss=0.5777 lr=5.3e-06 (0.84s/step, ~1h05m left)
[step 65330/70000] loss=0.5728 lr=5.3e-06 (0.85s/step, ~1h06m left)
[step 65340/70000] loss=0.5767 lr=5.3e-06 (0.86s/step, ~1h06m left)
[step 65350/70000] loss=0.5804 lr=5.3e-06 (0.85s/step, ~1h06m left)
[step 65360/70000] loss=0.5627 lr=5.3e-06 (0.87s/step, ~1h07m left)
[step 65370/70000] loss=0.5682 lr=5.3e-06 (0.88s/step, ~1h07m left)
[step 65380/70000] loss=0.5830 lr=5.3e-06 (0.88s/step, ~1h07m left)
[step 65390/70000] loss=0.5591 lr=5.3e-06 (0.87s/step, ~1h06m left)
[step 65400/70000] loss=0.5844 lr=5.3e-06 (0.86s/step, ~1h06m left)
[step 65410/70000] loss=0.5644 lr=5.3e-06 (0.86s/step, ~1h06m left)
[step 65420/70000] loss=0.5794 lr=5.3e-06 (0.86s/step, ~1h05m left)
[step 65430/70000] loss=0.5865 lr=5.3e-06 (0.87s/step, ~1h06m left)
[step 65440/70000] loss=0.5835 lr=5.3e-06 (0.87s/step, ~1h05m left)
[step 65450/70000] loss=0.5903 lr=5.3e-06 (0.87s/step, ~1h05m left)
[step 65460/70000] loss=0.5794 lr=5.3e-06 (0.87s/step, ~1h05m left)
[step 65470/70000] loss=0.5734 lr=5.3e-06 (0.86s/step, ~1h04m left)
[step 65480/70000] loss=0.5694 lr=5.3e-06 (0.87s/step, ~1h05m left)
[step 65490/70000] loss=0.5680 lr=5.3e-06 (0.86s/step, ~1h04m left)
[step 65500/70000] loss=0.5754 lr=5.3e-06 (0.86s/step, ~1h04m left)
[step 65510/70000] loss=0.5627 lr=5.3e-06 (0.88s/step, ~1h05m left)
[step 65520/70000] loss=0.5815 lr=5.3e-06 (0.85s/step, ~1h03m left)
[step 65530/70000] loss=0.5789 lr=5.3e-06 (0.86s/step, ~1h04m left)
[step 65540/70000] loss=0.5800 lr=5.3e-06 (0.87s/step, ~1h05m left)
[step 65550/70000] loss=0.5736 lr=5.3e-06 (0.87s/step, ~1h04m left)
[step 65560/70000] loss=0.5856 lr=5.3e-06 (0.86s/step, ~1h03m left)
[step 65570/70000] loss=0.6096 lr=5.3e-06 (0.86s/step, ~1h03m left)
[step 65580/70000] loss=0.5746 lr=5.3e-06 (0.87s/step, ~1h04m left)
[step 65590/70000] loss=0.5810 lr=5.3e-06 (0.86s/step, ~1h03m left)
[step 65600/70000] loss=0.5857 lr=5.3e-06 (0.86s/step, ~1h03m left)
[step 65610/70000] loss=0.5767 lr=5.3e-06 (0.88s/step, ~1h04m left)
[step 65620/70000] loss=0.5714 lr=5.3e-06 (0.85s/step, ~1h02m left)
[step 65630/70000] loss=0.5666 lr=5.3e-06 (0.87s/step, ~1h03m left)
[step 65640/70000] loss=0.5631 lr=5.3e-06 (0.87s/step, ~1h03m left)
[step 65650/70000] loss=0.5971 lr=5.3e-06 (0.88s/step, ~1h03m left)
[step 65660/70000] loss=0.5657 lr=5.3e-06 (0.87s/step, ~1h02m left)
[step 65670/70000] loss=0.5727 lr=5.3e-06 (0.88s/step, ~1h03m left)
[step 65680/70000] loss=0.5773 lr=5.3e-06 (0.88s/step, ~1h03m left)
[step 65690/70000] loss=0.5720 lr=5.3e-06 (0.87s/step, ~1h02m left)
[step 65700/70000] loss=0.5838 lr=5.3e-06 (0.87s/step, ~1h02m left)
[step 65710/70000] loss=0.5856 lr=5.3e-06 (0.88s/step, ~1h02m left)
[step 65720/70000] loss=0.5681 lr=5.3e-06 (0.87s/step, ~1h01m left)
[step 65730/70000] loss=0.5751 lr=5.3e-06 (0.87s/step, ~1h02m left)
[step 65740/70000] loss=0.5735 lr=5.3e-06 (0.87s/step, ~1h02m left)
[step 65750/70000] loss=0.5871 lr=5.3e-06 (0.86s/step, ~1h00m left)
[step 65760/70000] loss=0.5889 lr=5.3e-06 (0.88s/step, ~1h02m left)
[step 65770/70000] loss=0.5861 lr=5.3e-06 (0.86s/step, ~1h00m left)
[step 65780/70000] loss=0.5761 lr=5.3e-06 (0.87s/step, ~1h01m left)
[step 65790/70000] loss=0.5735 lr=5.3e-06 (0.87s/step, ~1h01m left)
[step 65800/70000] loss=0.5735 lr=5.3e-06 (0.88s/step, ~1h01m left)
[step 65810/70000] loss=0.5634 lr=5.3e-06 (0.86s/step, ~1h00m left)
[step 65820/70000] loss=0.5566 lr=5.3e-06 (0.86s/step, ~1h00m left)
[step 65830/70000] loss=0.5921 lr=5.3e-06 (0.86s/step, ~59m left)
[step 65840/70000] loss=0.5791 lr=5.3e-06 (0.87s/step, ~1h00m left)
[step 65850/70000] loss=0.5869 lr=5.3e-06 (0.86s/step, ~59m left)
[step 65860/70000] loss=0.5847 lr=5.3e-06 (0.87s/step, ~59m left)
[step 65870/70000] loss=0.5896 lr=5.3e-06 (0.89s/step, ~1h00m left)
[step 65880/70000] loss=0.5703 lr=5.3e-06 (0.85s/step, ~58m left)
[step 65890/70000] loss=0.5773 lr=5.3e-06 (0.87s/step, ~59m left)
[step 65900/70000] loss=0.5789 lr=5.3e-06 (0.87s/step, ~59m left)
[step 65910/70000] loss=0.5667 lr=5.3e-06 (0.86s/step, ~58m left)
[step 65920/70000] loss=0.5913 lr=5.3e-06 (0.86s/step, ~58m left)
[step 65930/70000] loss=0.5873 lr=5.3e-06 (0.85s/step, ~57m left)
[step 65940/70000] loss=0.5757 lr=5.3e-06 (0.87s/step, ~59m left)
[step 65950/70000] loss=0.5658 lr=5.3e-06 (0.85s/step, ~57m left)
[step 65960/70000] loss=0.5714 lr=5.3e-06 (0.87s/step, ~58m left)
[step 65970/70000] loss=0.5726 lr=5.3e-06 (0.86s/step, ~57m left)
[step 65980/70000] loss=0.5604 lr=5.3e-06 (0.87s/step, ~58m left)
[step 65990/70000] loss=0.5701 lr=5.3e-06 (0.87s/step, ~57m left)
[step 66000/70000] loss=0.5608 lr=5.3e-06 (0.86s/step, ~57m left)
[step 66010/70000] loss=0.5835 lr=5.3e-06 (0.88s/step, ~58m left)
[step 66020/70000] loss=0.5771 lr=5.3e-06 (0.87s/step, ~57m left)
[step 66030/70000] loss=0.5738 lr=5.3e-06 (0.87s/step, ~57m left)
[step 66040/70000] loss=0.5691 lr=5.3e-06 (0.85s/step, ~56m left)
[step 66050/70000] loss=0.5805 lr=5.3e-06 (0.87s/step, ~56m left)
[step 66060/70000] loss=0.5611 lr=5.3e-06 (0.82s/step, ~53m left)
[step 66070/70000] loss=0.5707 lr=5.3e-06 (0.82s/step, ~53m left)
[step 66080/70000] loss=0.5755 lr=5.3e-06 (0.82s/step, ~53m left)
[step 66090/70000] loss=0.5970 lr=5.3e-06 (0.82s/step, ~53m left)
[step 66100/70000] loss=0.5750 lr=5.3e-06 (0.81s/step, ~52m left)
[step 66110/70000] loss=0.5691 lr=5.3e-06 (0.81s/step, ~52m left)
[step 66120/70000] loss=0.5802 lr=5.3e-06 (0.82s/step, ~53m left)
[step 66130/70000] loss=0.5746 lr=5.3e-06 (0.82s/step, ~52m left)
[step 66140/70000] loss=0.5941 lr=5.3e-06 (0.81s/step, ~52m left)
[step 66150/70000] loss=0.5742 lr=5.3e-06 (0.81s/step, ~52m left)
[step 66160/70000] loss=0.5753 lr=5.3e-06 (0.82s/step, ~52m left)
[step 66170/70000] loss=0.5715 lr=5.3e-06 (0.81s/step, ~51m left)
[step 66180/70000] loss=0.5897 lr=5.3e-06 (0.81s/step, ~51m left)
[step 66190/70000] loss=0.5752 lr=5.3e-06 (0.81s/step, ~51m left)
[step 66200/70000] loss=0.5672 lr=5.3e-06 (0.82s/step, ~51m left)
[step 66210/70000] loss=0.5854 lr=5.3e-06 (0.81s/step, ~51m left)
[step 66220/70000] loss=0.5956 lr=5.3e-06 (0.81s/step, ~51m left)
[step 66230/70000] loss=0.5617 lr=5.3e-06 (0.81s/step, ~51m left)
[step 66240/70000] loss=0.5958 lr=5.3e-06 (0.82s/step, ~51m left)
[step 66250/70000] loss=0.5879 lr=5.3e-06 (0.82s/step, ~51m left)
[step 66260/70000] loss=0.5756 lr=5.3e-06 (0.82s/step, ~51m left)
[step 66270/70000] loss=0.5757 lr=5.3e-06 (0.82s/step, ~51m left)
[step 66280/70000] loss=0.5931 lr=5.3e-06 (0.82s/step, ~50m left)
[step 66290/70000] loss=0.5677 lr=5.3e-06 (0.82s/step, ~50m left)
[step 66300/70000] loss=0.5724 lr=5.3e-06 (0.82s/step, ~50m left)
[step 66310/70000] loss=0.5787 lr=5.3e-06 (0.82s/step, ~50m left)
[step 66320/70000] loss=0.5878 lr=5.3e-06 (0.82s/step, ~50m left)
[step 66330/70000] loss=0.5898 lr=5.3e-06 (0.82s/step, ~50m left)
[step 66340/70000] loss=0.5774 lr=5.3e-06 (0.82s/step, ~49m left)
[step 66350/70000] loss=0.5892 lr=5.3e-06 (0.82s/step, ~50m left)
[step 66360/70000] loss=0.5565 lr=5.3e-06 (0.82s/step, ~49m left)
[step 66370/70000] loss=0.5737 lr=5.3e-06 (0.82s/step, ~49m left)
[step 66380/70000] loss=0.5691 lr=5.3e-06 (0.82s/step, ~49m left)
[step 66390/70000] loss=0.5924 lr=5.3e-06 (0.82s/step, ~49m left)
[step 66400/70000] loss=0.5660 lr=5.3e-06 (0.82s/step, ~49m left)
[step 66410/70000] loss=0.5855 lr=5.3e-06 (0.82s/step, ~48m left)
[step 66420/70000] loss=0.5780 lr=5.3e-06 (0.82s/step, ~49m left)
[step 66430/70000] loss=0.5847 lr=5.3e-06 (0.82s/step, ~48m left)
[step 66440/70000] loss=0.5845 lr=5.3e-06 (0.82s/step, ~48m left)
[step 66450/70000] loss=0.5745 lr=5.3e-06 (0.82s/step, ~48m left)
[step 66460/70000] loss=0.5638 lr=5.3e-06 (0.83s/step, ~49m left)
[step 66470/70000] loss=0.5740 lr=5.3e-06 (0.82s/step, ~48m left)
[step 66480/70000] loss=0.5761 lr=5.3e-06 (0.82s/step, ~48m left)
[step 66490/70000] loss=0.5671 lr=5.3e-06 (0.82s/step, ~47m left)
[step 66500/70000] loss=0.5658 lr=5.3e-06 (0.82s/step, ~48m left)
[step 66510/70000] loss=0.5761 lr=5.3e-06 (0.82s/step, ~47m left)
[step 66520/70000] loss=0.5755 lr=5.3e-06 (0.82s/step, ~47m left)
[step 66530/70000] loss=0.5717 lr=5.3e-06 (0.82s/step, ~47m left)
[step 66540/70000] loss=0.5755 lr=5.3e-06 (0.82s/step, ~47m left)
[step 66550/70000] loss=0.5858 lr=5.3e-06 (0.82s/step, ~47m left)
[step 66560/70000] loss=0.5643 lr=5.3e-06 (0.82s/step, ~46m left)
[step 66570/70000] loss=0.5752 lr=5.3e-06 (0.82s/step, ~46m left)
[step 66580/70000] loss=0.5857 lr=5.3e-06 (0.82s/step, ~46m left)
[step 66590/70000] loss=0.5706 lr=5.3e-06 (0.82s/step, ~46m left)
[step 66600/70000] loss=0.5702 lr=5.3e-06 (0.82s/step, ~46m left)
[step 66610/70000] loss=0.5693 lr=5.3e-06 (0.82s/step, ~46m left)
[step 66620/70000] loss=0.5693 lr=5.3e-06 (0.82s/step, ~46m left)
[step 66630/70000] loss=0.5605 lr=5.3e-06 (0.82s/step, ~45m left)
[step 66640/70000] loss=0.5963 lr=5.3e-06 (0.82s/step, ~45m left)
[step 66650/70000] loss=0.5684 lr=5.3e-06 (0.82s/step, ~45m left)
[step 66660/70000] loss=0.5709 lr=5.3e-06 (0.82s/step, ~45m left)
[step 66670/70000] loss=0.5789 lr=5.3e-06 (0.82s/step, ~45m left)
[step 66680/70000] loss=0.6087 lr=5.3e-06 (0.82s/step, ~45m left)
[step 66690/70000] loss=0.5663 lr=5.3e-06 (0.83s/step, ~45m left)
[step 66700/70000] loss=0.5908 lr=5.3e-06 (0.82s/step, ~45m left)
[step 66710/70000] loss=0.5599 lr=5.3e-06 (0.82s/step, ~45m left)
[step 66720/70000] loss=0.5778 lr=5.3e-06 (0.82s/step, ~44m left)
[step 66730/70000] loss=0.5892 lr=5.3e-06 (0.83s/step, ~45m left)
[step 66740/70000] loss=0.5798 lr=5.3e-06 (0.82s/step, ~44m left)
[step 66750/70000] loss=0.6043 lr=5.3e-06 (0.82s/step, ~44m left)
[step 66760/70000] loss=0.5870 lr=5.3e-06 (0.82s/step, ~44m left)
[step 66770/70000] loss=0.5824 lr=5.3e-06 (0.82s/step, ~44m left)
[step 66780/70000] loss=0.5921 lr=5.3e-06 (0.82s/step, ~43m left)
[step 66790/70000] loss=0.5624 lr=5.3e-06 (0.82s/step, ~44m left)
[step 66800/70000] loss=0.5805 lr=5.3e-06 (0.83s/step, ~44m left)
[step 66810/70000] loss=0.5967 lr=5.3e-06 (0.85s/step, ~44m left)
[step 66820/70000] loss=0.5873 lr=5.3e-06 (0.84s/step, ~44m left)
[step 66830/70000] loss=0.5859 lr=5.3e-06 (0.85s/step, ~44m left)
[step 66840/70000] loss=0.5845 lr=5.3e-06 (0.84s/step, ~44m left)
[step 66850/70000] loss=0.5903 lr=5.3e-06 (0.86s/step, ~45m left)
[step 66860/70000] loss=0.5780 lr=5.3e-06 (0.84s/step, ~43m left)
[step 66870/70000] loss=0.5761 lr=5.3e-06 (0.86s/step, ~44m left)
[step 66880/70000] loss=0.5794 lr=5.3e-06 (0.85s/step, ~44m left)
[step 66890/70000] loss=0.5788 lr=5.3e-06 (0.84s/step, ~43m left)
[step 66900/70000] loss=0.5705 lr=5.3e-06 (0.86s/step, ~44m left)
[step 66910/70000] loss=0.5647 lr=5.3e-06 (0.85s/step, ~43m left)
[step 66920/70000] loss=0.5791 lr=5.3e-06 (0.84s/step, ~43m left)
[step 66930/70000] loss=0.5945 lr=5.3e-06 (0.86s/step, ~43m left)
[step 66940/70000] loss=0.5636 lr=5.3e-06 (0.86s/step, ~43m left)
[step 66950/70000] loss=0.5930 lr=5.3e-06 (0.84s/step, ~42m left)
[step 66960/70000] loss=0.5650 lr=5.3e-06 (0.87s/step, ~43m left)
[step 66970/70000] loss=0.5879 lr=5.3e-06 (0.85s/step, ~43m left)
[step 66980/70000] loss=0.5799 lr=5.3e-06 (0.88s/step, ~44m left)
[step 66990/70000] loss=0.5691 lr=5.3e-06 (0.87s/step, ~43m left)
[step 67000/70000] loss=0.5712 lr=5.3e-06 (0.86s/step, ~43m left)
[step 67010/70000] loss=0.5623 lr=5.3e-06 (0.86s/step, ~43m left)
[step 67020/70000] loss=0.5669 lr=5.3e-06 (0.86s/step, ~42m left)
[step 67030/70000] loss=0.5675 lr=5.3e-06 (0.88s/step, ~43m left)
[step 67040/70000] loss=0.5826 lr=5.3e-06 (0.85s/step, ~42m left)
[step 67050/70000] loss=0.5722 lr=5.3e-06 (0.85s/step, ~41m left)
[step 67060/70000] loss=0.5878 lr=5.3e-06 (0.87s/step, ~42m left)
[step 67070/70000] loss=0.6053 lr=5.3e-06 (0.86s/step, ~42m left)
[step 67080/70000] loss=0.5967 lr=5.3e-06 (0.85s/step, ~41m left)
[step 67090/70000] loss=0.5831 lr=5.3e-06 (0.86s/step, ~41m left)
[step 67100/70000] loss=0.5819 lr=5.3e-06 (0.87s/step, ~42m left)
[step 67110/70000] loss=0.5790 lr=5.3e-06 (0.86s/step, ~41m left)
[step 67120/70000] loss=0.5664 lr=5.3e-06 (0.86s/step, ~41m left)
[step 67130/70000] loss=0.5792 lr=5.3e-06 (0.88s/step, ~42m left)
[step 67140/70000] loss=0.5747 lr=5.3e-06 (0.87s/step, ~41m left)
[step 67150/70000] loss=0.5744 lr=5.3e-06 (0.86s/step, ~40m left)
[step 67160/70000] loss=0.6072 lr=5.3e-06 (0.86s/step, ~40m left)
[step 67170/70000] loss=0.5730 lr=5.3e-06 (0.88s/step, ~41m left)
[step 67180/70000] loss=0.5751 lr=5.3e-06 (0.86s/step, ~40m left)
[step 67190/70000] loss=0.5603 lr=5.3e-06 (0.86s/step, ~40m left)
[step 67200/70000] loss=0.5842 lr=5.3e-06 (0.87s/step, ~40m left)
[step 67210/70000] loss=0.5749 lr=5.3e-06 (0.86s/step, ~40m left)
[step 67220/70000] loss=0.5804 lr=5.3e-06 (0.85s/step, ~39m left)
[step 67230/70000] loss=0.5642 lr=5.3e-06 (0.89s/step, ~40m left)
[step 67240/70000] loss=0.5931 lr=5.3e-06 (0.86s/step, ~39m left)
[step 67250/70000] loss=0.5669 lr=5.3e-06 (0.87s/step, ~40m left)
[step 67260/70000] loss=0.5860 lr=5.3e-06 (0.86s/step, ~39m left)
[step 67270/70000] loss=0.5783 lr=5.3e-06 (0.87s/step, ~39m left)
[step 67280/70000] loss=0.5835 lr=5.3e-06 (0.86s/step, ~38m left)
[step 67290/70000] loss=0.5787 lr=5.3e-06 (0.86s/step, ~38m left)
[step 67300/70000] loss=0.5797 lr=5.3e-06 (0.88s/step, ~39m left)
[step 67310/70000] loss=0.5719 lr=5.3e-06 (0.86s/step, ~38m left)
[step 67320/70000] loss=0.5802 lr=5.3e-06 (0.85s/step, ~38m left)
[step 67330/70000] loss=0.5700 lr=5.3e-06 (0.85s/step, ~37m left)
[step 67340/70000] loss=0.5701 lr=5.3e-06 (0.88s/step, ~38m left)
[step 67350/70000] loss=0.5623 lr=5.3e-06 (0.85s/step, ~37m left)
[step 67360/70000] loss=0.5725 lr=5.3e-06 (0.86s/step, ~37m left)
[step 67370/70000] loss=0.5724 lr=5.3e-06 (0.87s/step, ~38m left)
[step 67380/70000] loss=0.5905 lr=5.3e-06 (0.86s/step, ~37m left)
[step 67390/70000] loss=0.5955 lr=5.3e-06 (0.87s/step, ~38m left)
[step 67400/70000] loss=0.5713 lr=5.3e-06 (0.85s/step, ~36m left)
[step 67410/70000] loss=0.5765 lr=5.3e-06 (0.86s/step, ~37m left)
[step 67420/70000] loss=0.5734 lr=5.3e-06 (0.87s/step, ~37m left)
[step 67430/70000] loss=0.5777 lr=5.3e-06 (0.87s/step, ~37m left)
[step 67440/70000] loss=0.5670 lr=5.3e-06 (0.85s/step, ~36m left)
[step 67450/70000] loss=0.5808 lr=5.3e-06 (0.87s/step, ~36m left)
[step 67460/70000] loss=0.5881 lr=5.3e-06 (0.86s/step, ~36m left)
[step 67470/70000] loss=0.5850 lr=5.3e-06 (0.86s/step, ~36m left)
[step 67480/70000] loss=0.5655 lr=5.3e-06 (0.85s/step, ~35m left)
[step 67490/70000] loss=0.5915 lr=5.3e-06 (0.87s/step, ~36m left)
[step 67500/70000] loss=0.5797 lr=5.3e-06 (0.86s/step, ~35m left)
[eval @ step 67500] val_loss=0.5552 train_loss=0.5820
[saved] runs/finetune_001/step_0067500.pth
[step 67510/70000] loss=0.5648 lr=5.3e-06 (0.86s/step, ~35m left)
[step 67520/70000] loss=0.5729 lr=5.3e-06 (0.86s/step, ~35m left)
[step 67530/70000] loss=0.5729 lr=5.3e-06 (0.86s/step, ~35m left)
[step 67540/70000] loss=0.5674 lr=5.3e-06 (0.86s/step, ~35m left)
[step 67550/70000] loss=0.5774 lr=5.3e-06 (0.86s/step, ~35m left)
[step 67560/70000] loss=0.5847 lr=5.3e-06 (0.86s/step, ~34m left)
[step 67570/70000] loss=0.5528 lr=5.3e-06 (0.86s/step, ~34m left)
[step 67580/70000] loss=0.5677 lr=5.3e-06 (0.87s/step, ~35m left)
[step 67590/70000] loss=0.5737 lr=5.3e-06 (0.86s/step, ~34m left)
[step 67600/70000] loss=0.5651 lr=5.3e-06 (0.87s/step, ~34m left)
[step 67610/70000] loss=0.5772 lr=5.3e-06 (0.87s/step, ~34m left)
[step 67620/70000] loss=0.5641 lr=5.3e-06 (0.93s/step, ~36m left)
[step 67630/70000] loss=0.5706 lr=5.3e-06 (0.91s/step, ~35m left)
[step 67640/70000] loss=0.5632 lr=5.3e-06 (0.92s/step, ~36m left)
[step 67650/70000] loss=0.5781 lr=5.3e-06 (0.91s/step, ~35m left)
[step 67660/70000] loss=0.5727 lr=5.3e-06 (0.91s/step, ~35m left)
[step 67670/70000] loss=0.5648 lr=5.3e-06 (0.93s/step, ~36m left)
[step 67680/70000] loss=0.5908 lr=5.3e-06 (0.91s/step, ~35m left)
[step 67690/70000] loss=0.5925 lr=5.3e-06 (0.92s/step, ~35m left)
[step 67700/70000] loss=0.5757 lr=5.3e-06 (0.91s/step, ~34m left)
[step 67710/70000] loss=0.6041 lr=5.3e-06 (0.91s/step, ~34m left)
[step 67720/70000] loss=0.5764 lr=5.3e-06 (0.91s/step, ~34m left)
[step 67730/70000] loss=0.5757 lr=5.3e-06 (0.91s/step, ~34m left)
[step 67740/70000] loss=0.5793 lr=5.3e-06 (0.89s/step, ~33m left)
[step 67750/70000] loss=0.5690 lr=5.3e-06 (0.91s/step, ~34m left)
[step 67760/70000] loss=0.5785 lr=5.3e-06 (0.91s/step, ~34m left)
[step 67770/70000] loss=0.5861 lr=5.3e-06 (0.93s/step, ~34m left)
[step 67780/70000] loss=0.5783 lr=5.3e-06 (0.91s/step, ~33m left)
[step 67790/70000] loss=0.5630 lr=5.3e-06 (0.92s/step, ~33m left)
[step 67800/70000] loss=0.5690 lr=5.3e-06 (0.93s/step, ~34m left)
[step 67810/70000] loss=0.5824 lr=5.3e-06 (0.91s/step, ~33m left)
[step 67820/70000] loss=0.5697 lr=5.3e-06 (0.93s/step, ~33m left)
[step 67830/70000] loss=0.5971 lr=5.3e-06 (0.91s/step, ~32m left)
[step 67840/70000] loss=0.5692 lr=5.3e-06 (0.92s/step, ~33m left)
[step 67850/70000] loss=0.5830 lr=5.3e-06 (0.92s/step, ~32m left)
[step 67860/70000] loss=0.5742 lr=5.3e-06 (0.93s/step, ~33m left)
[step 67870/70000] loss=0.5862 lr=5.3e-06 (0.91s/step, ~32m left)
[step 67880/70000] loss=0.5786 lr=5.3e-06 (0.92s/step, ~32m left)
[step 67890/70000] loss=0.5790 lr=5.3e-06 (0.91s/step, ~31m left)
[step 67900/70000] loss=0.5770 lr=5.3e-06 (0.91s/step, ~32m left)
[step 67910/70000] loss=0.5560 lr=5.3e-06 (0.92s/step, ~32m left)
[step 67920/70000] loss=0.5634 lr=5.3e-06 (0.92s/step, ~32m left)
[step 67930/70000] loss=0.5667 lr=5.3e-06 (0.91s/step, ~31m left)
[step 67940/70000] loss=0.5687 lr=5.3e-06 (0.90s/step, ~31m left)
[step 67950/70000] loss=0.5774 lr=5.3e-06 (0.92s/step, ~31m left)
[step 67960/70000] loss=0.5768 lr=5.3e-06 (0.91s/step, ~31m left)
[step 67970/70000] loss=0.5698 lr=5.3e-06 (0.90s/step, ~30m left)
[step 67980/70000] loss=0.5817 lr=5.3e-06 (0.92s/step, ~30m left)
[step 67990/70000] loss=0.5783 lr=5.3e-06 (0.90s/step, ~30m left)
[step 68000/70000] loss=0.5777 lr=5.3e-06 (0.91s/step, ~30m left)
[step 68010/70000] loss=0.5944 lr=5.3e-06 (0.92s/step, ~30m left)
[step 68020/70000] loss=0.5700 lr=5.3e-06 (0.91s/step, ~29m left)
[step 68030/70000] loss=0.5753 lr=5.3e-06 (0.91s/step, ~29m left)
[step 68040/70000] loss=0.5776 lr=5.3e-06 (0.91s/step, ~29m left)
[step 68050/70000] loss=0.5930 lr=5.3e-06 (0.89s/step, ~28m left)
[step 68060/70000] loss=0.5692 lr=5.3e-06 (0.93s/step, ~29m left)
[step 68070/70000] loss=0.5660 lr=5.3e-06 (0.92s/step, ~29m left)
[step 68080/70000] loss=0.5831 lr=5.3e-06 (0.92s/step, ~29m left)
[step 68090/70000] loss=0.5627 lr=5.3e-06 (0.95s/step, ~30m left)
[step 68100/70000] loss=0.5662 lr=5.3e-06 (0.91s/step, ~28m left)
[step 68110/70000] loss=0.5877 lr=5.3e-06 (0.92s/step, ~29m left)
[step 68120/70000] loss=0.5577 lr=5.3e-06 (0.89s/step, ~27m left)
[step 68130/70000] loss=0.5587 lr=5.3e-06 (0.91s/step, ~28m left)
[step 68140/70000] loss=0.5907 lr=5.3e-06 (0.90s/step, ~27m left)
[step 68150/70000] loss=0.5803 lr=5.3e-06 (0.91s/step, ~28m left)
[step 68160/70000] loss=0.5650 lr=5.3e-06 (0.92s/step, ~28m left)
[step 68170/70000] loss=0.5666 lr=5.3e-06 (0.92s/step, ~28m left)
[step 68180/70000] loss=0.5721 lr=5.3e-06 (0.89s/step, ~26m left)
[step 68190/70000] loss=0.5643 lr=5.3e-06 (0.89s/step, ~26m left)
[step 68200/70000] loss=0.5580 lr=5.3e-06 (0.91s/step, ~27m left)
[step 68210/70000] loss=0.5874 lr=5.3e-06 (0.90s/step, ~26m left)
[step 68220/70000] loss=0.5896 lr=5.3e-06 (0.90s/step, ~26m left)
[step 68230/70000] loss=0.5688 lr=5.3e-06 (0.90s/step, ~26m left)
[step 68240/70000] loss=0.5802 lr=5.3e-06 (0.92s/step, ~26m left)
[step 68250/70000] loss=0.5912 lr=5.3e-06 (0.91s/step, ~26m left)
[step 68260/70000] loss=0.5919 lr=5.3e-06 (0.90s/step, ~26m left)
[step 68270/70000] loss=0.5816 lr=5.3e-06 (0.92s/step, ~26m left)
[step 68280/70000] loss=0.5618 lr=5.3e-06 (0.91s/step, ~26m left)
[step 68290/70000] loss=0.5808 lr=5.3e-06 (0.91s/step, ~25m left)
[step 68300/70000] loss=0.5897 lr=5.3e-06 (0.91s/step, ~25m left)
[step 68310/70000] loss=0.5590 lr=5.3e-06 (0.91s/step, ~25m left)
[step 68320/70000] loss=0.5857 lr=5.3e-06 (0.92s/step, ~25m left)
[step 68330/70000] loss=0.5914 lr=5.3e-06 (0.90s/step, ~24m left)
[step 68340/70000] loss=0.5705 lr=5.3e-06 (0.91s/step, ~25m left)
[step 68350/70000] loss=0.5625 lr=5.3e-06 (0.91s/step, ~25m left)
[step 68360/70000] loss=0.5872 lr=5.3e-06 (0.91s/step, ~24m left)
[step 68370/70000] loss=0.5607 lr=5.3e-06 (0.93s/step, ~25m left)
[step 68380/70000] loss=0.5772 lr=5.3e-06 (0.91s/step, ~24m left)
[step 68390/70000] loss=0.5721 lr=5.3e-06 (0.91s/step, ~24m left)
[step 68400/70000] loss=0.5967 lr=5.3e-06 (0.90s/step, ~24m left)
[step 68410/70000] loss=0.5835 lr=5.3e-06 (0.91s/step, ~24m left)
[step 68420/70000] loss=0.5793 lr=5.3e-06 (0.93s/step, ~24m left)
[step 68430/70000] loss=0.5666 lr=5.3e-06 (0.90s/step, ~23m left)
[step 68440/70000] loss=0.5931 lr=5.3e-06 (0.90s/step, ~23m left)
[step 68450/70000] loss=0.5703 lr=5.3e-06 (0.89s/step, ~23m left)
[step 68460/70000] loss=0.5580 lr=5.3e-06 (0.91s/step, ~23m left)
[step 68470/70000] loss=0.5938 lr=5.3e-06 (0.93s/step, ~23m left)
[step 68480/70000] loss=0.5630 lr=5.3e-06 (0.92s/step, ~23m left)
[step 68490/70000] loss=0.5782 lr=5.3e-06 (0.91s/step, ~22m left)
[step 68500/70000] loss=0.5635 lr=5.3e-06 (0.91s/step, ~22m left)
[step 68510/70000] loss=0.5849 lr=5.3e-06 (0.90s/step, ~22m left)
[step 68520/70000] loss=0.5769 lr=5.3e-06 (0.89s/step, ~21m left)
[step 68530/70000] loss=0.5719 lr=5.3e-06 (0.92s/step, ~22m left)
[step 68540/70000] loss=0.5873 lr=5.3e-06 (0.90s/step, ~21m left)
[step 68550/70000] loss=0.5725 lr=5.3e-06 (0.89s/step, ~21m left)
[step 68560/70000] loss=0.5856 lr=5.3e-06 (0.90s/step, ~21m left)
[step 68570/70000] loss=0.5773 lr=5.3e-06 (0.92s/step, ~21m left)
[step 68580/70000] loss=0.5620 lr=5.3e-06 (0.92s/step, ~21m left)
[step 68590/70000] loss=0.5699 lr=5.3e-06 (0.91s/step, ~21m left)
[step 68600/70000] loss=0.5819 lr=5.3e-06 (0.91s/step, ~21m left)
[step 68610/70000] loss=0.5748 lr=5.3e-06 (0.92s/step, ~21m left)
[step 68620/70000] loss=0.5686 lr=5.3e-06 (0.92s/step, ~21m left)
[step 68630/70000] loss=0.5804 lr=5.3e-06 (0.89s/step, ~20m left)
[step 68640/70000] loss=0.5831 lr=5.3e-06 (0.90s/step, ~20m left)
[step 68650/70000] loss=0.5634 lr=5.3e-06 (0.93s/step, ~21m left)
[step 68660/70000] loss=0.5786 lr=5.3e-06 (0.91s/step, ~20m left)
[step 68670/70000] loss=0.5775 lr=5.3e-06 (0.90s/step, ~20m left)
[step 68680/70000] loss=0.5806 lr=5.3e-06 (0.91s/step, ~19m left)
[step 68690/70000] loss=0.5687 lr=5.3e-06 (0.91s/step, ~19m left)
[step 68700/70000] loss=0.5818 lr=5.3e-06 (0.90s/step, ~19m left)
[step 68710/70000] loss=0.5719 lr=5.3e-06 (0.90s/step, ~19m left)
[step 68720/70000] loss=0.5913 lr=5.3e-06 (0.91s/step, ~19m left)
[step 68730/70000] loss=0.5563 lr=5.3e-06 (0.91s/step, ~19m left)
[step 68740/70000] loss=0.5852 lr=5.3e-06 (0.89s/step, ~18m left)
[step 68750/70000] loss=0.5922 lr=5.3e-06 (0.92s/step, ~19m left)
[step 68760/70000] loss=0.5780 lr=5.3e-06 (0.91s/step, ~18m left)
[step 68770/70000] loss=0.5658 lr=5.3e-06 (0.92s/step, ~18m left)
[step 68780/70000] loss=0.5630 lr=5.3e-06 (0.91s/step, ~18m left)
[step 68790/70000] loss=0.5787 lr=5.3e-06 (0.91s/step, ~18m left)
[step 68800/70000] loss=0.5708 lr=5.3e-06 (0.90s/step, ~17m left)
[step 68810/70000] loss=0.5764 lr=5.3e-06 (0.90s/step, ~17m left)
[step 68820/70000] loss=0.5858 lr=5.3e-06 (0.92s/step, ~18m left)
[step 68830/70000] loss=0.5685 lr=5.3e-06 (0.90s/step, ~17m left)
[step 68840/70000] loss=0.5811 lr=5.3e-06 (0.90s/step, ~17m left)
[step 68850/70000] loss=0.5762 lr=5.3e-06 (0.92s/step, ~17m left)
[step 68860/70000] loss=0.6080 lr=5.3e-06 (0.92s/step, ~17m left)
[step 68870/70000] loss=0.5781 lr=5.3e-06 (0.89s/step, ~16m left)
[step 68880/70000] loss=0.5822 lr=5.3e-06 (0.90s/step, ~16m left)
[step 68890/70000] loss=0.5818 lr=5.3e-06 (0.88s/step, ~16m left)
[step 68900/70000] loss=0.5825 lr=5.3e-06 (0.92s/step, ~16m left)
[step 68910/70000] loss=0.5785 lr=5.3e-06 (0.90s/step, ~16m left)
[step 68920/70000] loss=0.5654 lr=5.3e-06 (0.90s/step, ~16m left)
[step 68930/70000] loss=0.5712 lr=5.3e-06 (0.89s/step, ~15m left)
[step 68940/70000] loss=0.5644 lr=5.3e-06 (0.90s/step, ~15m left)
[step 68950/70000] loss=0.5714 lr=5.3e-06 (0.92s/step, ~16m left)
[step 68960/70000] loss=0.5964 lr=5.3e-06 (0.87s/step, ~15m left)
[step 68970/70000] loss=0.5672 lr=5.3e-06 (0.85s/step, ~14m left)
[step 68980/70000] loss=0.5641 lr=5.3e-06 (0.86s/step, ~14m left)
[step 68990/70000] loss=0.5934 lr=5.3e-06 (0.84s/step, ~14m left)
[step 69000/70000] loss=0.5655 lr=5.3e-06 (0.86s/step, ~14m left)
[step 69010/70000] loss=0.5880 lr=5.3e-06 (0.86s/step, ~14m left)
[step 69020/70000] loss=0.5622 lr=5.3e-06 (0.85s/step, ~13m left)
[step 69030/70000] loss=0.5712 lr=5.3e-06 (0.87s/step, ~13m left)
[step 69040/70000] loss=0.5698 lr=5.3e-06 (0.86s/step, ~13m left)
[step 69050/70000] loss=0.5658 lr=5.3e-06 (0.86s/step, ~13m left)
[step 69060/70000] loss=0.5777 lr=5.3e-06 (0.85s/step, ~13m left)
[step 69070/70000] loss=0.5992 lr=5.3e-06 (0.86s/step, ~13m left)
[step 69080/70000] loss=0.5659 lr=5.3e-06 (0.85s/step, ~13m left)
[step 69090/70000] loss=0.5779 lr=5.3e-06 (0.84s/step, ~12m left)
[step 69100/70000] loss=0.5987 lr=5.3e-06 (0.86s/step, ~12m left)
[step 69110/70000] loss=0.5611 lr=5.3e-06 (0.85s/step, ~12m left)
[step 69120/70000] loss=0.5692 lr=5.3e-06 (0.84s/step, ~12m left)
[step 69130/70000] loss=0.5771 lr=5.3e-06 (0.84s/step, ~12m left)
[step 69140/70000] loss=0.5730 lr=5.3e-06 (0.86s/step, ~12m left)
[step 69150/70000] loss=0.5679 lr=5.3e-06 (0.85s/step, ~12m left)
[step 69160/70000] loss=0.5664 lr=5.3e-06 (0.86s/step, ~12m left)
[step 69170/70000] loss=0.5698 lr=5.3e-06 (0.86s/step, ~11m left)
[step 69180/70000] loss=0.5846 lr=5.3e-06 (0.86s/step, ~11m left)
[step 69190/70000] loss=0.5776 lr=5.3e-06 (0.85s/step, ~11m left)
[step 69200/70000] loss=0.5719 lr=5.3e-06 (0.85s/step, ~11m left)
[step 69210/70000] loss=0.5658 lr=5.3e-06 (0.82s/step, ~10m left)
[step 69220/70000] loss=0.5786 lr=5.3e-06 (0.82s/step, ~10m left)
[step 69230/70000] loss=0.5775 lr=5.3e-06 (0.81s/step, ~10m left)
[step 69240/70000] loss=0.5732 lr=5.3e-06 (0.82s/step, ~10m left)
[step 69250/70000] loss=0.5768 lr=5.3e-06 (0.82s/step, ~10m left)
[step 69260/70000] loss=0.5762 lr=5.3e-06 (0.82s/step, ~10m left)
[step 69270/70000] loss=0.5646 lr=5.3e-06 (0.82s/step, ~9m left)
[step 69280/70000] loss=0.5871 lr=5.3e-06 (0.82s/step, ~9m left)
[step 69290/70000] loss=0.5784 lr=5.3e-06 (0.83s/step, ~9m left)
[step 69300/70000] loss=0.5897 lr=5.3e-06 (0.82s/step, ~9m left)
[step 69310/70000] loss=0.5823 lr=5.3e-06 (0.82s/step, ~9m left)
[step 69320/70000] loss=0.5730 lr=5.3e-06 (0.82s/step, ~9m left)
[step 69330/70000] loss=0.5868 lr=5.3e-06 (0.82s/step, ~9m left)
[step 69340/70000] loss=0.5700 lr=5.3e-06 (0.82s/step, ~8m left)
[step 69350/70000] loss=0.5781 lr=5.3e-06 (0.82s/step, ~8m left)
[step 69360/70000] loss=0.5886 lr=5.3e-06 (0.82s/step, ~8m left)
[step 69370/70000] loss=0.5798 lr=5.3e-06 (0.82s/step, ~8m left)
[step 69380/70000] loss=0.5613 lr=5.3e-06 (0.82s/step, ~8m left)
[step 69390/70000] loss=0.5688 lr=5.3e-06 (0.82s/step, ~8m left)
[step 69400/70000] loss=0.5755 lr=5.3e-06 (0.81s/step, ~8m left)
[step 69410/70000] loss=0.6021 lr=5.3e-06 (0.82s/step, ~8m left)
[step 69420/70000] loss=0.5879 lr=5.3e-06 (0.82s/step, ~7m left)
[step 69430/70000] loss=0.5782 lr=5.3e-06 (0.82s/step, ~7m left)
[step 69440/70000] loss=0.5868 lr=5.3e-06 (0.82s/step, ~7m left)
[step 69450/70000] loss=0.5784 lr=5.3e-06 (0.82s/step, ~7m left)
[step 69460/70000] loss=0.5749 lr=5.3e-06 (0.82s/step, ~7m left)
[step 69470/70000] loss=0.5912 lr=5.3e-06 (0.82s/step, ~7m left)
[step 69480/70000] loss=0.5677 lr=5.3e-06 (0.81s/step, ~7m left)
[step 69490/70000] loss=0.5859 lr=5.3e-06 (0.82s/step, ~6m left)
[step 69500/70000] loss=0.5783 lr=5.3e-06 (0.82s/step, ~6m left)
[step 69510/70000] loss=0.5735 lr=5.3e-06 (0.82s/step, ~6m left)
[step 69520/70000] loss=0.5770 lr=5.3e-06 (0.82s/step, ~6m left)
[step 69530/70000] loss=0.5828 lr=5.3e-06 (0.82s/step, ~6m left)
[step 69540/70000] loss=0.5643 lr=5.3e-06 (0.82s/step, ~6m left)
[step 69550/70000] loss=0.5881 lr=5.3e-06 (0.82s/step, ~6m left)
[step 69560/70000] loss=0.5833 lr=5.3e-06 (0.82s/step, ~6m left)
[step 69570/70000] loss=0.5817 lr=5.3e-06 (0.82s/step, ~5m left)
[step 69580/70000] loss=0.5610 lr=5.3e-06 (0.82s/step, ~5m left)
[step 69590/70000] loss=0.5700 lr=5.3e-06 (0.82s/step, ~5m left)
[step 69600/70000] loss=0.5843 lr=5.3e-06 (0.83s/step, ~5m left)
[step 69610/70000] loss=0.5591 lr=5.3e-06 (0.82s/step, ~5m left)
[step 69620/70000] loss=0.5884 lr=5.3e-06 (0.82s/step, ~5m left)
[step 69630/70000] loss=0.5918 lr=5.3e-06 (0.82s/step, ~5m left)
[step 69640/70000] loss=0.5647 lr=5.3e-06 (0.82s/step, ~4m left)
[step 69650/70000] loss=0.5682 lr=5.3e-06 (0.82s/step, ~4m left)
[step 69660/70000] loss=0.5779 lr=5.3e-06 (0.81s/step, ~4m left)
[step 69670/70000] loss=0.5604 lr=5.3e-06 (0.82s/step, ~4m left)
[step 69680/70000] loss=0.5778 lr=5.3e-06 (0.81s/step, ~4m left)
[step 69690/70000] loss=0.5969 lr=5.3e-06 (0.82s/step, ~4m left)
[step 69700/70000] loss=0.5808 lr=5.3e-06 (0.82s/step, ~4m left)
[step 69710/70000] loss=0.5938 lr=5.3e-06 (0.82s/step, ~3m left)
[step 69720/70000] loss=0.5839 lr=5.3e-06 (0.82s/step, ~3m left)
[step 69730/70000] loss=0.5700 lr=5.3e-06 (0.82s/step, ~3m left)
[step 69740/70000] loss=0.5643 lr=5.3e-06 (0.82s/step, ~3m left)
[step 69750/70000] loss=0.5670 lr=5.3e-06 (0.83s/step, ~3m left)
[step 69760/70000] loss=0.6070 lr=5.3e-06 (0.82s/step, ~3m left)
[step 69770/70000] loss=0.5884 lr=5.3e-06 (0.82s/step, ~3m left)
[step 69780/70000] loss=0.5813 lr=5.3e-06 (0.82s/step, ~2m left)
[step 69790/70000] loss=0.5699 lr=5.3e-06 (0.82s/step, ~2m left)
[step 69800/70000] loss=0.5957 lr=5.3e-06 (0.82s/step, ~2m left)
[step 69810/70000] loss=0.5948 lr=5.3e-06 (0.81s/step, ~2m left)
[step 69820/70000] loss=0.5970 lr=5.3e-06 (0.82s/step, ~2m left)
[step 69830/70000] loss=0.5968 lr=5.3e-06 (0.82s/step, ~2m left)
[step 69840/70000] loss=0.5593 lr=5.3e-06 (0.81s/step, ~2m left)
[step 69850/70000] loss=0.5828 lr=5.3e-06 (0.81s/step, ~2m left)
[step 69860/70000] loss=0.5988 lr=5.3e-06 (0.82s/step, ~1m left)
[step 69870/70000] loss=0.5728 lr=5.3e-06 (0.81s/step, ~1m left)
[step 69880/70000] loss=0.5713 lr=5.3e-06 (0.82s/step, ~1m left)
[step 69890/70000] loss=0.5802 lr=5.3e-06 (0.82s/step, ~1m left)
[step 69900/70000] loss=0.5772 lr=5.3e-06 (0.82s/step, ~1m left)
[step 69910/70000] loss=0.5794 lr=5.3e-06 (0.82s/step, ~1m left)
[step 69920/70000] loss=0.5836 lr=5.3e-06 (0.82s/step, ~1m left)
[step 69930/70000] loss=0.5634 lr=5.3e-06 (0.82s/step, ~0m left)
[step 69940/70000] loss=0.5775 lr=5.3e-06 (0.82s/step, ~0m left)
[step 69950/70000] loss=0.5598 lr=5.3e-06 (0.82s/step, ~0m left)
[step 69960/70000] loss=0.5731 lr=5.3e-06 (0.81s/step, ~0m left)
[step 69970/70000] loss=0.5871 lr=5.3e-06 (0.82s/step, ~0m left)
[step 69980/70000] loss=0.5768 lr=5.3e-06 (0.82s/step, ~0m left)
[step 69990/70000] loss=0.5872 lr=5.3e-06 (0.82s/step, ~0m left)
[lr decay @ step 70000] lr=4.78e-06
[step 70000/70000] loss=0.5619 lr=4.8e-06 (0.81s/step, ~0m left)
[eval @ step 70000] val_loss=0.5557 train_loss=0.5772
[saved] runs/finetune_001/step_0070000.pth
Training complete. Final checkpoint: runs/finetune_001/step_0070000_final.pth
